
      {
      "html": {
                  
                
                      "LS6B5VARKIXRU5L3EZG2ITR7WEM": {
                            "data": {
                                "content": "Lorem ipsum, dolor sit amet consectetur adipisicing elit. Blanditiis corporis accusantium ullam nihil culpa, unde veritatis amet! Recusandae eligendi magnam excepturi temporibus quod expedita aspernatur iure incidunt, ut ratione. Sequi.",
                                "classes": "html-content-text"
                            }
                             
                        }
                      ,
                
                      "L7YSF5ET5DQFUDGEJAPNRPSL5S4": {
                            "data": {
                                "content": "Lorem ipsum, dolor sit amet consectetur adipisicing elit.",
                                "classes": "html-content-text"
                            }
                             
                        }
                      ,
                
                      "LZ36OOQFO3EGE5FCZUE32Y7HY2M": {
                            "data": {
                                "content": "Lorem ipsum, dolor sit amet consectetur adipisicing elit.",
                                "classes": "html-content-text"
                            }
                             
                        }
                      ,
                
                      "L6UOIUXA5PH3EBOAHKHIIATDHSU": {
                            "data": {
                                "content": "&nbsp;",
                                "classes": "html-content-text"
                            }
                             
                        }
                      ,
                
                      "LM3YYOJODNOYULOV6CIFONFKFL4": {
                            "data": {
                                "content": "Lorem ipsum dolor sit amet consectetur adipisicing elit. Nam itaque blanditiis necessitatibus, cum cupiditate aliquam molestiae est. Provident repudiandae beatae cumque delectus error deserunt voluptatum quidem ducimus pariatur libero! Provident?",
                                "classes": "html-content-text"
                            }
                             
                        }
                      ,
                
                      "LRG7MWPRALE5E3JQHWV565D2ZQE": {
                            "data": {
                                "content": "Lorem ipsum dolor sit amet consectetur adipisicing elit. Nam itaque blanditiis necessitatibus, cum cupiditate aliquam molestiae est. Provident repudiandae beatae cumque delectus error deserunt voluptatum quidem ducimus pariatur libero! Provident?",
                                "classes": "html-content-text"
                            }
                             
                        }
                      ,
                
                      "LFWZVZZKK5HNUVI7ONGLYHHJL5Y": {
                            "data": {
                                "content": "Lorem ipsum dolor sit amet consectetur adipisicing elit. Nam itaque blanditiis necessitatibus, cum cupiditate aliquam molestiae est. Provident repudiandae beatae cumque delectus error deserunt voluptatum quidem ducimus pariatur libero! Provident?",
                                "classes": "html-content-text"
                            }
                             
                        }
                      ,
                
                      "LMWJL4ATJ34KU7OW6TVYC44YM6A": {
                            "data": {
                                "content": "Text here",
                                "classes": "html-content-text"
                            }
                             
                        }
                      ,
                
                      "LYFRBW7LZ3UMUDMVAAFFJT3CQRI": {
                            "data": {
                                "content": "Text here",
                                "classes": "html-content-text"
                            }
                             
                        }
                      ,
                
                      "LFG7CLHQW3IUULL6WBIBLDECSQA": {
                            "data": {
                                "content": "Text here",
                                "classes": "html-content-text"
                            }
                             
                        }
                      ,
                
                      "LDJFX34QP4DRE3JQIB3G42W36E4": {
                            "data": {
                                "content": "Question statement goes here.",
                                "classes": "html-content-text"
                            }
                             
                        }
                      ,
                
                      "LNKKAQ3P7VMMURNVQTL2SVUF4LA": {
                            "data": {
                                "content": "Correct",
                                "classes": "html-content-text"
                            }
                             
                        }
                      ,
                
                      "LBNBZT7UDGMYEDJ5647CYYBRHVI": {
                            "data": {
                                "content": "Feedback goes here.",
                                "classes": "html-content-text"
                            }
                             
                        }
                      ,
                
                      "LLTRYBYMN4WYU5KVD4SGLXK6LGQ": {
                            "data": {
                                "content": "Correct",
                                "classes": "html-content-text"
                            }
                             
                        }
                      ,
                
                      "L6L4UUKP4Z6AEZIBIPDISWSFUIQ": {
                            "data": {
                                "content": "Feedback goes here.",
                                "classes": "html-content-text"
                            }
                             
                        }
                      ,
                
                      "LRIKC6CDO6QUURECFZQWSNYP6A4": {
                            "data": {
                                "content": "Incorrect",
                                "classes": "html-content-text"
                            }
                             
                        }
                      ,
                
                      "LMW3R4QTJACEERNUSUHUIL56WRY": {
                            "data": {
                                "content": "Feedback goes here.",
                                "classes": "html-content-text"
                            }
                             
                        }
                      ,
                
                      "L43FG6B25PZ3UZHFEVYYZL5U4TQ": {
                            "data": {
                                "content": "Hint goes here",
                                "classes": "html-content-text"
                            }
                             
                        }
                      ,
                
                      "LINISRKAVKANEPOCACKHPUEJMJA": {
                            "data": {
                                "content": "Correct feedback goes here",
                                "classes": "html-content-text"
                            }
                             
                        }
                      ,
                
                      "LXIUTSH6J4KEUJHSVRIOTISR7CM": {
                            "data": {
                                "content": "Incorrect feedback goes here.",
                                "classes": "html-content-text"
                            }
                             
                        }
                      ,
                
                      "LFUOXRIVQEWRE7HOX2PVU2DBTPA": {
                            "data": {
                                "content": "General feedback goes here.",
                                "classes": "html-content-text"
                            }
                             
                        }
                      ,
                
                      "L6UULGSDNORCUTJ5GYV6RB47A7A": {
                            "data": {
                                "content": "Partial feedback goes here",
                                "classes": "html-content-text"
                            }
                             
                        }
                      ,
                
                      "LTXE2V6EY7DYU5IWIA6VTPV4424": {
                            "data": {
                                "content": "Question statement goes here.",
                                "classes": "html-content-text"
                            }
                             
                        }
                      ,
                
                      "L4BWJWWKB5ARETMV66VOGHDRXUQ": {
                            "data": {
                                "content": "Correct",
                                "classes": "html-content-text"
                            }
                             
                        }
                      ,
                
                      "LET5EYR4K6M3ULH7UBLI64GCKII": {
                            "data": {
                                "content": "Feedback goes here.",
                                "classes": "html-content-text"
                            }
                             
                        }
                      ,
                
                      "LSPAWMQDD7LUETAIX7T7OLPJ7WE": {
                            "data": {
                                "content": "Correct",
                                "classes": "html-content-text"
                            }
                             
                        }
                      ,
                
                      "LD7MBFHE4A76EHCIC5KTEU2QISQ": {
                            "data": {
                                "content": "Feedback goes here.",
                                "classes": "html-content-text"
                            }
                             
                        }
                      ,
                
                      "LZY4THPDN6C2URJQYWTFNNVATPU": {
                            "data": {
                                "content": "Incorrect",
                                "classes": "html-content-text"
                            }
                             
                        }
                      ,
                
                      "LDKWXAE6QJ3NEBL3R4IRYD6Q7HM": {
                            "data": {
                                "content": "Feedback goes here.",
                                "classes": "html-content-text"
                            }
                             
                        }
                      ,
                
                      "LXIGYE6OHMHTUPBTWXY2STCTTVY": {
                            "data": {
                                "content": "Hint goes here",
                                "classes": "html-content-text"
                            }
                             
                        }
                      ,
                
                      "LP2YDOV257LLUHNHUVXLRT7CWNU": {
                            "data": {
                                "content": "Correct feedback goes here",
                                "classes": "html-content-text"
                            }
                             
                        }
                      ,
                
                      "LEUG6UNMDR2VUTKXI42ZL3KY4CA": {
                            "data": {
                                "content": "Incorrect feedback goes here.",
                                "classes": "html-content-text"
                            }
                             
                        }
                      ,
                
                      "LKWVU4SBILDCULLS75G6BGTGJIQ": {
                            "data": {
                                "content": "General feedback goes here.",
                                "classes": "html-content-text"
                            }
                             
                        }
                      ,
                
                      "LTQ4C4OMJ4CREVALA5QFB3E4IT4": {
                            "data": {
                                "content": "Partial feedback goes here",
                                "classes": "html-content-text"
                            }
                             
                        }
                      ,
                
                      "L4753XEMQKCPUJEYAKNV75ZJYAQ": {
                            "data": {
                                "content": "Question statement goes here.",
                                "classes": "html-content-text"
                            }
                             
                        }
                      ,
                
                      "LTHDFPB26M7UUXEM5L2XPHOI5XY": {
                            "data": {
                                "content": "Correct",
                                "classes": "html-content-text"
                            }
                             
                        }
                      ,
                
                      "LWOQ2CTVQEG2EVDDC7227QTBCAU": {
                            "data": {
                                "content": "Feedback goes here.",
                                "classes": "html-content-text"
                            }
                             
                        }
                      ,
                
                      "LCS3ITEBSPYLEVK3JUEBVTURUZI": {
                            "data": {
                                "content": "Correct",
                                "classes": "html-content-text"
                            }
                             
                        }
                      ,
                
                      "LVVWI65IBGECUXFBQVO5R6OUVVI": {
                            "data": {
                                "content": "Feedback goes here.",
                                "classes": "html-content-text"
                            }
                             
                        }
                      ,
                
                      "LEIQXSGM74Z7E7A44LFVQ2GQS3U": {
                            "data": {
                                "content": "Incorrect",
                                "classes": "html-content-text"
                            }
                             
                        }
                      ,
                
                      "LNCMEIRTSULZUPNDN62EAL3UQKI": {
                            "data": {
                                "content": "Feedback goes here.",
                                "classes": "html-content-text"
                            }
                             
                        }
                      ,
                
                      "LJWXIZUCHHZYUBEW7OWY5BAMTHY": {
                            "data": {
                                "content": "Hint goes here",
                                "classes": "html-content-text"
                            }
                             
                        }
                      ,
                
                      "LBP3P7FMUHKMULIBEYEZYINMA2U": {
                            "data": {
                                "content": "Correct feedback goes here",
                                "classes": "html-content-text"
                            }
                             
                        }
                      ,
                
                      "LU2KHRKJR7RUU5ONKREQGVDC3LM": {
                            "data": {
                                "content": "Incorrect feedback goes here.",
                                "classes": "html-content-text"
                            }
                             
                        }
                      ,
                
                      "LZ6D7KBYRALOU5AQGGIFO2JHTCU": {
                            "data": {
                                "content": "General feedback goes here.",
                                "classes": "html-content-text"
                            }
                             
                        }
                      ,
                
                      "L4PST5FF5CPAENBAMXVV2YSHTNM": {
                            "data": {
                                "content": "Partial feedback goes here",
                                "classes": "html-content-text"
                            }
                             
                        }
                      ,
                
                      "LFSCFZJ4RLYLEPKUMHHGKRKFLS4": {
                            "data": {
                                "content": "Question statement goes here.",
                                "classes": "html-content-text"
                            }
                             
                        }
                      ,
                
                      "LSL5D37CC2XJUDLH4TJO745HHCY": {
                            "data": {
                                "content": "Correct",
                                "classes": "html-content-text"
                            }
                             
                        }
                      ,
                
                      "LC2SM5VTTIRDEHPP553XG43KPUU": {
                            "data": {
                                "content": "Correct",
                                "classes": "html-content-text"
                            }
                             
                        }
                      ,
                
                      "LTUZ4XEX3VCCU3MGDLVPQAAO73Q": {
                            "data": {
                                "content": "Incorrect",
                                "classes": "html-content-text"
                            }
                             
                        }
                      ,
                
                      "LYS5IZPDYNWDU3JNAEV6XIMXUZU": {
                            "data": {
                                "content": "Incorrect",
                                "classes": "html-content-text"
                            }
                             
                        }
                      ,
                
                      "LU3HFIQUDSF5E7PAWYEI5NOAJPA": {
                            "data": {
                                "content": "Hint goes here",
                                "classes": "html-content-text"
                            }
                             
                        }
                      ,
                
                      "LLY7R2VH7K4ZE3GYBF56HMXMSEY": {
                            "data": {
                                "content": "Correct feedback goes here",
                                "classes": "html-content-text"
                            }
                             
                        }
                      ,
                
                      "LQO7R5F52IKNUHBZRWRWMP6MYME": {
                            "data": {
                                "content": "Incorrect feedback goes here.",
                                "classes": "html-content-text"
                            }
                             
                        }
                      ,
                
                      "LEUYT2THHK5IEXAH2KFE2B2L2E4": {
                            "data": {
                                "content": "General feedback goes here.",
                                "classes": "html-content-text"
                            }
                             
                        }
                      ,
                
                      "LPCGWEM2F24AUBH2QIRBE6J5LHI": {
                            "data": {
                                "content": "Partial feedback goes here",
                                "classes": "html-content-text"
                            }
                             
                        }
                      ,
                
                      "LEL24QD243O3U5MBPZI26MWGJ5I": {
                            "data": {
                                "content": "Question statement goes here.",
                                "classes": "html-content-text"
                            }
                             
                        }
                      ,
                
                      "LEFPSJWV3YN6ELFCVAHFZCD6T4E": {
                            "data": {
                                "content": "Correct",
                                "classes": "html-content-text"
                            }
                             
                        }
                      ,
                
                      "LIQLNXDSSWXTETKE7BQKSFR4L2M": {
                            "data": {
                                "content": "Feedback goes here.",
                                "classes": "html-content-text"
                            }
                             
                        }
                      ,
                
                      "LWHWEFNG6GC7UVIO6H2GPLAWXRE": {
                            "data": {
                                "content": "Incorrect",
                                "classes": "html-content-text"
                            }
                             
                        }
                      ,
                
                      "LSHJU3KQXYENU7DNMAO2CK56XKA": {
                            "data": {
                                "content": "Feedback goes here.",
                                "classes": "html-content-text"
                            }
                             
                        }
                      ,
                
                      "LQWD2MH34GIPEDNBNR76QVPQJCU": {
                            "data": {
                                "content": "Incorrect",
                                "classes": "html-content-text"
                            }
                             
                        }
                      ,
                
                      "LHHBH6JFHHJ3UFMA5AKQH4AZ7O4": {
                            "data": {
                                "content": "Feedback goes here.",
                                "classes": "html-content-text"
                            }
                             
                        }
                      ,
                
                      "LZQHEK7FTP6GUJGTDUV5LNN4GGU": {
                            "data": {
                                "content": "Incorrect",
                                "classes": "html-content-text"
                            }
                             
                        }
                      ,
                
                      "LXS6BOGJHVZPULDSMGWPCM3DMMA": {
                            "data": {
                                "content": "Feedback goes here.",
                                "classes": "html-content-text"
                            }
                             
                        }
                      ,
                
                      "LLWQH3O2JDWFERFVN6IAL45IFO4": {
                            "data": {
                                "content": "Hint 1 goes here",
                                "classes": "html-content-text"
                            }
                             
                        }
                      ,
                
                      "LWMUVZMMTZ6WUBFWZBXTTOCTEOY": {
                            "data": {
                                "content": "Hint 2 goes here",
                                "classes": "html-content-text"
                            }
                             
                        }
                      ,
                
                      "LDJWAZ4F53O6ETAIQM4M7QQL35I": {
                            "data": {
                                "content": "Hint 3 goes here",
                                "classes": "html-content-text"
                            }
                             
                        }
                      ,
                
                      "LFLLNXJYURKEU3LJQ3BWZKVMSUI": {
                            "data": {
                                "content": "Correct feedback goes here.",
                                "classes": "html-content-text"
                            }
                             
                        }
                      ,
                
                      "LCTAV277JV7YERHSMTBSHPMD4LI": {
                            "data": {
                                "content": "Incorrect feedback goes here.",
                                "classes": "html-content-text"
                            }
                             
                        }
                      ,
                
                      "L5GDBE7Y3NAAERDEJRCLRXVKUNY": {
                            "data": {
                                "content": "General feedback here.",
                                "classes": "html-content-text"
                            }
                             
                        }
                      ,
                
                      "L7Q5DOXZL5HTELNCRECVHVF7MTQ": {
                            "data": {
                                "content": "Partial feedback here",
                                "classes": "html-content-text"
                            }
                             
                        }
                      ,
                
                      "LBV4I3B4PMRYE5PS67N5ERRT2CU": {
                            "data": {
                                "content": "Question statement goes here.",
                                "classes": "html-content-text"
                            }
                             
                        }
                      ,
                
                      "LWF7JKXQH6R7U3L5YDNCRNMQFLU": {
                            "data": {
                                "content": "Correct",
                                "classes": "html-content-text"
                            }
                             
                        }
                      ,
                
                      "LRUH7YN7GZRXU3D3GP72EW6VQIA": {
                            "data": {
                                "content": "Feedback goes here.",
                                "classes": "html-content-text"
                            }
                             
                        }
                      ,
                
                      "LKTU35IOVAIJUZETRQFFMODKKDA": {
                            "data": {
                                "content": "Correct",
                                "classes": "html-content-text"
                            }
                             
                        }
                      ,
                
                      "LHZLA3JZFO6IEHJ5NINZVIUWXVU": {
                            "data": {
                                "content": "Feedback goes here.",
                                "classes": "html-content-text"
                            }
                             
                        }
                      ,
                
                      "L2KOYX3EE3QZU5KBKNACI3NID64": {
                            "data": {
                                "content": "Incorrect",
                                "classes": "html-content-text"
                            }
                             
                        }
                      ,
                
                      "L75AWZ7QCC3XULGJTH43NFUOHEE": {
                            "data": {
                                "content": "Feedback goes here.",
                                "classes": "html-content-text"
                            }
                             
                        }
                      ,
                
                      "LIKZXENTVWTZETKGDBYGJCYRISU": {
                            "data": {
                                "content": "Incorrect",
                                "classes": "html-content-text"
                            }
                             
                        }
                      ,
                
                      "LTZEVHYHT6JREXOOAWNZUXR67EE": {
                            "data": {
                                "content": "Feedback goes here.",
                                "classes": "html-content-text"
                            }
                             
                        }
                      ,
                
                      "LY2AW5O2P65SUNLAWFBL2RU7MZU": {
                            "data": {
                                "content": "Hint 1 goes here",
                                "classes": "html-content-text"
                            }
                             
                        }
                      ,
                
                      "LJIKAQV5MP4OUVFNFDIC3ZZ4BFU": {
                            "data": {
                                "content": "Hint 2 goes here",
                                "classes": "html-content-text"
                            }
                             
                        }
                      ,
                
                      "LTMVJSP4XPFIEXADV7UGTCS6UFQ": {
                            "data": {
                                "content": "Hint 3 goes here",
                                "classes": "html-content-text"
                            }
                             
                        }
                      ,
                
                      "LETYWKYIIOXTUPL5WOCUSWMGWUU": {
                            "data": {
                                "content": "Correct feedback goes here.",
                                "classes": "html-content-text"
                            }
                             
                        }
                      ,
                
                      "LFO5GAUH4Q6GUBIHSAFNINFYSMI": {
                            "data": {
                                "content": "Incorrect feedback goes here.",
                                "classes": "html-content-text"
                            }
                             
                        }
                      ,
                
                      "LRQXLAF34UU3ENOOOLV2GXKVAGQ": {
                            "data": {
                                "content": "General feedback here.",
                                "classes": "html-content-text"
                            }
                             
                        }
                      ,
                
                      "LBUQSNXPPG2CUJEMPSVVF3YQGF4": {
                            "data": {
                                "content": "Partial feedback here",
                                "classes": "html-content-text"
                            }
                             
                        }
                      ,
                
                      "LHUB5GJNNQZPUHAZRNBZW52QFOA": {
                            "data": {
                                "content": "Question statement goes here.",
                                "classes": "html-content-text"
                            }
                             
                        }
                      ,
                
                      "L546BTX5NBXLEXGVW32A3DNFPP4": {
                            "data": {
                                "content": "Correct",
                                "classes": "html-content-text"
                            }
                             
                        }
                      ,
                
                      "LPRQLT4LEPTSELCFSZFVFOVPZPM": {
                            "data": {
                                "content": "Feedback goes here.",
                                "classes": "html-content-text"
                            }
                             
                        }
                      ,
                
                      "LDYUHDFMOK3QELHSLRR5IIODBRU": {
                            "data": {
                                "content": "Incorrect",
                                "classes": "html-content-text"
                            }
                             
                        }
                      ,
                
                      "LQNHEQL6C2FZURMCRV7FQNE7WVE": {
                            "data": {
                                "content": "Feedback goes here.",
                                "classes": "html-content-text"
                            }
                             
                        }
                      ,
                
                      "L2EHKEDKS3GKE3LYCXSXNCWV4TA": {
                            "data": {
                                "content": "Incorrect",
                                "classes": "html-content-text"
                            }
                             
                        }
                      ,
                
                      "LQXU6CRCQVCVERGJBNEM4RAFDVA": {
                            "data": {
                                "content": "Feedback goes here.",
                                "classes": "html-content-text"
                            }
                             
                        }
                      ,
                
                      "LTWDRZ57EGCIUPLU4C3JATHAYGA": {
                            "data": {
                                "content": "Incorrect",
                                "classes": "html-content-text"
                            }
                             
                        }
                      ,
                
                      "L6DNZFWGYGKRU5C7KUFUKIFXT4U": {
                            "data": {
                                "content": "Feedback goes here.",
                                "classes": "html-content-text"
                            }
                             
                        }
                      ,
                
                      "LHCGYPQFSGMQETF723ZSUL2PZMY": {
                            "data": {
                                "content": "Hint 1 goes here",
                                "classes": "html-content-text"
                            }
                             
                        }
                      ,
                
                      "L56EYAU6SJV4E3C6M7E2TMIIQEI": {
                            "data": {
                                "content": "Hint 2 goes here",
                                "classes": "html-content-text"
                            }
                             
                        }
                      ,
                
                      "LF2I24SUOS4JUTN5QOIYD34QNN4": {
                            "data": {
                                "content": "Hint 3 goes here",
                                "classes": "html-content-text"
                            }
                             
                        }
                      ,
                
                      "LZXXHUM53B3LU5FEACDMH3VDXDI": {
                            "data": {
                                "content": "Correct feedback goes here.",
                                "classes": "html-content-text"
                            }
                             
                        }
                      ,
                
                      "LR3YZGRFMNETE5M5RARVSMBOOWE": {
                            "data": {
                                "content": "Incorrect feedback goes here.",
                                "classes": "html-content-text"
                            }
                             
                        }
                      ,
                
                      "LVKDC3SKJNXWEDPDISHLA42LURU": {
                            "data": {
                                "content": "General feedback here.",
                                "classes": "html-content-text"
                            }
                             
                        }
                      ,
                
                      "LPZAPBVLLVLMUDABNGA4SC2UHJM": {
                            "data": {
                                "content": "Partial feedback here",
                                "classes": "html-content-text"
                            }
                             
                        }
                      ,
                
                      "LXGH6VZP7KXTE5LGP3ZBTN64RWY": {
                            "data": {
                                "content": "Question statement goes here.",
                                "classes": "html-content-text"
                            }
                             
                        }
                      ,
                
                      "LUAJXA5H7NN6U5KEMP7O2B4KKLE": {
                            "data": {
                                "content": "Correct",
                                "classes": "html-content-text"
                            }
                             
                        }
                      ,
                
                      "LX7R7EFXOAQHEXOAMH574DBHXIA": {
                            "data": {
                                "content": "Feedback goes here.",
                                "classes": "html-content-text"
                            }
                             
                        }
                      ,
                
                      "LQ4Y36FT6DHYETEKMYIGSO2ACWA": {
                            "data": {
                                "content": "Incorrect",
                                "classes": "html-content-text"
                            }
                             
                        }
                      ,
                
                      "LE3RA5PWKWSZELFLIQGWPZMD6YY": {
                            "data": {
                                "content": "Feedback goes here.",
                                "classes": "html-content-text"
                            }
                             
                        }
                      ,
                
                      "L2J23VF4L5KWULLEZJ2MLKZCVPA": {
                            "data": {
                                "content": "Incorrect",
                                "classes": "html-content-text"
                            }
                             
                        }
                      ,
                
                      "LLIVZZHRAUHYUTJG6CL6WKVHRZY": {
                            "data": {
                                "content": "Feedback goes here.",
                                "classes": "html-content-text"
                            }
                             
                        }
                      ,
                
                      "LD2H7EVWBPGQEHAPWRVWER6NEIY": {
                            "data": {
                                "content": "Incorrect",
                                "classes": "html-content-text"
                            }
                             
                        }
                      ,
                
                      "LCTXTR6GILDSUTA6NB2ZJ6JEL4I": {
                            "data": {
                                "content": "Feedback goes here.",
                                "classes": "html-content-text"
                            }
                             
                        }
                      ,
                
                      "LQXTKHJBXPFTUHNG65PW7TDN26U": {
                            "data": {
                                "content": "Hint 1 goes here",
                                "classes": "html-content-text"
                            }
                             
                        }
                      ,
                
                      "LF6AAKENQXJZULMFMYXXVFOAR5Y": {
                            "data": {
                                "content": "Hint 2 goes here",
                                "classes": "html-content-text"
                            }
                             
                        }
                      ,
                
                      "LZ3YQB4RT7N7EJEJOGUZVDLFXII": {
                            "data": {
                                "content": "Hint 3 goes here",
                                "classes": "html-content-text"
                            }
                             
                        }
                      ,
                
                      "LQUH43H2KUIMUZKNKCZHYJ6LKVE": {
                            "data": {
                                "content": "Correct feedback goes here.",
                                "classes": "html-content-text"
                            }
                             
                        }
                      ,
                
                      "LS54VP33T75TEPIC3EIF237BBFA": {
                            "data": {
                                "content": "Incorrect feedback goes here.",
                                "classes": "html-content-text"
                            }
                             
                        }
                      ,
                
                      "LUXO7TNNYQ5RUHCSWJ6A5R3M22U": {
                            "data": {
                                "content": "General feedback here.",
                                "classes": "html-content-text"
                            }
                             
                        }
                      ,
                
                      "LHOHB55STGYGEVIYPLOU6JUCYSY": {
                            "data": {
                                "content": "Partial feedback here",
                                "classes": "html-content-text"
                            }
                             
                        }
                      ,
                
                      "LTRQNIHJ67DLUZHZGUQXQZHIYXI": {
                            "data": {
                                "content": "Question statement goes here.",
                                "classes": "html-content-text"
                            }
                             
                        }
                      ,
                
                      "LP3H3WYDSHAIERIGJN3W52B3VGI": {
                            "data": {
                                "content": "Correct",
                                "classes": "html-content-text"
                            }
                             
                        }
                      ,
                
                      "LDIA4IHZXCN6ETJSLTSDCQEGKAY": {
                            "data": {
                                "content": "Feedback goes here.",
                                "classes": "html-content-text"
                            }
                             
                        }
                      ,
                
                      "LMWLLSNMHRTDUHN7WHO5KCYLMKE": {
                            "data": {
                                "content": "Incorrect",
                                "classes": "html-content-text"
                            }
                             
                        }
                      ,
                
                      "LJJAUQKOYDT3UDGKLAIEIORATGE": {
                            "data": {
                                "content": "Feedback goes here.",
                                "classes": "html-content-text"
                            }
                             
                        }
                      ,
                
                      "LSW52434FQJPUPEVXQE6LHEOCLA": {
                            "data": {
                                "content": "Incorrect",
                                "classes": "html-content-text"
                            }
                             
                        }
                      ,
                
                      "L5HYXIIR447OEHDJ5QWIZPQIWUI": {
                            "data": {
                                "content": "Feedback goes here.",
                                "classes": "html-content-text"
                            }
                             
                        }
                      ,
                
                      "L5KYNUSEUJNPEDF7QE6YRXWFMKE": {
                            "data": {
                                "content": "Incorrect",
                                "classes": "html-content-text"
                            }
                             
                        }
                      ,
                
                      "LOEAREGNFUXNU5HMGV4RURPL44E": {
                            "data": {
                                "content": "Feedback goes here.",
                                "classes": "html-content-text"
                            }
                             
                        }
                      ,
                
                      "LOTURUFGM4AZUPOAFS3XCLEJ3XY": {
                            "data": {
                                "content": "Hint 1 goes here",
                                "classes": "html-content-text"
                            }
                             
                        }
                      ,
                
                      "LKLDUV3YBTLGE5PLYFFX5HZXH34": {
                            "data": {
                                "content": "Hint 2 goes here",
                                "classes": "html-content-text"
                            }
                             
                        }
                      ,
                
                      "LO7PVJM4JHGBU3IFXRDSZK7Z63E": {
                            "data": {
                                "content": "Hint 3 goes here",
                                "classes": "html-content-text"
                            }
                             
                        }
                      ,
                
                      "L4AUJVJENS2VU3OLSFM3J2ZQPRI": {
                            "data": {
                                "content": "Correct feedback goes here.",
                                "classes": "html-content-text"
                            }
                             
                        }
                      ,
                
                      "LDU2IXKA65DIEVH67X2ZDVBANEA": {
                            "data": {
                                "content": "Incorrect feedback goes here.",
                                "classes": "html-content-text"
                            }
                             
                        }
                      ,
                
                      "LB7DGRT4B23FUNAVTSCJX3UER5U": {
                            "data": {
                                "content": "General feedback here.",
                                "classes": "html-content-text"
                            }
                             
                        }
                      ,
                
                      "LVV2KMX75I3UUZORNVVCKNRUBPI": {
                            "data": {
                                "content": "Partial feedback here",
                                "classes": "html-content-text"
                            }
                             
                        }
                      ,
                
                      "LEWCBMQTL5KIU3IXNQZFNY4DGUM": {
                            "data": {
                                "content": "Question statement goes here.",
                                "classes": "html-content-text"
                            }
                             
                        }
                      ,
                
                      "LICUZ7QJODVSERPSYOB2VU5ANUM": {
                            "data": {
                                "content": "Correct",
                                "classes": "html-content-text"
                            }
                             
                        }
                      ,
                
                      "LU5VGUYSBS4UUJG44XGIWY56YQ4": {
                            "data": {
                                "content": "Feedback goes here.",
                                "classes": "html-content-text"
                            }
                             
                        }
                      ,
                
                      "L5VDBJJEJUC5UTLQYADC6T4XIPU": {
                            "data": {
                                "content": "Incorrect",
                                "classes": "html-content-text"
                            }
                             
                        }
                      ,
                
                      "LQ6HXHTQ64N5E3BOKOQUMIBDSYM": {
                            "data": {
                                "content": "Feedback goes here.",
                                "classes": "html-content-text"
                            }
                             
                        }
                      ,
                
                      "LRXI3VU2S5NZEJJDHLK3THHZG2A": {
                            "data": {
                                "content": "Incorrect",
                                "classes": "html-content-text"
                            }
                             
                        }
                      ,
                
                      "LKE4XTUITAHTU5HRTXUSWHZM56Y": {
                            "data": {
                                "content": "Feedback goes here.",
                                "classes": "html-content-text"
                            }
                             
                        }
                      ,
                
                      "LGOED7LBXQMNEVMSN4WOV4PJ2JI": {
                            "data": {
                                "content": "Hint 1 goes here",
                                "classes": "html-content-text"
                            }
                             
                        }
                      ,
                
                      "LGJIVO2RE2PWERDIXESQRQQBNBQ": {
                            "data": {
                                "content": "Hint 2 goes here",
                                "classes": "html-content-text"
                            }
                             
                        }
                      ,
                
                      "L5WL3TXLPI7WURCTN4J5YTXNJUA": {
                            "data": {
                                "content": "Hint 3 goes here",
                                "classes": "html-content-text"
                            }
                             
                        }
                      ,
                
                      "LH7SDWBTM74MEBER7LGC5MFGNC4": {
                            "data": {
                                "content": "Correct feedback goes here.",
                                "classes": "html-content-text"
                            }
                             
                        }
                      ,
                
                      "L7OFUAOVQAXDELNJC7J7QU6X5Y4": {
                            "data": {
                                "content": "Incorrect feedback goes here.",
                                "classes": "html-content-text"
                            }
                             
                        }
                      ,
                
                      "LDQLWVMKQW5UEFK3ZF7NQI2434U": {
                            "data": {
                                "content": "General feedback here.",
                                "classes": "html-content-text"
                            }
                             
                        }
                      ,
                
                      "LXUPEEWH3SS5ELLN2KMZVQNPCXM": {
                            "data": {
                                "content": "Partial feedback here",
                                "classes": "html-content-text"
                            }
                             
                        }
                      ,
                
                      "LQYNGBEERRSIU7EDZVYRJ455F7M": {
                            "data": {
                                "content": "Question statement goes here.",
                                "classes": "html-content-text"
                            }
                             
                        }
                      ,
                
                      "LBHPTDIIOTMVERCC5IOLNZNGZ3E": {
                            "data": {
                                "content": "Correct",
                                "classes": "html-content-text"
                            }
                             
                        }
                      ,
                
                      "LHJZ5MDBNRIEEHIOWC5A3HOUF7M": {
                            "data": {
                                "content": "Feedback goes here.",
                                "classes": "html-content-text"
                            }
                             
                        }
                      ,
                
                      "LHW57EBI4KTOEPOE5A7CHFENIEE": {
                            "data": {
                                "content": "Incorrect",
                                "classes": "html-content-text"
                            }
                             
                        }
                      ,
                
                      "L66V5FCSGJPIEXOXP4IF6CKUBXE": {
                            "data": {
                                "content": "Feedback goes here.",
                                "classes": "html-content-text"
                            }
                             
                        }
                      ,
                
                      "L3NWABBRS2ZNURM5EETYBTAEFJY": {
                            "data": {
                                "content": "Incorrect",
                                "classes": "html-content-text"
                            }
                             
                        }
                      ,
                
                      "L4A6HRBMCYF6EPCACJAAUI5NLJA": {
                            "data": {
                                "content": "Feedback goes here.",
                                "classes": "html-content-text"
                            }
                             
                        }
                      ,
                
                      "L4ETNPXWTRNRE3AK6GOZ6KPAFOM": {
                            "data": {
                                "content": "Incorrect",
                                "classes": "html-content-text"
                            }
                             
                        }
                      ,
                
                      "LET2MH2S5B6IEBBMOAHUX5SZDTM": {
                            "data": {
                                "content": "Feedback goes here.",
                                "classes": "html-content-text"
                            }
                             
                        }
                      ,
                
                      "L4Q2HXIYSNL6EBEGITCITGBY6C4": {
                            "data": {
                                "content": "Hint 1 goes here",
                                "classes": "html-content-text"
                            }
                             
                        }
                      ,
                
                      "LVQM6NRJPZLVENJXOPP6PKGPTHA": {
                            "data": {
                                "content": "Hint 2 goes here",
                                "classes": "html-content-text"
                            }
                             
                        }
                      ,
                
                      "LO6REP4J37DQU7HHFLCOQCZ52SY": {
                            "data": {
                                "content": "Hint 3 goes here",
                                "classes": "html-content-text"
                            }
                             
                        }
                      ,
                
                      "LRV2WM46DBPXE7DNJR2NL5RRTSE": {
                            "data": {
                                "content": "Correct feedback goes here.",
                                "classes": "html-content-text"
                            }
                             
                        }
                      ,
                
                      "L75AGZSQKQ2MEHCSWB72HKYRHLM": {
                            "data": {
                                "content": "Incorrect feedback goes here.",
                                "classes": "html-content-text"
                            }
                             
                        }
                      ,
                
                      "LHXHHWHFPBTQUZNIGXILVFCELYA": {
                            "data": {
                                "content": "General feedback here.",
                                "classes": "html-content-text"
                            }
                             
                        }
                      ,
                
                      "LC35PRWD26MWUDJAFUA7CROIIUI": {
                            "data": {
                                "content": "Partial feedback here",
                                "classes": "html-content-text"
                            }
                             
                        }
                      ,
                
                      "LJMBQI6NXLKXEBP2YJHNYRG7NPI": {
                            "data": {
                                "content": "Question statement goes here.",
                                "classes": "html-content-text"
                            }
                             
                        }
                      ,
                
                      "LHWMH3R7QDM2UHMQPYBK4AAAHSU": {
                            "data": {
                                "content": "Correct",
                                "classes": "html-content-text"
                            }
                             
                        }
                      ,
                
                      "LPP7QJFKU525U7F5SSZG43BPE4E": {
                            "data": {
                                "content": "Feedback goes here.",
                                "classes": "html-content-text"
                            }
                             
                        }
                      ,
                
                      "LKRKNMFYIL6JEDCE6T3QFIOR4CI": {
                            "data": {
                                "content": "Incorrect",
                                "classes": "html-content-text"
                            }
                             
                        }
                      ,
                
                      "LLSAESYYON5DU5A4NFYW4G4BXHA": {
                            "data": {
                                "content": "Feedback goes here.",
                                "classes": "html-content-text"
                            }
                             
                        }
                      ,
                
                      "LGPCHTK62WQCULLSG34RGOYJZCM": {
                            "data": {
                                "content": "Incorrect",
                                "classes": "html-content-text"
                            }
                             
                        }
                      ,
                
                      "LRB6JPXZ6D5JENP2YDTAEXCMOKE": {
                            "data": {
                                "content": "Feedback goes here.",
                                "classes": "html-content-text"
                            }
                             
                        }
                      ,
                
                      "LF6BCXWQ6YAPULD2G5FKWZ7IYJI": {
                            "data": {
                                "content": "Incorrect",
                                "classes": "html-content-text"
                            }
                             
                        }
                      ,
                
                      "LIPF2SDBCU4OUDLBM6QNLLPCJMI": {
                            "data": {
                                "content": "Feedback goes here.",
                                "classes": "html-content-text"
                            }
                             
                        }
                      ,
                
                      "LEX35N6USHV3E3PHEZ7K457BHXM": {
                            "data": {
                                "content": "Hint 1 goes here",
                                "classes": "html-content-text"
                            }
                             
                        }
                      ,
                
                      "L4TLT34D2CRMUTAKZNO33UHND3M": {
                            "data": {
                                "content": "Hint 2 goes here",
                                "classes": "html-content-text"
                            }
                             
                        }
                      ,
                
                      "LWTVY4YMMXC4UDDDAYWDUS4AL7E": {
                            "data": {
                                "content": "Hint 3 goes here",
                                "classes": "html-content-text"
                            }
                             
                        }
                      ,
                
                      "LGOEGRVRIWY6UNOTFWQUDO7KB4M": {
                            "data": {
                                "content": "Correct feedback goes here.",
                                "classes": "html-content-text"
                            }
                             
                        }
                      ,
                
                      "LEKOPPPWXIZ4U5M74YBGI6DCM6E": {
                            "data": {
                                "content": "Incorrect feedback goes here.",
                                "classes": "html-content-text"
                            }
                             
                        }
                      ,
                
                      "L4HLP5OWMXT6UZLPGEV3YXRKFEE": {
                            "data": {
                                "content": "General feedback here.",
                                "classes": "html-content-text"
                            }
                             
                        }
                      ,
                
                      "LTA7OISW6GONUHO6UCAVRJ4SWP4": {
                            "data": {
                                "content": "Partial feedback here",
                                "classes": "html-content-text"
                            }
                             
                        }
                      ,
                
                      "LTTE5GRCY3MRE7ESCONKQHGLJTM": {
                            "data": {
                                "content": "Question statement goes here.",
                                "classes": "html-content-text"
                            }
                             
                        }
                      ,
                
                      "L6PYWSN5UR3NUTM6AOZNR4PQWPA": {
                            "data": {
                                "content": "Correct",
                                "classes": "html-content-text"
                            }
                             
                        }
                      ,
                
                      "LQP54E623DOTELOTBTUFHSC67BI": {
                            "data": {
                                "content": "Feedback goes here.",
                                "classes": "html-content-text"
                            }
                             
                        }
                      ,
                
                      "LSJV2HAQNSMDEXIWOWRL2VH7HZ4": {
                            "data": {
                                "content": "Correct",
                                "classes": "html-content-text"
                            }
                             
                        }
                      ,
                
                      "LOI7SWYR65TZUBOUKGONTWSEA3U": {
                            "data": {
                                "content": "Feedback goes here.",
                                "classes": "html-content-text"
                            }
                             
                        }
                      ,
                
                      "LLZ5L5CFYA3XEZGGNG6Y4DLG45I": {
                            "data": {
                                "content": "Incorrect",
                                "classes": "html-content-text"
                            }
                             
                        }
                      ,
                
                      "LRC36D7TDQXCUPCRH74POZTI7CQ": {
                            "data": {
                                "content": "Feedback goes here.",
                                "classes": "html-content-text"
                            }
                             
                        }
                      ,
                
                      "L6P3PFQAI4OTEDHW6SYT4FHJOGQ": {
                            "data": {
                                "content": "Incorrect",
                                "classes": "html-content-text"
                            }
                             
                        }
                      ,
                
                      "LG4P4LHWF34PU7PJHCZAPFUPFOE": {
                            "data": {
                                "content": "Feedback goes here.",
                                "classes": "html-content-text"
                            }
                             
                        }
                      ,
                
                      "LN56H6P6M3P7E7HQPVSKVU64FLI": {
                            "data": {
                                "content": "Hint 1 goes here",
                                "classes": "html-content-text"
                            }
                             
                        }
                      ,
                
                      "LVACCZX2K2V4UDMBRS3KE4FWBGM": {
                            "data": {
                                "content": "Hint 2 goes here",
                                "classes": "html-content-text"
                            }
                             
                        }
                      ,
                
                      "LLQXGTNNUVGEE3A5UWXUVUMIJIU": {
                            "data": {
                                "content": "Hint 3 goes here",
                                "classes": "html-content-text"
                            }
                             
                        }
                      ,
                
                      "L6XD3TT7THOOU3GCIKVKQGJUJZI": {
                            "data": {
                                "content": "Correct feedback goes here.",
                                "classes": "html-content-text"
                            }
                             
                        }
                      ,
                
                      "L56E6WGNHJLQUNE7S6JIEDHYJ4A": {
                            "data": {
                                "content": "Incorrect feedback goes here.",
                                "classes": "html-content-text"
                            }
                             
                        }
                      ,
                
                      "L3ZQ6IZYSBCIUXBY5A4LELATY5Y": {
                            "data": {
                                "content": "General feedback here.",
                                "classes": "html-content-text"
                            }
                             
                        }
                      ,
                
                      "LQ3SR4BAW3N3EZJF3BCZFJ2ZWIM": {
                            "data": {
                                "content": "Partial feedback here",
                                "classes": "html-content-text"
                            }
                             
                        }
                      ,
                
                      "L5QZQY5S3MD3ENFXRQ56K2G7PYI": {
                            "data": {
                                "content": "Question statement goes here.",
                                "classes": "html-content-text"
                            }
                             
                        }
                      ,
                
                      "LBQFZKS5HCJMULPY35U6UWRKOGU": {
                            "data": {
                                "content": "Correct",
                                "classes": "html-content-text"
                            }
                             
                        }
                      ,
                
                      "LQFV2OUUY4CIUFMY4HK2E5QSG3M": {
                            "data": {
                                "content": "Feedback goes here.",
                                "classes": "html-content-text"
                            }
                             
                        }
                      ,
                
                      "L5ZJLNI7MES3EFJFGYNRRDGOLCI": {
                            "data": {
                                "content": "Correct",
                                "classes": "html-content-text"
                            }
                             
                        }
                      ,
                
                      "LZ26AVO4CEPIEPDGRXTJ4FYZECY": {
                            "data": {
                                "content": "Feedback goes here.",
                                "classes": "html-content-text"
                            }
                             
                        }
                      ,
                
                      "LOZOOOIDECQGEPEQEW7KUPAD6MI": {
                            "data": {
                                "content": "Incorrect",
                                "classes": "html-content-text"
                            }
                             
                        }
                      ,
                
                      "LGL7OBC2PZJUUVNQZA5NPWREIRE": {
                            "data": {
                                "content": "Feedback goes here.",
                                "classes": "html-content-text"
                            }
                             
                        }
                      ,
                
                      "L2TQQ3TRLHOOEVB6B7JRAW3M55E": {
                            "data": {
                                "content": "Incorrect",
                                "classes": "html-content-text"
                            }
                             
                        }
                      ,
                
                      "LGGM4V5EROOJUHBZXPZQOHVVFR4": {
                            "data": {
                                "content": "Feedback goes here.",
                                "classes": "html-content-text"
                            }
                             
                        }
                      ,
                
                      "L2FD5ZO5V4XQU5D46ZVYYHUTOUU": {
                            "data": {
                                "content": "Hint 1 goes here",
                                "classes": "html-content-text"
                            }
                             
                        }
                      ,
                
                      "LGVAFFFW52GCEVLZGLTB42MVNE4": {
                            "data": {
                                "content": "Hint 2 goes here",
                                "classes": "html-content-text"
                            }
                             
                        }
                      ,
                
                      "LICXCYMSKX45EHJDCFOPAQ4Z2TM": {
                            "data": {
                                "content": "Hint 3 goes here",
                                "classes": "html-content-text"
                            }
                             
                        }
                      ,
                
                      "LDVBQECSH4HPE3GTU2RT2C7HRUI": {
                            "data": {
                                "content": "Correct feedback goes here.",
                                "classes": "html-content-text"
                            }
                             
                        }
                      ,
                
                      "LIMVR2XOH33UUDBJP3EE35LIJSI": {
                            "data": {
                                "content": "Incorrect feedback goes here.",
                                "classes": "html-content-text"
                            }
                             
                        }
                      ,
                
                      "LPBRAHJJANF6UNKPGBFN7KEK4AU": {
                            "data": {
                                "content": "General feedback here.",
                                "classes": "html-content-text"
                            }
                             
                        }
                      ,
                
                      "LE6ZN4W3KBW5UXJGDW4JRM5FKBE": {
                            "data": {
                                "content": "Partial feedback here",
                                "classes": "html-content-text"
                            }
                             
                        }
                      ,
                
                      "LBEB422UJBFZUVCDRSYISPKWR2M": {
                            "data": {
                                "content": "Question statement goes here.",
                                "classes": "html-content-text"
                            }
                             
                        }
                      ,
                
                      "LAG54MMXFKO7U3KR4J5DIP6JAPM": {
                            "data": {
                                "content": "Correct",
                                "classes": "html-content-text"
                            }
                             
                        }
                      ,
                
                      "LZ2IXROUUQECEJAM3NU4EQ3CZHU": {
                            "data": {
                                "content": "Feedback goes here.",
                                "classes": "html-content-text"
                            }
                             
                        }
                      ,
                
                      "LKXC2CGXOKMIUDHKUTW3MXTMHAM": {
                            "data": {
                                "content": "Incorrect",
                                "classes": "html-content-text"
                            }
                             
                        }
                      ,
                
                      "LX3PF2C2HAAMENLZR3SW3B3NYHY": {
                            "data": {
                                "content": "Feedback goes here.",
                                "classes": "html-content-text"
                            }
                             
                        }
                      ,
                
                      "L7B3SGWYSLOKUDEG4V4KDVDMSPI": {
                            "data": {
                                "content": "Incorrect",
                                "classes": "html-content-text"
                            }
                             
                        }
                      ,
                
                      "L2XGYOGGCGTDEPIOQS44VBHBGV4": {
                            "data": {
                                "content": "Feedback goes here.",
                                "classes": "html-content-text"
                            }
                             
                        }
                      ,
                
                      "LWQ5YGXEXVRWE5C6CSLNNMU5M44": {
                            "data": {
                                "content": "Incorrect",
                                "classes": "html-content-text"
                            }
                             
                        }
                      ,
                
                      "L6654YVRYO5YUVETV6RBRJK25EM": {
                            "data": {
                                "content": "Feedback goes here.",
                                "classes": "html-content-text"
                            }
                             
                        }
                      ,
                
                      "LSWVPHUJZ6EXULO4PGMBRKWECGQ": {
                            "data": {
                                "content": "Hint 1 goes here",
                                "classes": "html-content-text"
                            }
                             
                        }
                      ,
                
                      "LFQGFDCS5RPJUZBUL2ZIANNU56Q": {
                            "data": {
                                "content": "Hint 2 goes here",
                                "classes": "html-content-text"
                            }
                             
                        }
                      ,
                
                      "LZ3QGKK7CUVFUZKHEHU2UTDBMRU": {
                            "data": {
                                "content": "Hint 3 goes here",
                                "classes": "html-content-text"
                            }
                             
                        }
                      ,
                
                      "LNEJD4YGFHNCU3OEVG3O6YEUMWM": {
                            "data": {
                                "content": "Correct feedback goes here.",
                                "classes": "html-content-text"
                            }
                             
                        }
                      ,
                
                      "L7QAV22BMYMOEPH4ZWX2QQ4G2E4": {
                            "data": {
                                "content": "Incorrect feedback goes here.",
                                "classes": "html-content-text"
                            }
                             
                        }
                      ,
                
                      "L7SPBACBPGWEURIEIZUBT7KL7WU": {
                            "data": {
                                "content": "General feedback here.",
                                "classes": "html-content-text"
                            }
                             
                        }
                      ,
                
                      "L3MNKECODPKOETEMQ6PJZUZZ4NQ": {
                            "data": {
                                "content": "Partial feedback here",
                                "classes": "html-content-text"
                            }
                             
                        }
                      ,
                
                      "LMKXXJOQCHCGUTDWML7LHF6ZHZY": {
                            "data": {
                                "content": "Question statement goes here.",
                                "classes": "html-content-text"
                            }
                             
                        }
                      ,
                
                      "LNKYTDQHPQYSUJESG5TCQQ7JCIQ": {
                            "data": {
                                "content": "Correct",
                                "classes": "html-content-text"
                            }
                             
                        }
                      ,
                
                      "LHXFQUCXRZTME7PVGU24RHJMYME": {
                            "data": {
                                "content": "Feedback goes here.",
                                "classes": "html-content-text"
                            }
                             
                        }
                      ,
                
                      "LSMN6HO36FA4UZOPD4KBUANSAZA": {
                            "data": {
                                "content": "Incorrect",
                                "classes": "html-content-text"
                            }
                             
                        }
                      ,
                
                      "LMWC7W337GENEVLUCXMZ4MQXV44": {
                            "data": {
                                "content": "Feedback goes here.",
                                "classes": "html-content-text"
                            }
                             
                        }
                      ,
                
                      "LDK272RL4MH7UBBFOFN4RRTP4NM": {
                            "data": {
                                "content": "Incorrect",
                                "classes": "html-content-text"
                            }
                             
                        }
                      ,
                
                      "LYZE4UYF4C56EJFTNRVWU5OOHAY": {
                            "data": {
                                "content": "Feedback goes here.",
                                "classes": "html-content-text"
                            }
                             
                        }
                      ,
                
                      "LF7Y7KDINWFJEFCQVAM2D5LHHEQ": {
                            "data": {
                                "content": "Incorrect",
                                "classes": "html-content-text"
                            }
                             
                        }
                      ,
                
                      "LSPT3NBK6BLDUPL5QDAOCTSSDLY": {
                            "data": {
                                "content": "Feedback goes here.",
                                "classes": "html-content-text"
                            }
                             
                        }
                      ,
                
                      "LRNUGT2XM4JIUXGT2NFSEJC22IY": {
                            "data": {
                                "content": "Hint 1 goes here",
                                "classes": "html-content-text"
                            }
                             
                        }
                      ,
                
                      "LMAC4IGHTDKHUJCND7XSC3SO6SM": {
                            "data": {
                                "content": "Hint 2 goes here",
                                "classes": "html-content-text"
                            }
                             
                        }
                      ,
                
                      "L4MCZOX5CYH7U7AX5G73ZSBSISI": {
                            "data": {
                                "content": "Hint 3 goes here",
                                "classes": "html-content-text"
                            }
                             
                        }
                      ,
                
                      "L5P45R7BTAJUEJII37FE4WHQOBE": {
                            "data": {
                                "content": "Correct feedback goes here.",
                                "classes": "html-content-text"
                            }
                             
                        }
                      ,
                
                      "LAFA35XFFCDKEXEUSYFTGNCBIJY": {
                            "data": {
                                "content": "Incorrect feedback goes here.",
                                "classes": "html-content-text"
                            }
                             
                        }
                      ,
                
                      "LST7HNEF4B34ERO43D3SFZS5OEM": {
                            "data": {
                                "content": "General feedback here.",
                                "classes": "html-content-text"
                            }
                             
                        }
                      ,
                
                      "L35BV27HLJHREHFIXP75FCULNKI": {
                            "data": {
                                "content": "Partial feedback here",
                                "classes": "html-content-text"
                            }
                             
                        }
                      ,
                
                      "LQ4DZ6XWLLGME5C4P3ZFRJ76MHE": {
                            "data": {
                                "content": "Question statement goes here.",
                                "classes": "html-content-text"
                            }
                             
                        }
                      ,
                
                      "LXUJ3SB4U7GAEFISZ576F2OG3CQ": {
                            "data": {
                                "content": "Correct",
                                "classes": "html-content-text"
                            }
                             
                        }
                      ,
                
                      "LR2QV7FMUQQEUPBEXXK4RWKYL44": {
                            "data": {
                                "content": "Feedback goes here.",
                                "classes": "html-content-text"
                            }
                             
                        }
                      ,
                
                      "L7JZJ3KHCUVVUZFNILSDHVI7CJ4": {
                            "data": {
                                "content": "Incorrect",
                                "classes": "html-content-text"
                            }
                             
                        }
                      ,
                
                      "LFKYAXAQR53RUNDA3XSNWFZGPNU": {
                            "data": {
                                "content": "Feedback goes here.",
                                "classes": "html-content-text"
                            }
                             
                        }
                      ,
                
                      "LH7XTMPZC7LYUPHRQV2PR23VYMM": {
                            "data": {
                                "content": "Incorrect",
                                "classes": "html-content-text"
                            }
                             
                        }
                      ,
                
                      "LCHXTCJV44BEETMYEDVV66GTWSE": {
                            "data": {
                                "content": "Feedback goes here.",
                                "classes": "html-content-text"
                            }
                             
                        }
                      ,
                
                      "L7CUEVQEW75SUZM5GHUSMF4RAIU": {
                            "data": {
                                "content": "Incorrect",
                                "classes": "html-content-text"
                            }
                             
                        }
                      ,
                
                      "LGHXL6R4NE2LEBPGNLIAGNDRUXQ": {
                            "data": {
                                "content": "Feedback goes here.",
                                "classes": "html-content-text"
                            }
                             
                        }
                      ,
                
                      "L3MU2ZCW4ILAEJGTYFSX7IZQDS4": {
                            "data": {
                                "content": "Hint 1 goes here",
                                "classes": "html-content-text"
                            }
                             
                        }
                      ,
                
                      "L74P3X4RGE5SELDJMBTCRK5DXUY": {
                            "data": {
                                "content": "Hint 2 goes here",
                                "classes": "html-content-text"
                            }
                             
                        }
                      ,
                
                      "LYKD7STQC4PLUPK3E6RMGGINTXY": {
                            "data": {
                                "content": "Hint 3 goes here",
                                "classes": "html-content-text"
                            }
                             
                        }
                      ,
                
                      "LNKQSPVPFTLXUZJ7WZK5QVVFCDI": {
                            "data": {
                                "content": "Correct feedback goes here.",
                                "classes": "html-content-text"
                            }
                             
                        }
                      ,
                
                      "LUUZY5EZXUDLUZBOSSBXKJ552TQ": {
                            "data": {
                                "content": "Incorrect feedback goes here.",
                                "classes": "html-content-text"
                            }
                             
                        }
                      ,
                
                      "LELHS6VYJOJ4EHB65P2QNZ2REIA": {
                            "data": {
                                "content": "General feedback here.",
                                "classes": "html-content-text"
                            }
                             
                        }
                      ,
                
                      "LCS57OHYGLG6ELEUSIQZOUFXM4I": {
                            "data": {
                                "content": "Partial feedback here",
                                "classes": "html-content-text"
                            }
                             
                        }
                      
         }
      }

    