
      {
      "image": {
                  
                
                      "LDUPEVKCIB7GEXCZ4MH5J3FORTU": {
                            "data": {
                                "url": "../../source/LDUPEVKCIB7GEXCZ4MH5J3FORTU/EN6_MLO_001_DOK1_IMG_007.jpg",
                                "style": "rounded-square",
                                "width":
                                              null
                                            ,
                                "border": {
                                          "width": "",
                                          "color": "#cccccc"
                                          },
                                 "popup": true,
                                 "source": "",
                                 "type": "",
                                 "author": "",
                                 "position": null,
                                 "ratio": null,
"alt": "Lesson image alt placeholder"
                                   }
                                   }
                                ,
                
                      "LMDK6OPFGO6OUFDGJJMCMKKAPLA": {
                            "data": {
                                "url": "../../source/LMDK6OPFGO6OUFDGJJMCMKKAPLA/EN6_MLO_001_DOK1_IMG_007.jpg",
                                "style": "rounded-square",
                                "width":
                                              null
                                            ,
                                "border": {
                                          "width": "",
                                          "color": "#cccccc"
                                          },
                                 "popup": true,
                                 "source": "",
                                 "type": "",
                                 "author": "",
                                 "position": null,
                                 "ratio": null,
"alt": "Lesson image alt placeholder"
                                   }
                                   }
                                ,
                
                      "LCY4MQ262FL5EXKUSF4AHC3Y6P4": {
                            "data": {
                                "url": "../../source/LCY4MQ262FL5EXKUSF4AHC3Y6P4/EN6_MLO_001_DOK1_IMG_007.jpg",
                                "style": "rounded-square",
                                "width":
                                              null
                                            ,
                                "border": {
                                          "width": "",
                                          "color": "#cccccc"
                                          },
                                 "popup": true,
                                 "source": "",
                                 "type": "",
                                 "author": "",
                                 "position": null,
                                 "ratio": null,
"alt": "Lesson image alt placeholder"
                                   }
                                   }
                                ,
                
                      "LPU7H6NKV47SE5OALNADJAJI44M": {
                            "data": {
                                "url": "../../source/LPU7H6NKV47SE5OALNADJAJI44M/EN6_MLO_001_DOK1_IMG_007.jpg",
                                "style": "rounded-square",
                                "width":300,
                                "border": {
                                          "width": "",
                                          "color": "#cccccc"
                                          },
                                 "popup": true,
                                 "source": "",
                                 "type": "",
                                 "author": "",
                                 "position": null,
                                 "ratio": null,
"alt": "Lesson image alt placeholder"
                                   }
                                   }
                                ,
                
                      "LM4MOGJT7H35EZA4CL3S6ECUEQA": {
                            "data": {
                                "url": "../../source/LM4MOGJT7H35EZA4CL3S6ECUEQA/EN6_MLO_001_DOK1_IMG_007.jpg",
                                "style": "rounded-square",
                                "width":300,
                                "border": {
                                          "width": "",
                                          "color": "#cccccc"
                                          },
                                 "popup": true,
                                 "source": "",
                                 "type": "",
                                 "author": "",
                                 "position": null,
                                 "ratio": null,
"alt": "Lesson image alt placeholder"
                                   }
                                   }
                                ,
                
                      "L2RIQZCTRBVVUFPGQADIKHBOKOQ": {
                            "data": {
                                "url": "../../source/L2RIQZCTRBVVUFPGQADIKHBOKOQ/EN6_MLO_001_DOK1_IMG_007.jpg",
                                "style": "rounded-square",
                                "width":300,
                                "border": {
                                          "width": "",
                                          "color": "#cccccc"
                                          },
                                 "popup": true,
                                 "source": "",
                                 "type": "",
                                 "author": "",
                                 "position": null,
                                 "ratio": null,
"alt": "Lesson image alt placeholder"
                                   }
                                   }
                                ,
                
                      "LVJMN3IRARICUNPUJQ5T472QAKM": {
                            "data": {
                                "url": "../../source/LVJMN3IRARICUNPUJQ5T472QAKM/EN6_MLO_001_DOK1_IMG_007.jpg",
                                "style": "rounded-square",
                                "width":
                                              null
                                            ,
                                "border": {
                                          "width": "",
                                          "color": "#cccccc"
                                          },
                                 "popup": true,
                                 "source": "",
                                 "type": "",
                                 "author": "",
                                 "position": null,
                                 "ratio": null,
"alt": "Lesson image alt placeholder"
                                   }
                                   }
                                ,
                
                      "LTEB4LHYWODVENEMYCLD5XXVVYY": {
                            "data": {
                                "url": "../../source/LTEB4LHYWODVENEMYCLD5XXVVYY/EN6_MLO_001_DOK1_IMG_007.jpg",
                                "style": "rounded-square",
                                "width":200,
                                "border": {
                                          "width": "",
                                          "color": "#cccccc"
                                          },
                                 "popup": true,
                                 "source": "",
                                 "type": "",
                                 "author": "",
                                 "position": null,
                                 "ratio": null,
"alt": "Lesson image alt placeholder"
                                   }
                                   }
                                ,
                
                      "LAECGFCBAI2KUPF3UTE47737P4M": {
                            "data": {
                                "url": "../../source/LAECGFCBAI2KUPF3UTE47737P4M/EN6_MLO_001_DOK1_IMG_007.jpg",
                                "style": "rounded-square",
                                "width":200,
                                "border": {
                                          "width": "",
                                          "color": "#cccccc"
                                          },
                                 "popup": true,
                                 "source": "",
                                 "type": "",
                                 "author": "",
                                 "position": null,
                                 "ratio": null,
"alt": "Lesson image alt placeholder"
                                   }
                                   }
                                ,
                
                      "L3GLLU3NBT2GEFL7WS6C4LUYVTQ": {
                            "data": {
                                "url": "../../source/L3GLLU3NBT2GEFL7WS6C4LUYVTQ/EN6_MLO_001_DOK1_IMG_007.jpg",
                                "style": "rounded-square",
                                "width":200,
                                "border": {
                                          "width": "",
                                          "color": "#cccccc"
                                          },
                                 "popup": true,
                                 "source": "",
                                 "type": "",
                                 "author": "",
                                 "position": null,
                                 "ratio": null,
"alt": "Lesson image alt placeholder"
                                   }
                                   }
                                  
         }
      }

    