
                         {
                         "page":
                             {
                                 "page_id": 0,
                                 "page_title": "Template",
                                 "page_direction": "ltr",
                                 "subject_color": "#00abdc",
                                 "subject_name":"English",
                                
                                 "content": [
                                    
                                     {
                                         "component_name": "section",
                                         "component_id": "LU4RVEJLBBXXEBCWISVT6NTH3E4",
                                         "file_name": [ "section", "section_URVTFSMGXRQEZODFJLVF24AWRU"]
                                     }
                                 ]
                            }
                          }
                          
    