{
        "audio": {
                "LSP6JXXNLPHSEXHFYIIPG2BP5UE": {
                        "data": {
                                "type": "advance",
                                "autoplay": false,
                                "url": "../../source/LQWA4FYP7XBXEBIRAVBYP25WENE/AR7_MLO_151_MP_001.mp3",
                                "id": "LQWA4FYP7XBXEBIRAVBYP25WENE",
                                "controls": {
                                        "seekbar": true,
                                        "volume": true,
                                        "download": false,
                                        "volume_level": false
                                },
                                "position": null,
                                "subtitles": [
                                        {
                                                "url": "../../source/L2KTJYYQZITJE3FC7OUDQ7YFIHI/advance_video_1.vtt",
                                                "srclang": "en",
                                                "lang_name": "English",
                                                "default": true
                                        }
                                ]
                        }
                },
                "LKLLBUUYA72VUPEVHUSSAZJAHNQ": {
                        "data": {
                                "type": "advance",
                                "autoplay": false,
                                "url": "../../source/LRVVJNCZ7GSNUHGBZS3VMJI546Y/AR7_MLO_151_MP_001.mp3",
                                "id": "LRVVJNCZ7GSNUHGBZS3VMJI546Y",
                                "controls": {
                                        "seekbar": true,
                                        "volume": true,
                                        "download": false,
                                        "volume_level": false
                                },
                                "position": null,
                                "subtitles": [
                                        {
                                                "url": "../../source/L2KTJYYQZITJE3FC7OUDQ7YFIHI/advance_video_1.vtt",
                                                "srclang": "en",
                                                "lang_name": "English",
                                                "default": true
                                        }
                                ]
                        }
                },
                "LCJ53R2SPJHOU7LX3HGKNGR3UJY": {
                        "data": {
                                "type": "advance",
                                "autoplay": false,
                                "url": "../../source/LV3VNSFUFJMPEVIUIS7NMN2IRGY/AR7_MLO_151_MP_001.mp3",
                                "id": "LV3VNSFUFJMPEVIUIS7NMN2IRGY",
                                "controls": {
                                        "seekbar": true,
                                        "volume": true,
                                        "download": false,
                                        "volume_level": false
                                },
                                "position": null,
                                "subtitles": [
                                        {
                                                "url": "../../source/L2KTJYYQZITJE3FC7OUDQ7YFIHI/advance_video_1.vtt",
                                                "srclang": "en",
                                                "lang_name": "English",
                                                "default": true
                                        }
                                ]
                        }
                }
        }
}