
                  {
                    "column": {
                    
                           "L7LJWJAX2BQKUTPEZDBPIJ3YG5A":[
                          
                           
                            {
                              
                                    "component_name": "slide",
                                    "component_id": "LJGPFF23UPUOUDLKPZQX4T4WPVU",
                                  "file_name": [ "slide", "slide_SX6KF6SMUYIUTNQV2EYYBI5YQA"]
                                 

                              } 

                            ],
                           "LOD6VUS7OK5BERL5EVBHTX2KBMM":[
                          
                           
                            {
                              
                                 "component_name": "section",
                                 "component_id": "LD2GXKKMR7PZURLJDEK272DBLKA",
                                 "file_name": [ "section", "section_SX6KF6SMUYIUTNQV2EYYBI5YQA"]
                              

                              } 

                            ],
                           "L37TDHKWLLKGUHHJWN24WANPHGE":[
                          
                           
                            {
                              
                                 "component_name": "section",
                                 "component_id": "LXYEVGSHACN4UTOI3XQU6WYA5AQ",
                                 "file_name": [ "section", "section_SX6KF6SMUYIUTNQV2EYYBI5YQA"]
                              

                              } 

                            ],
                           "LEDKONACEBH4UPNJ7KQHJON746M":[
                          
                           
                            {
                              
                                 "component_name": "question",
                                  "component_id": "L7B2PVRVVIFGEVMKK2AP47AGMIE",
                                  "file_name": [ "question", "question_SX6KF6SMUYIUTNQV2EYYBI5YQA"]
                               

                              } 

                            ],
                           "LFHYMAJFMPGVEXGWYYF2YHCCRGI":[
                          
                           

                            ],
                           "LSXN2MJFPYFFUJG63HWJICH33TM":[
                          
                           
                            {
                              
                                 "component_name": "html",
                                 "component_id": "L2VXZNHOR42LE3JZJMTRC3JTI3Q",
                                 "file_name": [ "html", "html_SX6KF6SMUYIUTNQV2EYYBI5YQA"]
                              

                              } 

                            ],
                           "LCNK62NOWM7WEZO4U3UAPXJGKN4":[
                          
                           
                            {
                              
                                 "component_name": "html",
                                 "component_id": "LEMXOMZL7QHFUXHYOZFGNO2T44U",
                                 "file_name": [ "html", "html_SX6KF6SMUYIUTNQV2EYYBI5YQA"]
                              

                              } 

                            ],
                           "LADURYJVOSRIU5H35V2QVR5BSCI":[
                          
                           
                            {
                              
                                 "component_name": "html",
                                 "component_id": "LE3T2TPU37A3UZASEEFJQ4VHEFY",
                                 "file_name": [ "html", "html_SX6KF6SMUYIUTNQV2EYYBI5YQA"]
                              

                              } 

                            ],
                           "LGWF45ATUVTOUTD4TDTKTFUQR7A":[
                          
                           
                            {
                              
                                 "component_name": "html",
                                 "component_id": "LZEQOF3YT5P4EDLXX2R2OW4OYZY",
                                 "file_name": [ "html", "html_SX6KF6SMUYIUTNQV2EYYBI5YQA"]
                              

                              } 

                            ],
                           "LS4UXFUVUS47ENAZZHTAKXIP354":[
                          
                           
                            {
                              
                                 "component_name": "section",
                                 "component_id": "LLSXUOSFDO7CU5BXYJIN6X6DEVQ",
                                 "file_name": [ "section", "section_SX6KF6SMUYIUTNQV2EYYBI5YQA"]
                              

                              } 

                            ],
                           "LLVAGVVIEQQEEVMDVXVQ3SCAFKA":[
                          
                           
                            {
                              
                                 "component_name": "question",
                                  "component_id": "LG6AEAULFUWKEFCNHCLX536TAFE",
                                  "file_name": [ "question", "question_SX6KF6SMUYIUTNQV2EYYBI5YQA"]
                               

                              } 

                            ],
                           "L3AO3RZJ2ZWXUTLQ2YZT243BWGU":[
                          
                           

                            ],
                           "LTLEZZAWWRYIETI6NKUX232DTPE":[
                          
                           
                            {
                              
                                 "component_name": "html",
                                 "component_id": "LHBDEIB2SCGBU5HRWIAQEDXTLVE",
                                 "file_name": [ "html", "html_SX6KF6SMUYIUTNQV2EYYBI5YQA"]
                              

                              } 

                            ],
                           "L2TWXSWT6KI6U5NKX5SYM5NBGYQ":[
                          
                           
                            {
                              
                                 "component_name": "html",
                                 "component_id": "LAHGWEZVD7DLEPKDTIVW62MW3SA",
                                 "file_name": [ "html", "html_SX6KF6SMUYIUTNQV2EYYBI5YQA"]
                              

                              } 

                            ],
                           "LQNRPLJ7OLTGE3O4QNHS6MIG42M":[
                          
                           
                            {
                              
                                 "component_name": "section",
                                 "component_id": "LVRFQZWDVOEPE7DKLGL7ZTDUK5E",
                                 "file_name": [ "section", "section_SX6KF6SMUYIUTNQV2EYYBI5YQA"]
                              

                              } 

                            ],
                           "L3C6NI6NRBW2ULJ7G34LNESJS7M":[
                          
                           
                            {
                              
                                 "component_name": "question",
                                  "component_id": "LA64ZAOB4ODGEBHPRASEYNEQNQA",
                                  "file_name": [ "question", "question_SX6KF6SMUYIUTNQV2EYYBI5YQA"]
                               

                              } 

                            ],
                           "LYQGZT44MF3LUPL5MPJ4DYHBCC4":[
                          
                           

                            ],
                           "LBV7CYXEUTKRUVNYB253ES76ZLQ":[
                          
                           
                            {
                              
                                 "component_name": "html",
                                 "component_id": "LWK2HCYPDXB2ENOYGLECPVYMHMQ",
                                 "file_name": [ "html", "html_SX6KF6SMUYIUTNQV2EYYBI5YQA"]
                              

                              } 

                            ],
                           "LGUPE4CL5IHFUVDXUOLUXXGKDIM":[
                          
                           
                            {
                              
                                 "component_name": "html",
                                 "component_id": "LVRF5RRFZUBKULG7PEUKMNRNLMM",
                                 "file_name": [ "html", "html_SX6KF6SMUYIUTNQV2EYYBI5YQA"]
                              

                              } 

                            ],
                           "LERKNKMABTYREXONPIVFG6E6D3E":[
                          
                           
                            {
                              
                                 "component_name": "section",
                                 "component_id": "L7JEIYZW4JILENOTBK2AEGIRQV4",
                                 "file_name": [ "section", "section_SX6KF6SMUYIUTNQV2EYYBI5YQA"]
                              

                              } 

                            ],
                           "LAY2VDKUXCRGU3LFGUQ42Y7JJC4":[
                          
                           
                            {
                              
                                 "component_name": "section",
                                 "component_id": "LGOLDVGJYZCRENBEN4YNE4ZDKCA",
                                 "file_name": [ "section", "section_SX6KF6SMUYIUTNQV2EYYBI5YQA"]
                              

                              } 

                            ],
                           "LBKFE5IIQM3OUHPHJGXSY7ISTV4":[
                          
                           
                            {
                              
                                 "component_name": "question",
                                  "component_id": "LUO2EDIF6AYJU3O6PVGV7DGAE6U",
                                  "file_name": [ "question", "question_SX6KF6SMUYIUTNQV2EYYBI5YQA"]
                               

                              } 

                            ],
                           "LV62RPYY3PD5EPLQ6R4L3BJRJRY":[
                          
                           

                            ],
                           "LTD7KS26EJ7IEBCZZU4BVR2XHLI":[
                          
                           
                            {
                              
                                 "component_name": "html",
                                 "component_id": "L23FL5SEN46KEVE2CL7RYRLM52A",
                                 "file_name": [ "html", "html_SX6KF6SMUYIUTNQV2EYYBI5YQA"]
                              

                              } 

                            ],
                           "LNKFMBBIEAH6EDFFXJXNZLKZURY":[
                          
                           
                            {
                              
                                 "component_name": "html",
                                 "component_id": "LDZZIQWHN6SFEJLQ2MQJ6NTMR7Y",
                                 "file_name": [ "html", "html_SX6KF6SMUYIUTNQV2EYYBI5YQA"]
                              

                              } 

                            ],
                           "LYPHBA5OFBZNETMYQKAZXHAYXK4":[
                          
                           
                            {
                              
                                 "component_name": "section",
                                 "component_id": "LBEPYSYWVFETUXEN4V7FZWWXUWU",
                                 "file_name": [ "section", "section_SX6KF6SMUYIUTNQV2EYYBI5YQA"]
                              

                              } 

                            ],
                           "LNMTVCNH5ULEELBL4VW2ZY6ZFMY":[
                          
                           
                            {
                              
                                 "component_name": "question",
                                  "component_id": "LRDCCRGOCEC4U5I3DVGQQBJFAQU",
                                  "file_name": [ "question", "question_SX6KF6SMUYIUTNQV2EYYBI5YQA"]
                               

                              } 

                            ],
                           "LY6T7NFUKNFOUZE4QNLPJ75KUJU":[
                          
                           

                            ],
                           "LQP5BP3JIHMIEBDG54QN77X42BU":[
                          
                           
                            {
                              
                                 "component_name": "html",
                                 "component_id": "LVL2PSE56BXKUXNCDGA72AZZ6QU",
                                 "file_name": [ "html", "html_SX6KF6SMUYIUTNQV2EYYBI5YQA"]
                              

                              } 

                            ],
                           "LI3OK5MXYVQBUZOD4BHATMC7C3Q":[
                          
                           
                            {
                              
                                 "component_name": "section",
                                 "component_id": "LFHESRJW3A23EPHAC4TRXERIGBQ",
                                 "file_name": [ "section", "section_SX6KF6SMUYIUTNQV2EYYBI5YQA"]
                              

                              } ,
                            {
                              
                                 "component_name": "section",
                                 "component_id": "L6KEGIP5FMB2EHO2Z4KK3P3IIHQ",
                                 "file_name": [ "section", "section_SX6KF6SMUYIUTNQV2EYYBI5YQA"]
                              

                              } 

                            ],
                           "LT6KBJAXHP4XERGT3SQETZIF5G4":[
                          
                           

                            ],
                           "LOP2HPBCYZSQEHBLNKDJDZ3RARY":[
                          
                           
                            {
                              
                                 "component_name": "section",
                                 "component_id": "LVDQHOMZ5AFBEJIGLMAU67FSYWA",
                                 "file_name": [ "section", "section_SX6KF6SMUYIUTNQV2EYYBI5YQA"]
                              

                              } 

                            ],
                           "LS5MU3AZW2CVEFGMJLLSUFBRMYE":[
                          
                           
                            {
                              
                                    "component_name": "image_hotspot",
                                    "component_id": "LW5PQN4UQ5TOUNCVDNV4BMJJHTA",
                                  "file_name": [ "image_hotspot", "image_hotspot_SX6KF6SMUYIUTNQV2EYYBI5YQA"]                            
                               

                              } 

                            ],
                           "L26GA6NJO52ZUXDPIM2DBLE6MMA":[
                          
                           
                            {
                              
                                 "component_name": "html",
                                 "component_id": "L6Q7QNGOK3C6ULGVARZCEGTTSSM",
                                 "file_name": [ "html", "html_SX6KF6SMUYIUTNQV2EYYBI5YQA"]
                              

                              } 

                            ],
                           "L2LE73IEXQ2YEHFUXIAIPZTOSRM":[
                          
                           
                            {
                              
                                 "component_name": "section",
                                 "component_id": "LXBVD26S5UW3UNJKVLY53TABPAM",
                                 "file_name": [ "section", "section_SX6KF6SMUYIUTNQV2EYYBI5YQA"]
                              

                              } 

                            ],
                           "LP63HKKYAYENELE3TR4PD6R27YA":[
                          
                           
                            {
                              
                                    "component_name": "image_hotspot",
                                    "component_id": "LTT7BGJ5SUOYEBFE2NGYM73ZEHM",
                                  "file_name": [ "image_hotspot", "image_hotspot_SX6KF6SMUYIUTNQV2EYYBI5YQA"]                            
                               

                              } 

                            ],
                           "LDR2JTTVVBBIEZD6TNZM2TD4AKU":[
                          
                           
                            {
                              
                                 "component_name": "html",
                                 "component_id": "LZMDAV34OBAGUNAWMM7M2FMWAH4",
                                 "file_name": [ "html", "html_SX6KF6SMUYIUTNQV2EYYBI5YQA"]
                              

                              } 

                            ],
                           "LIKJNWN3LHPTUPG5S7KY2MJVT3E":[
                          
                           
                            {
                              
                                 "component_name": "section",
                                 "component_id": "LWLE43CGR43IUXMIWSBMIHDV4SI",
                                 "file_name": [ "section", "section_SX6KF6SMUYIUTNQV2EYYBI5YQA"]
                              

                              } 

                            ],
                           "LAFHOG6KUQ7KE7BISRF3AZ34GP4":[
                          
                           
                            {
                              
                                    "component_name": "image_hotspot",
                                    "component_id": "L4EQRGC4YSDWUPGAYGIERVYSMSE",
                                  "file_name": [ "image_hotspot", "image_hotspot_SX6KF6SMUYIUTNQV2EYYBI5YQA"]                            
                               

                              } 

                            ],
                           "L2TQLVMVCFVYUZMKHTBVIHWMGQQ":[
                          
                           
                            {
                              
                                 "component_name": "html",
                                 "component_id": "LBGP6QF6X74CU3MG7K6GY4HBDAA",
                                 "file_name": [ "html", "html_SX6KF6SMUYIUTNQV2EYYBI5YQA"]
                              

                              } 

                            ],
                           "LSEAQTYYL7UZUPNLMO7R3E4EOBY":[
                          
                           
                            {
                              
                                 "component_name": "section",
                                 "component_id": "LBCBCI3BZXUXEDOZHGVZRLK2RMM",
                                 "file_name": [ "section", "section_SX6KF6SMUYIUTNQV2EYYBI5YQA"]
                              

                              } 

                            ],
                           "LOJLLQK7FKMJEDJFZIZC3C3OY44":[
                          
                           
                            {
                              
                                    "component_name": "image_hotspot",
                                    "component_id": "LFHNIBILYK4OUNKUL2BRACFOQBE",
                                  "file_name": [ "image_hotspot", "image_hotspot_SX6KF6SMUYIUTNQV2EYYBI5YQA"]                            
                               

                              } 

                            ],
                           "LQ45M66TYU5IUNO3VBWCHRY7AYY":[
                          
                           
                            {
                              
                                 "component_name": "html",
                                 "component_id": "LVJXHQR4MYIQUTFAD4S43M7TNFY",
                                 "file_name": [ "html", "html_SX6KF6SMUYIUTNQV2EYYBI5YQA"]
                              

                              } 

                            ],
                           "L53P3DOLGW72UHBKO4FDCLNCDME":[
                          
                           
                            {
                              
                                 "component_name": "section",
                                 "component_id": "LVEPIL26BFIYETNY5CDCDSQVH4I",
                                 "file_name": [ "section", "section_SX6KF6SMUYIUTNQV2EYYBI5YQA"]
                              

                              } ,
                            {
                              
                                 "component_name": "section",
                                 "component_id": "LQ4FXQSFXKKDU3NRNGJSZCN5HJM",
                                 "file_name": [ "section", "section_SX6KF6SMUYIUTNQV2EYYBI5YQA"]
                              

                              } 

                            ],
                           "LEMIHYP52VEQURI4WC77D5CLKVQ":[
                          
                           

                            ],
                           "LAN2GV45URXFUZNVLR2XSSOCAFA":[
                          
                           
                            {
                              
                                 "component_name": "section",
                                 "component_id": "L2AUYV2DR2I2URG6PDPWAGO7IUE",
                                 "file_name": [ "section", "section_SX6KF6SMUYIUTNQV2EYYBI5YQA"]
                              

                              } 

                            ],
                           "LXM5VUUOENTXE7M3XLYHODM3KFQ":[
                          
                           

                            ],
                           "LV5WWPSJKUPXULG47BE76BZPDWI":[
                          
                           
                            {
                              
                                 "component_name": "advance_video",
                                  "component_id": "LXA4NFYXEHXREBFETHEOT7UQGAM",
                                  "file_name": [ "advance_video", "advance_video_SX6KF6SMUYIUTNQV2EYYBI5YQA"]
                               

                              } 

                            ],
                           "LAINPQ45KUSOUJBYSNZAJBPHCCE":[
                          
                           
                            {
                              
                                 "component_name": "html",
                                 "component_id": "LXZQSU4RYFKQE5O36T724HHPJA4",
                                 "file_name": [ "html", "html_SX6KF6SMUYIUTNQV2EYYBI5YQA"]
                              

                              } 

                            ],
                           "LSJLBNOMDR52EHHLYLDHNPQU3FY":[
                          
                           
                            {
                              
                                 "component_name": "section",
                                 "component_id": "LOFN2HGMVONQEPLUMNK5KSLSL5A",
                                 "file_name": [ "section", "section_SX6KF6SMUYIUTNQV2EYYBI5YQA"]
                              

                              } 

                            ],
                           "LKRD4SMK47FNUBD2P4B7SQ35YHU":[
                          
                           

                            ],
                           "LNFSNL32BMYTEFDN4JZ7BKTXPII":[
                          
                           
                            {
                              
                                 "component_name": "advance_video",
                                  "component_id": "LTKDSX4TYGX2UZEHCL236LPLCJA",
                                  "file_name": [ "advance_video", "advance_video_SX6KF6SMUYIUTNQV2EYYBI5YQA"]
                               

                              } 

                            ],
                           "LWSINVEXS4QHEJAJK2CMCYNKUZ4":[
                          
                           
                            {
                              
                                 "component_name": "html",
                                 "component_id": "LXSNPIEKZKVSULIJZCP7X77OE4I",
                                 "file_name": [ "html", "html_SX6KF6SMUYIUTNQV2EYYBI5YQA"]
                              

                              } 

                            ],
                           "L65BHLLIJUEFU5JNJ5GMZGDNZWY":[
                          
                           
                            {
                              
                                 "component_name": "section",
                                 "component_id": "LUMBBORJMMTREBFXRPMETQJWMTQ",
                                 "file_name": [ "section", "section_SX6KF6SMUYIUTNQV2EYYBI5YQA"]
                              

                              } 

                            ],
                           "LTB7MMYUCXK4E3KOC6LUXNP43MA":[
                          
                           

                            ],
                           "LD7YY34S7SSTUZD2VWUJZ623XKQ":[
                          
                           
                            {
                              
                                 "component_name": "section",
                                 "component_id": "LEWXBJIY5UMKUFECW3W66ITCTBA",
                                 "file_name": [ "section", "section_SX6KF6SMUYIUTNQV2EYYBI5YQA"]
                              

                              } 

                            ],
                           "LFCNRX5SPMHHEJADPTBEP27REIE":[
                          
                           
                            {
                              
                                 "component_name": "audio_advanced",
                                  "component_id": "LZI6MQBRKB32UJOKHX6N4OTK7JM",
                                  "file_name": [ "audio_advanced", "audio_advanced_SX6KF6SMUYIUTNQV2EYYBI5YQA"]
                               

                              } 

                            ],
                           "LCAWVCJWDVVOEVKOBICY7RBAOHA":[
                          
                           
                            {
                              
                                 "component_name": "image",
                                  "component_id": "LTDTC57G4E3JUHK56COTP4K54Y4",
                                  "file_name": [ "image", "image_SX6KF6SMUYIUTNQV2EYYBI5YQA"]
                               

                              } 

                            ],
                           "LXD2LSZI4W42ERH6AT4EZE77GTI":[
                          
                           
                            {
                              
                                 "component_name": "html",
                                 "component_id": "LW5ORTRUCDY3UZEOPQ66EQ5CYAY",
                                 "file_name": [ "html", "html_SX6KF6SMUYIUTNQV2EYYBI5YQA"]
                              

                              } 

                            ],
                           "LJWFLF5YVCQWETAVJRAZ2RRABFE":[
                          
                           
                            {
                              
                                 "component_name": "html",
                                 "component_id": "LQ52UBTSIXIJUTPH67RGVAQQTLI",
                                 "file_name": [ "html", "html_SX6KF6SMUYIUTNQV2EYYBI5YQA"]
                              

                              } 

                            ],
                           "LNGFZSZJ3LBIEFNX6JCMGSTAWRE":[
                          
                           
                            {
                              
                                 "component_name": "section",
                                 "component_id": "LRXYUTBO7TSEE3LSMCJEI6C6RWA",
                                 "file_name": [ "section", "section_SX6KF6SMUYIUTNQV2EYYBI5YQA"]
                              

                              } 

                            ],
                           "LSA37IX2A7Q7E5HR2DJT3E2AZHE":[
                          
                           
                            {
                              
                                 "component_name": "audio_advanced",
                                  "component_id": "LOR3HLY5T24SUPLLPPNMHLR2ETE",
                                  "file_name": [ "audio_advanced", "audio_advanced_SX6KF6SMUYIUTNQV2EYYBI5YQA"]
                               

                              } 

                            ],
                           "LWJADSBS4QSFUBKN3DNOAOXCZGI":[
                          
                           
                            {
                              
                                 "component_name": "html",
                                 "component_id": "LQ4VHQBUPXQ3URD7KKRARHKVJ4A",
                                 "file_name": [ "html", "html_SX6KF6SMUYIUTNQV2EYYBI5YQA"]
                              

                              } 

                            ],
                           "LJWARYMYELTNEZDLX3HEFDKZRRE":[
                          
                           
                            {
                              
                                 "component_name": "html",
                                 "component_id": "LQ6YIKFZB2TJEFPDOKRNAL75QTI",
                                 "file_name": [ "html", "html_SX6KF6SMUYIUTNQV2EYYBI5YQA"]
                              

                              } 

                            ],
                           "L4IS36LZT632U7MQFB62H2IY5HE":[
                          
                           
                            {
                              
                                 "component_name": "section",
                                 "component_id": "L7YHIY7NFR3QEFLNOB2XS5XKLVE",
                                 "file_name": [ "section", "section_SX6KF6SMUYIUTNQV2EYYBI5YQA"]
                              

                              } 

                            ],
                           "LKUBADELHJLCEJCD76UVBGLWHJY":[
                          
                           
                            {
                              
                                 "component_name": "audio_advanced",
                                  "component_id": "LIX2GL7VJKGDUTDYTLODMCJ6EDQ",
                                  "file_name": [ "audio_advanced", "audio_advanced_SX6KF6SMUYIUTNQV2EYYBI5YQA"]
                               

                              } 

                            ],
                           "L4F6AN3UWSOZUXGGFO4CS2H5U6A":[
                          
                           
                            {
                              
                                 "component_name": "image",
                                  "component_id": "LUMDU3O2L3HYE7IQVH74NJU36IM",
                                  "file_name": [ "image", "image_SX6KF6SMUYIUTNQV2EYYBI5YQA"]
                               

                              } 

                            ],
                           "LZ4S7I7OKDTQUTFOKDLEYGYC2W4":[
                          
                           
                            {
                              
                                 "component_name": "html",
                                 "component_id": "LATCXDMZHUVAUFCESA37EQ7MOEI",
                                 "file_name": [ "html", "html_SX6KF6SMUYIUTNQV2EYYBI5YQA"]
                              

                              } 

                            ],
                           "LMUJR6HNODK5EJCEGPLOEXWBYOY":[
                          
                           
                            {
                              
                                 "component_name": "html",
                                 "component_id": "LXPTDPRKUIFEUPPIA4GWD4ZXW7Q",
                                 "file_name": [ "html", "html_SX6KF6SMUYIUTNQV2EYYBI5YQA"]
                              

                              } 

                            ],
                           "LHYRPJTN3PNVEJGBBXWMXLMXESU":[
                          
                           
                            {
                              
                                 "component_name": "section",
                                 "component_id": "LDXML73QC5PNEDLXO4LTADGLFXM",
                                 "file_name": [ "section", "section_SX6KF6SMUYIUTNQV2EYYBI5YQA"]
                              

                              } ,
                            {
                              
                                 "component_name": "section",
                                 "component_id": "LQPEH2EWK4AXEFBZRTJFWMZG4U4",
                                 "file_name": [ "section", "section_SX6KF6SMUYIUTNQV2EYYBI5YQA"]
                              

                              } 

                            ],
                           "LW4IUQDBKUIBUBF55AV54Z3UK2I":[
                          
                           
                            {
                              
                                 "component_name": "section",
                                 "component_id": "LMK7D5YSZTQ6UVD5SQNZ4JDA7FE",
                                 "file_name": [ "section", "section_SX6KF6SMUYIUTNQV2EYYBI5YQA"]
                              

                              } 

                            ],
                           "LC7KLUOSHB3ZETCKLWC5DYDA3IA":[
                          
                           

                            ],
                           "LRUQHSNV7LQ5E5H4BVTU2MRULHM":[
                          
                           
                            {
                              
                                 "component_name": "section",
                                 "component_id": "LXNIP72VAZY2U3HQNPGAM6AJXKM",
                                 "file_name": [ "section", "section_SX6KF6SMUYIUTNQV2EYYBI5YQA"]
                              

                              } 

                            ],
                           "LNZQBXZY6CCMU7HGQPOAY7NMLDU":[
                          
                           
                            {
                              
                                    "component_name": "collapse",
                                    "component_id": "LKKNN5KOM2C7UBAWA5XPVUK5ETQ",
                                  "file_name": [ "collapse", "collapse_SX6KF6SMUYIUTNQV2EYYBI5YQA"]
                                 

                              } 

                            ],
                           "LHXU4CXKQLU7EFOG2LUH3RWKLFY":[
                          
                           
                            {
                              
                                 "component_name": "html",
                                 "component_id": "LG263RGJ6OHIE3D5QXHDCUXZ74M",
                                 "file_name": [ "html", "html_SX6KF6SMUYIUTNQV2EYYBI5YQA"]
                              

                              } 

                            ],
                           "L35IG7LDN7KREHIR2FWQESWBPLU":[
                          
                           
                            {
                              
                                 "component_name": "image",
                                  "component_id": "LIZTHKAGMDOJUJJYKN4BO7JYQ3Q",
                                  "file_name": [ "image", "image_SX6KF6SMUYIUTNQV2EYYBI5YQA"]
                               

                              } 

                            ],
                           "LHP66FZQAQNBEJAVGJ6752V3GEI":[
                          
                           
                            {
                              
                                 "component_name": "section",
                                 "component_id": "L5TZ6VMYHS6CULLIHE4GCVW4QQU",
                                 "file_name": [ "section", "section_SX6KF6SMUYIUTNQV2EYYBI5YQA"]
                              

                              } 

                            ],
                           "L33QA6C4LSQEEFITXDSPB3IIHBY":[
                          
                           
                            {
                              
                                    "component_name": "collapse",
                                    "component_id": "L7R3O7BRILV5U3P676FKLIRTF6E",
                                  "file_name": [ "collapse", "collapse_SX6KF6SMUYIUTNQV2EYYBI5YQA"]
                                 

                              } 

                            ],
                           "LAUCK54X7IOIETE2LHMYN5FBJ2Q":[
                          
                           
                            {
                              
                                 "component_name": "html",
                                 "component_id": "LGMRCW7WAAP2UDBRPKPB4MZ4K6Q",
                                 "file_name": [ "html", "html_SX6KF6SMUYIUTNQV2EYYBI5YQA"]
                              

                              } 

                            ],
                           "LIXB4J5OYIFOEXNLEUKDXGFT6EY":[
                          
                           
                            {
                              
                                 "component_name": "image",
                                  "component_id": "LTVSEPJ44J6YEDEUG2QFHANYASM",
                                  "file_name": [ "image", "image_SX6KF6SMUYIUTNQV2EYYBI5YQA"]
                               

                              } 

                            ],
                           "LVIGBIKCIYPWU7L25MHCAYJ5S3I":[
                          
                           
                            {
                              
                                 "component_name": "section",
                                 "component_id": "LBWGGO3L47EXEPILZUL25LG7FWY",
                                 "file_name": [ "section", "section_SX6KF6SMUYIUTNQV2EYYBI5YQA"]
                              

                              } 

                            ],
                           "LGWGLU2M5R33E5D6WBTLGWAWBBI":[
                          
                           
                            {
                              
                                    "component_name": "collapse",
                                    "component_id": "LE26UECRXCLEU7NQZRYZ5GNHIEQ",
                                  "file_name": [ "collapse", "collapse_SX6KF6SMUYIUTNQV2EYYBI5YQA"]
                                 

                              } 

                            ],
                           "LXT2JO5LDSDWUVLAHIDYAJWNLCE":[
                          
                           
                            {
                              
                                 "component_name": "html",
                                 "component_id": "LJWEYMRU4CKAEXIGOJOXUE4VSC4",
                                 "file_name": [ "html", "html_SX6KF6SMUYIUTNQV2EYYBI5YQA"]
                              

                              } 

                            ],
                           "LJRSHIREJ5RYU3DQRC6CJJDCO3I":[
                          
                           
                            {
                              
                                 "component_name": "image",
                                  "component_id": "LWRHDCUFFURPUVH5WX6B57LTGXU",
                                  "file_name": [ "image", "image_SX6KF6SMUYIUTNQV2EYYBI5YQA"]
                               

                              } 

                            ],
                           "LACEDUPFQMRQE3MICADK3U5BNMQ":[
                          
                           
                            {
                              
                                 "component_name": "section",
                                 "component_id": "LGNDYERRM2HIE5LDZYETOWD4NSA",
                                 "file_name": [ "section", "section_SX6KF6SMUYIUTNQV2EYYBI5YQA"]
                              

                              } ,
                            {
                              
                                 "component_name": "section",
                                 "component_id": "LV653RUJAKHPE7OHRTTEJEJKD5I",
                                 "file_name": [ "section", "section_SX6KF6SMUYIUTNQV2EYYBI5YQA"]
                              

                              } ,
                            {
                              
                                 "component_name": "section",
                                 "component_id": "LEMFTXKJW4NPEXNC6KAYLSVQFDE",
                                 "file_name": [ "section", "section_SX6KF6SMUYIUTNQV2EYYBI5YQA"]
                              

                              } 

                            ],
                           "LYI65WZCQZAMEPL742WHOAZPANM":[
                          
                           
                            {
                              
                                 "component_name": "section",
                                 "component_id": "LNVVU2N7TV3MUTJDDTQCYKCT3HI",
                                 "file_name": [ "section", "section_SX6KF6SMUYIUTNQV2EYYBI5YQA"]
                              

                              } 

                            ],
                           "LU75IYG6O3V3U3DWRP4WAEO2LC4":[
                          
                           
                            {
                              
                                    "component_name": "flipcard",
                                    "component_id": "LOPFAZU2NAWSEVL5OUKT3TL7SXI",
                                    "file_name": [ "flipcard", "flipcard_SX6KF6SMUYIUTNQV2EYYBI5YQA"]   
                                  

                              } 

                            ],
                           "LYYVBUMEJWTQENP5RZYVJVJJJBY":[
                          
                           
                            {
                              
                                 "component_name": "html",
                                 "component_id": "LVCNY7WPLXIDEBO75DDJIVKTA4U",
                                 "file_name": [ "html", "html_SX6KF6SMUYIUTNQV2EYYBI5YQA"]
                              

                              } 

                            ],
                           "LHQADBMRQTRBUBAC4ETBOPGTZPI":[
                          
                           
                            {
                              
                                 "component_name": "html",
                                 "component_id": "LV3HVIC2WK6WEPDQ2HPSCYGVCOE",
                                 "file_name": [ "html", "html_SX6KF6SMUYIUTNQV2EYYBI5YQA"]
                              

                              } 

                            ],
                           "LVHD7R5HXO2HUBNFXLBYOBKYGHA":[
                          
                           
                            {
                              
                                    "component_name": "flipcard",
                                    "component_id": "LGEBBJBWJGFWE3FU65SGVNQGTUM",
                                    "file_name": [ "flipcard", "flipcard_SX6KF6SMUYIUTNQV2EYYBI5YQA"]   
                                  

                              } 

                            ],
                           "LOTUYFN2UXLIENEF6S4ZFL32BYM":[
                          
                           
                            {
                              
                                 "component_name": "html",
                                 "component_id": "L2I5RNFSGCZ2EZHF7CXJGQRLW4E",
                                 "file_name": [ "html", "html_SX6KF6SMUYIUTNQV2EYYBI5YQA"]
                              

                              } 

                            ],
                           "LDFW5BMCRSYQEDAYNLNQJKRYIJM":[
                          
                           
                            {
                              
                                 "component_name": "html",
                                 "component_id": "LXOR6ZCITEFGELL26JKGIEN5XRQ",
                                 "file_name": [ "html", "html_SX6KF6SMUYIUTNQV2EYYBI5YQA"]
                              

                              } 

                            ],
                           "LOSFIAN5RKM4ELH5SGPEIQ3ZDQY":[
                          
                           
                            {
                              
                                    "component_name": "flipcard",
                                    "component_id": "LM42LLLHLRS6UBKJN3VQGWIQEU4",
                                    "file_name": [ "flipcard", "flipcard_SX6KF6SMUYIUTNQV2EYYBI5YQA"]   
                                  

                              } 

                            ],
                           "LFEBCLCJTM6DELPTKVQU5BK67OQ":[
                          
                           
                            {
                              
                                 "component_name": "html",
                                 "component_id": "LUCJS2H6UPAYEBBX5WKQDDQ3NVE",
                                 "file_name": [ "html", "html_SX6KF6SMUYIUTNQV2EYYBI5YQA"]
                              

                              } 

                            ],
                           "LOH3PVZCFEAEUVFEA25NVSJFWVA":[
                          
                           
                            {
                              
                                 "component_name": "html",
                                 "component_id": "LF3HPCOMI7RBEFG5LCXJMMRWHSM",
                                 "file_name": [ "html", "html_SX6KF6SMUYIUTNQV2EYYBI5YQA"]
                              

                              } 

                            ],
                           "LEM44AQXPB3UURBTECZXRC4BULE":[
                          
                           
                            {
                              
                                    "component_name": "flipcard",
                                    "component_id": "L6VNYKFDWLHLEJDOG76KX4T2TD4",
                                    "file_name": [ "flipcard", "flipcard_SX6KF6SMUYIUTNQV2EYYBI5YQA"]   
                                  

                              } 

                            ],
                           "LAZAI25XDYDYUZHFDCKO6D57SHY":[
                          
                           
                            {
                              
                                 "component_name": "html",
                                 "component_id": "LYBDJL6COKCIEDG6FCH5O6GB2OM",
                                 "file_name": [ "html", "html_SX6KF6SMUYIUTNQV2EYYBI5YQA"]
                              

                              } 

                            ],
                           "LDANBJXH2YUJUHCVMWPWCDAKISA":[
                          
                           
                            {
                              
                                 "component_name": "html",
                                 "component_id": "LEHAR5MS42DIEVJ26JAZQUAOSUE",
                                 "file_name": [ "html", "html_SX6KF6SMUYIUTNQV2EYYBI5YQA"]
                              

                              } 

                            ],
                           "L37D2VEWLXOFE3NYHBQ4AJXSTAU":[
                          
                           
                            {
                              
                                    "component_name": "flipcard",
                                    "component_id": "LFKATLRVVLY4UTPWEBOGJMRKJRQ",
                                    "file_name": [ "flipcard", "flipcard_SX6KF6SMUYIUTNQV2EYYBI5YQA"]   
                                  

                              } 

                            ],
                           "LPORMWGBULX7E7A5V5H2DZPSXKQ":[
                          
                           
                            {
                              
                                 "component_name": "html",
                                 "component_id": "LPBDR5ZEBCX3UNJREIA4SRHC2IM",
                                 "file_name": [ "html", "html_SX6KF6SMUYIUTNQV2EYYBI5YQA"]
                              

                              } 

                            ],
                           "LXC5LXWXFAO7ELGGMUNOTGATHWI":[
                          
                           
                            {
                              
                                 "component_name": "html",
                                 "component_id": "LGU6RE5ZCSPCUHGVSCOP7P2NTGQ",
                                 "file_name": [ "html", "html_SX6KF6SMUYIUTNQV2EYYBI5YQA"]
                              

                              } 

                            ],
                           "LS6ZTHX7CJRGUXJOL3FAPA7MQEE":[
                          
                           
                            {
                              
                                 "component_name": "html",
                                 "component_id": "LPZ7FYMT3X3MU5NRNYEFR66EU7U",
                                 "file_name": [ "html", "html_SX6KF6SMUYIUTNQV2EYYBI5YQA"]
                              

                              } 

                            ],
                           "LDEHMQWXW7SEUTFEIOSHCZOMTVM":[
                          
                           
                            {
                              
                                 "component_name": "html",
                                 "component_id": "LHSAANIVLZPYEZBXDSGLXQSQVNQ",
                                 "file_name": [ "html", "html_SX6KF6SMUYIUTNQV2EYYBI5YQA"]
                              

                              } 

                            ],
                           "LKQCFWZAVCUBUJJG4AEMR6W37LM":[
                          
                           
                            {
                              
                                 "component_name": "html",
                                 "component_id": "LUNAPAEOMPKWEXFYNTML6S2Z26Q",
                                 "file_name": [ "html", "html_SX6KF6SMUYIUTNQV2EYYBI5YQA"]
                              

                              } 

                            ],
                           "LJ37THWY4SMHUBDTTDZHVHMURHI":[
                          
                           
                            {
                              
                                 "component_name": "html",
                                 "component_id": "LJGX6WXIOJI5EHP7WABPBPKZLLE",
                                 "file_name": [ "html", "html_SX6KF6SMUYIUTNQV2EYYBI5YQA"]
                              

                              } 

                            ],
                           "L364FMPTDCYMEDK2J2SCIQU6RCE":[
                          
                           
                            {
                              
                                 "component_name": "html",
                                 "component_id": "LB27MLO6L6FPUJOMFVMA3MYCHPY",
                                 "file_name": [ "html", "html_SX6KF6SMUYIUTNQV2EYYBI5YQA"]
                              

                              } 

                            ],
                           "LYQ7DENLSKHEUTBJ55BFQWSHAME":[
                          
                           
                            {
                              
                                 "component_name": "html",
                                 "component_id": "L7NMBWO3UNXIUPJWKR6QTX2XQ7M",
                                 "file_name": [ "html", "html_SX6KF6SMUYIUTNQV2EYYBI5YQA"]
                              

                              } 

                            ],
                           "LPQ2ASR7YYTXUZPNR62XLJD62VQ":[
                          
                           
                            {
                              
                                    "component_name": "flipcard",
                                    "component_id": "L2CKI4JOZO2KULDLF3IR2OCIWNI",
                                    "file_name": [ "flipcard", "flipcard_SX6KF6SMUYIUTNQV2EYYBI5YQA"]   
                                  

                              } 

                            ],
                           "L75LRFBGML35E7OC6I7OIJ6ZTDI":[
                          
                           
                            {
                              
                                 "component_name": "html",
                                 "component_id": "LWMD3OKLAGEHUNJ2PMRMKJBYE6E",
                                 "file_name": [ "html", "html_SX6KF6SMUYIUTNQV2EYYBI5YQA"]
                              

                              } 

                            ],
                           "LWTZVEWT5WHOEBKSTR4RDLCYYHM":[
                          
                           
                            {
                              
                                 "component_name": "html",
                                 "component_id": "LKZJUNWDC4OWEBFJXKMLX6LXKYI",
                                 "file_name": [ "html", "html_SX6KF6SMUYIUTNQV2EYYBI5YQA"]
                              

                              } 

                            ],
                           "LWYEZ2PT46IFEZOMILZBZ5LFDDI":[
                          
                           
                            {
                              
                                 "component_name": "html",
                                 "component_id": "LMBBDNYEIDWGUPKSDTMJM7D4WGM",
                                 "file_name": [ "html", "html_SX6KF6SMUYIUTNQV2EYYBI5YQA"]
                              

                              } 

                            ],
                           "LXOK5HITHU4VU5OVNXR7WLTYU5U":[
                          
                           
                            {
                              
                                 "component_name": "html",
                                 "component_id": "LBWMQZXL4LTQELKOQZ7SP2KTQLQ",
                                 "file_name": [ "html", "html_SX6KF6SMUYIUTNQV2EYYBI5YQA"]
                              

                              } 

                            ],
                           "L2FG7O3KVU4PELHESKGK3XMULLE":[
                          
                           
                            {
                              
                                 "component_name": "html",
                                 "component_id": "L4KJSWPFUV77UXA7LLOP525SWPM",
                                 "file_name": [ "html", "html_SX6KF6SMUYIUTNQV2EYYBI5YQA"]
                              

                              } 

                            ],
                           "LE7GDG36QF53UTNQZBAPDTSXXKI":[
                          
                           
                            {
                              
                                 "component_name": "html",
                                 "component_id": "LKUIQAHG54BHEPDSBXNMOIYOER4",
                                 "file_name": [ "html", "html_SX6KF6SMUYIUTNQV2EYYBI5YQA"]
                              

                              } 

                            ],
                           "L2PICWAWT2AWUHNYI53RDY62V2M":[
                          
                           
                            {
                              
                                 "component_name": "html",
                                 "component_id": "LQLT5EE3A6NAELPUKFBT7RWYETI",
                                 "file_name": [ "html", "html_SX6KF6SMUYIUTNQV2EYYBI5YQA"]
                              

                              } 

                            ],
                           "LEUBWGZ5ZDV3E5NLGUYZFFCUJDQ":[
                          
                           
                            {
                              
                                 "component_name": "html",
                                 "component_id": "L4YZIJP4W34UEXFJHLVCBWU4LUE",
                                 "file_name": [ "html", "html_SX6KF6SMUYIUTNQV2EYYBI5YQA"]
                              

                              } 

                            ],
                           "LNZ64PF6UZ5ZULNXKI6GBNWJJ3Q":[
                          
                           

                            ],
                           "LFCUU2AXUJYNEFM4PN3J5Y2BCPY":[
                          
                           
                            {
                              
                                 "component_name": "section",
                                 "component_id": "LTJ4ZTEERZGUURJQJEOYD45ZS7I",
                                 "file_name": [ "section", "section_SX6KF6SMUYIUTNQV2EYYBI5YQA"]
                              

                              } ,
                            {
                              
                                 "component_name": "section",
                                 "component_id": "LIK6LZQ6QIRSEBOIBYIPLV3ILRU",
                                 "file_name": [ "section", "section_SX6KF6SMUYIUTNQV2EYYBI5YQA"]
                              

                              } ,
                            {
                              
                                 "component_name": "section",
                                 "component_id": "LVRN2FMHQQKVUHM4VMVK6NW7RCU",
                                 "file_name": [ "section", "section_SX6KF6SMUYIUTNQV2EYYBI5YQA"]
                              

                              } ,
                            {
                              
                                 "component_name": "section",
                                 "component_id": "L625TYQPUQOCERNH7KSQD4B2TWE",
                                 "file_name": [ "section", "section_SX6KF6SMUYIUTNQV2EYYBI5YQA"]
                              

                              } 

                            ],
                           "LTMCPFHTYY73EFESQC447T7GIFA":[
                          
                           
                            {
                              
                                    "component_name": "slide",
                                    "component_id": "LCNSRMG2JNQZUXPMPDRCV3XD5TE",
                                  "file_name": [ "slide", "slide_SX6KF6SMUYIUTNQV2EYYBI5YQA"]
                                 

                              } 

                            ],
                           "LPO5ZE4UYK5PUBK2P7OBN7TKMSA":[
                          
                           
                            {
                              
                                 "component_name": "html",
                                 "component_id": "LNYUK3PMEBIRUPJ3TG6RKK3UF7Q",
                                 "file_name": [ "html", "html_SX6KF6SMUYIUTNQV2EYYBI5YQA"]
                              

                              } 

                            ],
                           "LX77YJKCVFY6EPHXHNO33V6CLKM":[
                          
                           
                            {
                              
                                 "component_name": "image",
                                  "component_id": "LCQRSP6FCR3CU7KUXHUGCHBQYH4",
                                  "file_name": [ "image", "image_SX6KF6SMUYIUTNQV2EYYBI5YQA"]
                               

                              } 

                            ],
                           "LTWP5PVUFLC6EBPIWUI4B2R72PY":[
                          
                           
                            {
                              
                                    "component_name": "slide",
                                    "component_id": "LWWLCCBG5A6YU5LOLFMZXRRPJTU",
                                  "file_name": [ "slide", "slide_SX6KF6SMUYIUTNQV2EYYBI5YQA"]
                                 

                              } 

                            ],
                           "LJK2DY4DB43WENNZ3N3TVZHIUSY":[
                          
                           
                            {
                              
                                 "component_name": "html",
                                 "component_id": "LXAGSZ5DR4AJEZNFS7KPIO2DIPA",
                                 "file_name": [ "html", "html_SX6KF6SMUYIUTNQV2EYYBI5YQA"]
                              

                              } 

                            ],
                           "L2QIHFGRBQIHURFHAE33ADY4DDY":[
                          
                           
                            {
                              
                                 "component_name": "image",
                                  "component_id": "LSLCYFYB5GSIE5O5UVR4IO2NH5Y",
                                  "file_name": [ "image", "image_SX6KF6SMUYIUTNQV2EYYBI5YQA"]
                               

                              } 

                            ],
                           "LIHL6UDEP7LFENG45QJWT7XPZ2I":[
                          
                           
                            {
                              
                                    "component_name": "slide",
                                    "component_id": "LFTJBRTJR3WKEJOBVT44I5GMO4Q",
                                  "file_name": [ "slide", "slide_SX6KF6SMUYIUTNQV2EYYBI5YQA"]
                                 

                              } 

                            ],
                           "LETCDKZAKSR6EZFN3T5XJLKDADU":[
                          
                           
                            {
                              
                                 "component_name": "html",
                                 "component_id": "LIB2ZE6UG4ZBUJCCVCJY5SFS6Z4",
                                 "file_name": [ "html", "html_SX6KF6SMUYIUTNQV2EYYBI5YQA"]
                              

                              } 

                            ],
                           "LYSTS3MZUYVXUFAZVF2HMCUO62A":[
                          
                           
                            {
                              
                                 "component_name": "image",
                                  "component_id": "L2ZVSXKU4YXGETNJH3BH3DILQRQ",
                                  "file_name": [ "image", "image_SX6KF6SMUYIUTNQV2EYYBI5YQA"]
                               

                              } 

                            ],
                           "L3I5TQ5Q2EXEU7FBYCRYF6IXVXE":[
                          
                           
                            {
                              
                                    "component_name": "slide",
                                    "component_id": "LHRHUMIAHYOMU7MS4L4O4DF5PMI",
                                  "file_name": [ "slide", "slide_SX6KF6SMUYIUTNQV2EYYBI5YQA"]
                                 

                              } 

                            ],
                           "LN3XFWYDZ7GHUJBUPLB2DQNO7BQ":[
                          
                           
                            {
                              
                                 "component_name": "html",
                                 "component_id": "LJKWKTXZ75OHEPNHGYEDMA73JIM",
                                 "file_name": [ "html", "html_SX6KF6SMUYIUTNQV2EYYBI5YQA"]
                              

                              } 

                            ],
                           "L7TONCFMNJVXUPEHGQL6W7DNSH4":[
                          
                           
                            {
                              
                                 "component_name": "image",
                                  "component_id": "LUSAGENXZAXLENGTDMQ4UPGNKSE",
                                  "file_name": [ "image", "image_SX6KF6SMUYIUTNQV2EYYBI5YQA"]
                               

                              } 

                            ],
                           "LSDBXQEUTULOELGRXB3S3GU726M":[
                          
                           
                            {
                              
                                 "component_name": "section",
                                 "component_id": "LCRHX7UQQCJJEREKGFLHSBCTQGU",
                                 "file_name": [ "section", "section_SX6KF6SMUYIUTNQV2EYYBI5YQA"]
                              

                              } ,
                            {
                              
                                 "component_name": "section",
                                 "component_id": "LLLDRSOG7LNAU3AP5CKMHXV25RE",
                                 "file_name": [ "section", "section_SX6KF6SMUYIUTNQV2EYYBI5YQA"]
                              

                              } ,
                            {
                              
                                 "component_name": "section",
                                 "component_id": "LCMABHTR5ZLOEDDU2ZEVG5KS26M",
                                 "file_name": [ "section", "section_SX6KF6SMUYIUTNQV2EYYBI5YQA"]
                              

                              } 

                            ],
                           "LZSAYER2TNN4UJI7JPLA4TBAULY":[
                          
                           
                            {
                              
                                    "component_name": "tab",
                                    "component_id": "LAZSAMWA4SEAU7MDUWSLICXV6ZQ",
                                  "file_name": [ "tab", "tab_SX6KF6SMUYIUTNQV2EYYBI5YQA"]
                                 

                              } 

                            ],
                           "L4PFYWUFDJ4QULAT2ECQBNAP2LE":[
                          
                           
                            {
                              
                                 "component_name": "html",
                                 "component_id": "LAM2MSDVK6FLUZAOBQ6Q3MRZQYY",
                                 "file_name": [ "html", "html_SX6KF6SMUYIUTNQV2EYYBI5YQA"]
                              

                              } 

                            ],
                           "L2F66SIEPGIME5FIQL7ALNDB2YQ":[
                          
                           
                            {
                              
                                 "component_name": "image",
                                  "component_id": "LZLDELP47EHXUDMG6BW2BOVKBXI",
                                  "file_name": [ "image", "image_SX6KF6SMUYIUTNQV2EYYBI5YQA"]
                               

                              } 

                            ],
                           "LJVNRFCD5CQLEVMTLDF2FRBL6QE":[
                          
                           
                            {
                              
                                    "component_name": "tab",
                                    "component_id": "L2YVPCHID6G2UPOTA7RRO4SCF2U",
                                  "file_name": [ "tab", "tab_SX6KF6SMUYIUTNQV2EYYBI5YQA"]
                                 

                              } 

                            ],
                           "LFYK7ILFWUR6E5K5KUGAQO5KSEI":[
                          
                           
                            {
                              
                                 "component_name": "html",
                                 "component_id": "LGX6FHARLQUQELB2WS5Z7WYGBUU",
                                 "file_name": [ "html", "html_SX6KF6SMUYIUTNQV2EYYBI5YQA"]
                              

                              } 

                            ],
                           "LPRAQHKCQMRZULIPQALR6QZS5XU":[
                          
                           
                            {
                              
                                 "component_name": "image",
                                  "component_id": "LMNMRN56KMUWURNNFH3V7ZPU4LE",
                                  "file_name": [ "image", "image_SX6KF6SMUYIUTNQV2EYYBI5YQA"]
                               

                              } 

                            ],
                           "LUPLLGGZDK7MUTKNJMH3WMORFJQ":[
                          
                           
                            {
                              
                                 "component_name": "section",
                                 "component_id": "L462U3RZTCGOUHB3OAJHEPAEP2I",
                                 "file_name": [ "section", "section_SX6KF6SMUYIUTNQV2EYYBI5YQA"]
                              

                              } 

                            ],
                           "LBAFDUKARZTXUNOCXNM44XG7TUY":[
                          
                           
                            {
                              
                                    "component_name": "tab",
                                    "component_id": "LPY5ITE6X7L7UBGE74IBHTYOFYQ",
                                  "file_name": [ "tab", "tab_SX6KF6SMUYIUTNQV2EYYBI5YQA"]
                                 

                              } 

                            ],
                           "L3SOUIGSA4DZUHD74IMLEAC4PUE":[
                          
                           
                            {
                              
                                 "component_name": "html",
                                 "component_id": "L5LO3SO7PGXKEPN6UV27KXWOIVA",
                                 "file_name": [ "html", "html_SX6KF6SMUYIUTNQV2EYYBI5YQA"]
                              

                              } 

                            ],
                           "LLWWFQAYJPGLUHE76DSLTJH63J4":[
                          
                           
                            {
                              
                                 "component_name": "image",
                                  "component_id": "L6D2QZCA5CEEULLIYSOAUBXEW5M",
                                  "file_name": [ "image", "image_SX6KF6SMUYIUTNQV2EYYBI5YQA"]
                               

                              } 

                            ],
                           "LI2OGSMLVORYUHB6ZI6UFMITROA":[
                          
                           
                            {
                              
                                 "component_name": "section",
                                 "component_id": "L4FAOSWN6FOAU3CTT5KN2CHRH5U",
                                 "file_name": [ "section", "section_SX6KF6SMUYIUTNQV2EYYBI5YQA"]
                              

                              } 

                            ],
                           "LMEURIER46LKU5JNHXB3WT7FN7I":[
                          
                           
                            {
                              
                                    "component_name": "tab",
                                    "component_id": "LLSOP25TXFXLEHFL2N3ZXJR7UZ4",
                                  "file_name": [ "tab", "tab_SX6KF6SMUYIUTNQV2EYYBI5YQA"]
                                 

                              } 

                            ],
                           "LGRCHVHWWQHQE3GJ7DOASQ6RNIA":[
                          
                           
                            {
                              
                                 "component_name": "html",
                                 "component_id": "LDNQVT3452F4U7IWKP2YPWWQ4YM",
                                 "file_name": [ "html", "html_SX6KF6SMUYIUTNQV2EYYBI5YQA"]
                              

                              } 

                            ],
                           "LVIF4UHERVH2EZI3S6OBJ2K534Y":[
                          
                           
                            {
                              
                                 "component_name": "image",
                                  "component_id": "LFOHLFIEPTIMENJR5GY53LYRCGE",
                                  "file_name": [ "image", "image_SX6KF6SMUYIUTNQV2EYYBI5YQA"]
                               

                              } 

                            ],
                           "L4CFYX7E5JXRERDFFTBZDASIPQM":[
                          
                           
                            {
                              
                                 "component_name": "section",
                                 "component_id": "LPRSO62OTA3QEDOV7LPPT4NEH3Q",
                                 "file_name": [ "section", "section_SX6KF6SMUYIUTNQV2EYYBI5YQA"]
                              

                              } 

                            ],
                           "LIBGC6JTV7BGUDFU5QW5PC66P64":[
                          
                           
                            {
                              
                                    "component_name": "tab",
                                    "component_id": "L6XO3DS2FEYDEFPM5QEHD3PMSLY",
                                  "file_name": [ "tab", "tab_SX6KF6SMUYIUTNQV2EYYBI5YQA"]
                                 

                              } 

                            ],
                           "LZMZS3CKN3P4U3JIMR24NRLQY4E":[
                          
                           
                            {
                              
                                 "component_name": "html",
                                 "component_id": "LYFRG2YCFGEVELP6HATAJRORHCI",
                                 "file_name": [ "html", "html_SX6KF6SMUYIUTNQV2EYYBI5YQA"]
                              

                              } 

                            ],
                           "LCV24AL6S5T5UXEAH2N6MK4NTM4":[
                          
                           
                            {
                              
                                 "component_name": "image",
                                  "component_id": "LRJKR5QG473DUPGCNMEZB5CO5BI",
                                  "file_name": [ "image", "image_SX6KF6SMUYIUTNQV2EYYBI5YQA"]
                               

                              } 

                            ],
                           "LRJOQ53P2CUSUVMIU6QTLVRHSCU":[
                          
                           
                            {
                              
                                 "component_name": "section",
                                 "component_id": "LN6YXTGZOICBE5J6LC2IQXXVOWA",
                                 "file_name": [ "section", "section_SX6KF6SMUYIUTNQV2EYYBI5YQA"]
                              

                              } 

                            ],
                           "LS7MV6HHKOMZENFR4E6E4RZDZ5I":[
                          
                           
                            {
                              
                                    "component_name": "image_comparison",
                                    "component_id": "LURCROVJVS3OUNGJEI3DA4SU5UM",
                                    "file_name": [ "image_comparison", "image_comparison_SX6KF6SMUYIUTNQV2EYYBI5YQA"]   
                                  

                              } 

                            ],
                           "LJ4NSM25767LENDSXLDK2JP44LY":[
                          
                           
                            {
                              
                                 "component_name": "image",
                                  "component_id": "LFR4XLYVIX4MEJJ3CQYXX7V2TBE",
                                  "file_name": [ "image", "image_SX6KF6SMUYIUTNQV2EYYBI5YQA"]
                               

                              } 

                            ],
                           "LXASV7ZXKLLPU7KDVD5NDJKSWVQ":[
                          
                           
                            {
                              
                                 "component_name": "image",
                                  "component_id": "LRC6MS772N6HUVAEEQD7EAJAI7I",
                                  "file_name": [ "image", "image_SX6KF6SMUYIUTNQV2EYYBI5YQA"]
                               

                              } 

                            ]

         }
      }

    