
      {
      "html": {
                  
                
                      "LYDDSEWXHIP7U7CU6RJJWVZAOTU": {
                            "data": {
                                "content": "One, two, [dropdown id={1}], four and [dropdown id={2}]",
                                "classes": "html-content-text"
                            }
                             
                        }
                      ,
                
                      "L2VXZNHOR42LE3JZJMTRC3JTI3Q": {
                            "data": {
                                "content": "three",
                                "classes": "html-content-text"
                            }
                             
                        }
                      ,
                
                      "LEMXOMZL7QHFUXHYOZFGNO2T44U": {
                            "data": {
                                "content": "five",
                                "classes": "html-content-text"
                            }
                             
                        }
                      ,
                
                      "LE3T2TPU37A3UZASEEFJQ4VHEFY": {
                            "data": {
                                "content": "three",
                                "classes": "html-content-text"
                            }
                             
                        }
                      ,
                
                      "LZEQOF3YT5P4EDLXX2R2OW4OYZY": {
                            "data": {
                                "content": "five",
                                "classes": "html-content-text"
                            }
                             
                        }
                      ,
                
                      "LIMF4LWZA357EXIBPSD4SDE5ATM": {
                            "data": {
                                "content": "one, two, [fib id={1}], four, [fib id={2}]",
                                "classes": "html-content-text"
                            }
                             
                        }
                      ,
                
                      "LHBDEIB2SCGBU5HRWIAQEDXTLVE": {
                            "data": {
                                "content": "three",
                                "classes": "html-content-text"
                            }
                             
                        }
                      ,
                
                      "LAHGWEZVD7DLEPKDTIVW62MW3SA": {
                            "data": {
                                "content": "five",
                                "classes": "html-content-text"
                            }
                             
                        }
                      ,
                
                      "L6YORDEPFOHSUJC34GFNM2KHMSY": {
                            "data": {
                                "content": "one, two, [dnd id={1}], four, [dnd id={2}]",
                                "classes": "html-content-text"
                            }
                             
                        }
                      ,
                
                      "LWK2HCYPDXB2ENOYGLECPVYMHMQ": {
                            "data": {
                                "content": "three",
                                "classes": "html-content-text"
                            }
                             
                        }
                      ,
                
                      "LVRF5RRFZUBKULG7PEUKMNRNLMM": {
                            "data": {
                                "content": "five",
                                "classes": "html-content-text"
                            }
                             
                        }
                      ,
                
                      "L23FL5SEN46KEVE2CL7RYRLM52A": {
                            "data": {
                                "content": "3x",
                                "classes": "html-content-text"
                            }
                             
                        }
                      ,
                
                      "LDZZIQWHN6SFEJLQ2MQJ6NTMR7Y": {
                            "data": {
                                "content": "3z",
                                "classes": "html-content-text"
                            }
                             
                        }
                      ,
                
                      "LVL2PSE56BXKUXNCDGA72AZZ6QU": {
                            "data": {
                                "content": "3x",
                                "classes": "html-content-text"
                            }
                             
                        }
                      ,
                
                      "L6Q7QNGOK3C6ULGVARZCEGTTSSM": {
                            "data": {
                                "content": "Lorem ipsum dolor sit amet consectetur adipisicing elit. Esse deserunt explicabo eveniet iure quas distinctio quis voluptatibus, nihil repellat sapiente quae rerum assumenda nesciunt ipsam. A, aperiam? Reiciendis, nobis dolorem?",
                                "classes": "html-content-text"
                            }
                             
                        }
                      ,
                
                      "LZMDAV34OBAGUNAWMM7M2FMWAH4": {
                            "data": {
                                "content": "Lorem ipsum dolor sit amet consectetur adipisicing elit. Esse deserunt explicabo eveniet iure quas distinctio quis voluptatibus, nihil repellat sapiente quae rerum assumenda nesciunt ipsam. A, aperiam? Reiciendis, nobis dolorem?",
                                "classes": "html-content-text"
                            }
                             
                        }
                      ,
                
                      "LBGP6QF6X74CU3MG7K6GY4HBDAA": {
                            "data": {
                                "content": "Lorem ipsum dolor sit amet consectetur adipisicing elit. Esse deserunt explicabo eveniet iure quas distinctio quis voluptatibus, nihil repellat sapiente quae rerum assumenda nesciunt ipsam. A, aperiam? Reiciendis, nobis dolorem?",
                                "classes": "html-content-text"
                            }
                             
                        }
                      ,
                
                      "LVJXHQR4MYIQUTFAD4S43M7TNFY": {
                            "data": {
                                "content": "Lorem ipsum dolor sit amet consectetur adipisicing elit. Esse deserunt explicabo eveniet iure quas distinctio quis voluptatibus, nihil repellat sapiente quae rerum assumenda nesciunt ipsam. A, aperiam? Reiciendis, nobis dolorem?",
                                "classes": "html-content-text"
                            }
                             
                        }
                      ,
                
                      "LXZQSU4RYFKQE5O36T724HHPJA4": {
                            "data": {
                                "content": "This is a test interactivity/info. Please proceed.",
                                "classes": "html-content-text"
                            }
                             
                        }
                      ,
                
                      "LXSNPIEKZKVSULIJZCP7X77OE4I": {
                            "data": {
                                "content": "This is a test interactivity/info. Please proceed.",
                                "classes": "html-content-text"
                            }
                             
                        }
                      ,
                
                      "LW5ORTRUCDY3UZEOPQ66EQ5CYAY": {
                            "data": {
                                "content": "Content for breakpoint goes here...",
                                "classes": "html-content-text"
                            }
                             
                        }
                      ,
                
                      "LQ52UBTSIXIJUTPH67RGVAQQTLI": {
                            "data": {
                                "content": "Content for breakpoint goes here...",
                                "classes": "html-content-text"
                            }
                             
                        }
                      ,
                
                      "LQ4VHQBUPXQ3URD7KKRARHKVJ4A": {
                            "data": {
                                "content": "Lorem&nbsp;ipsum&nbsp;dolor&nbsp;sit&nbsp;amet&nbsp;consectetur,&nbsp;adipisicing&nbsp;elit.&nbsp;<br/> Voluptas&nbsp;similique&nbsp;incidunt&nbsp;nemo&nbsp;esse&nbsp;quaerat&nbsp;qui&nbsp;explicabo.<br/> Ratione&nbsp;unde&nbsp;voluptatem&nbsp;nulla&nbsp;sequi&nbsp;ipsam&nbsp;libero&nbsp;est&nbsp;quasi&nbsp;omnis&nbsp;dolore,&nbsp;atque&nbsp;laborum&nbsp;eaque?",
                                "classes": "html-content-text"
                            }
                             
                        }
                      ,
                
                      "LQ6YIKFZB2TJEFPDOKRNAL75QTI": {
                            "data": {
                                "content": "Content for breakpoint goes here...",
                                "classes": "html-content-text"
                            }
                             
                        }
                      ,
                
                      "LATCXDMZHUVAUFCESA37EQ7MOEI": {
                            "data": {
                                "content": "Content for breakpoint goes here...",
                                "classes": "html-content-text"
                            }
                             
                        }
                      ,
                
                      "LXPTDPRKUIFEUPPIA4GWD4ZXW7Q": {
                            "data": {
                                "content": "Content for breakpoint goes here...",
                                "classes": "html-content-text"
                            }
                             
                        }
                      ,
                
                      "LG263RGJ6OHIE3D5QXHDCUXZ74M": {
                            "data": {
                                "content": "Lorem ipsum dolor, sit amet consectetur adipisicing elit. Iste accusantium voluptatum veritatis impedit sit, magnam dolorum ipsam quam ad eveniet voluptates nostrum quia commodi dignissimos vero minima. Consequatur, rem amet.",
                                "classes": "html-content-text"
                            }
                             
                        }
                      ,
                
                      "LGMRCW7WAAP2UDBRPKPB4MZ4K6Q": {
                            "data": {
                                "content": "Lorem ipsum dolor, sit amet consectetur adipisicing elit. Iste accusantium voluptatum veritatis impedit sit, magnam dolorum ipsam quam ad eveniet voluptates nostrum quia commodi dignissimos vero minima. Consequatur, rem amet.",
                                "classes": "html-content-text"
                            }
                             
                        }
                      ,
                
                      "LJWEYMRU4CKAEXIGOJOXUE4VSC4": {
                            "data": {
                                "content": "Lorem ipsum dolor, sit amet consectetur adipisicing elit. Iste accusantium voluptatum veritatis impedit sit, magnam dolorum ipsam quam ad eveniet voluptates nostrum quia commodi dignissimos vero minima. Consequatur, rem amet.",
                                "classes": "html-content-text"
                            }
                             
                        }
                      ,
                
                      "LVCNY7WPLXIDEBO75DDJIVKTA4U": {
                            "data": {
                                "content": "Title here",
                                "classes": "html-content-text"
                            }
                             
                        }
                      ,
                
                      "LV3HVIC2WK6WEPDQ2HPSCYGVCOE": {
                            "data": {
                                "content": "Lorem ipsum dolor sit amet consectetur adipisicing elit. Inventore voluptas.",
                                "classes": "html-content-text"
                            }
                             
                        }
                      ,
                
                      "L2I5RNFSGCZ2EZHF7CXJGQRLW4E": {
                            "data": {
                                "content": "Title here",
                                "classes": "html-content-text"
                            }
                             
                        }
                      ,
                
                      "LXOR6ZCITEFGELL26JKGIEN5XRQ": {
                            "data": {
                                "content": "Lorem ipsum dolor sit amet consectetur adipisicing elit. Inventore voluptas.",
                                "classes": "html-content-text"
                            }
                             
                        }
                      ,
                
                      "LUCJS2H6UPAYEBBX5WKQDDQ3NVE": {
                            "data": {
                                "content": "Title here",
                                "classes": "html-content-text"
                            }
                             
                        }
                      ,
                
                      "LF3HPCOMI7RBEFG5LCXJMMRWHSM": {
                            "data": {
                                "content": "Lorem ipsum dolor sit amet consectetur adipisicing elit. Inventore voluptas.",
                                "classes": "html-content-text"
                            }
                             
                        }
                      ,
                
                      "LYBDJL6COKCIEDG6FCH5O6GB2OM": {
                            "data": {
                                "content": "Title here",
                                "classes": "html-content-text"
                            }
                             
                        }
                      ,
                
                      "LEHAR5MS42DIEVJ26JAZQUAOSUE": {
                            "data": {
                                "content": "Lorem ipsum dolor sit amet consectetur adipisicing elit. Inventore voluptas.",
                                "classes": "html-content-text"
                            }
                             
                        }
                      ,
                
                      "LPBDR5ZEBCX3UNJREIA4SRHC2IM": {
                            "data": {
                                "content": "Title here",
                                "classes": "html-content-text"
                            }
                             
                        }
                      ,
                
                      "LGU6RE5ZCSPCUHGVSCOP7P2NTGQ": {
                            "data": {
                                "content": "Lorem ipsum dolor sit amet consectetur adipisicing elit. Inventore voluptas.",
                                "classes": "html-content-text"
                            }
                             
                        }
                      ,
                
                      "LPZ7FYMT3X3MU5NRNYEFR66EU7U": {
                            "data": {
                                "content": "Title here",
                                "classes": "html-content-text"
                            }
                             
                        }
                      ,
                
                      "LHSAANIVLZPYEZBXDSGLXQSQVNQ": {
                            "data": {
                                "content": "Lorem ipsum dolor sit amet consectetur adipisicing elit. Inventore voluptas.",
                                "classes": "html-content-text"
                            }
                             
                        }
                      ,
                
                      "LUNAPAEOMPKWEXFYNTML6S2Z26Q": {
                            "data": {
                                "content": "Title here",
                                "classes": "html-content-text"
                            }
                             
                        }
                      ,
                
                      "LJGX6WXIOJI5EHP7WABPBPKZLLE": {
                            "data": {
                                "content": "Lorem ipsum dolor sit amet consectetur adipisicing elit. Inventore voluptas.",
                                "classes": "html-content-text"
                            }
                             
                        }
                      ,
                
                      "LB27MLO6L6FPUJOMFVMA3MYCHPY": {
                            "data": {
                                "content": "Title here",
                                "classes": "html-content-text"
                            }
                             
                        }
                      ,
                
                      "L7NMBWO3UNXIUPJWKR6QTX2XQ7M": {
                            "data": {
                                "content": "Lorem ipsum dolor sit amet consectetur adipisicing elit. Inventore voluptas.",
                                "classes": "html-content-text"
                            }
                             
                        }
                      ,
                
                      "LWMD3OKLAGEHUNJ2PMRMKJBYE6E": {
                            "data": {
                                "content": "Title here",
                                "classes": "html-content-text"
                            }
                             
                        }
                      ,
                
                      "LKZJUNWDC4OWEBFJXKMLX6LXKYI": {
                            "data": {
                                "content": "Lorem ipsum dolor sit amet consectetur adipisicing elit. Inventore voluptas.",
                                "classes": "html-content-text"
                            }
                             
                        }
                      ,
                
                      "LMBBDNYEIDWGUPKSDTMJM7D4WGM": {
                            "data": {
                                "content": "Title here",
                                "classes": "html-content-text"
                            }
                             
                        }
                      ,
                
                      "LBWMQZXL4LTQELKOQZ7SP2KTQLQ": {
                            "data": {
                                "content": "Lorem ipsum dolor sit amet consectetur adipisicing elit. Inventore voluptas.",
                                "classes": "html-content-text"
                            }
                             
                        }
                      ,
                
                      "L4KJSWPFUV77UXA7LLOP525SWPM": {
                            "data": {
                                "content": "Title here",
                                "classes": "html-content-text"
                            }
                             
                        }
                      ,
                
                      "LKUIQAHG54BHEPDSBXNMOIYOER4": {
                            "data": {
                                "content": "Lorem ipsum dolor sit amet consectetur adipisicing elit. Inventore voluptas.",
                                "classes": "html-content-text"
                            }
                             
                        }
                      ,
                
                      "LQLT5EE3A6NAELPUKFBT7RWYETI": {
                            "data": {
                                "content": "Title here",
                                "classes": "html-content-text"
                            }
                             
                        }
                      ,
                
                      "L4YZIJP4W34UEXFJHLVCBWU4LUE": {
                            "data": {
                                "content": "Lorem ipsum dolor sit amet consectetur adipisicing elit. Inventore voluptas.",
                                "classes": "html-content-text"
                            }
                             
                        }
                      ,
                
                      "LNYUK3PMEBIRUPJ3TG6RKK3UF7Q": {
                            "data": {
                                "content": "Lorem ipsum dolor, sit amet consectetur adipisicing elit. Iste accusantium voluptatum veritatis impedit sit, magnam dolorum ipsam quam ad eveniet voluptates nostrum quia commodi dignissimos vero minima. Consequatur, rem amet.",
                                "classes": "html-content-text"
                            }
                             
                        }
                      ,
                
                      "LXAGSZ5DR4AJEZNFS7KPIO2DIPA": {
                            "data": {
                                "content": "Lorem ipsum dolor, sit amet consectetur adipisicing elit. Iste accusantium voluptatum veritatis impedit sit, magnam dolorum ipsam quam ad eveniet voluptates nostrum quia commodi dignissimos vero minima. Consequatur, rem amet.",
                                "classes": "html-content-text"
                            }
                             
                        }
                      ,
                
                      "LIB2ZE6UG4ZBUJCCVCJY5SFS6Z4": {
                            "data": {
                                "content": "Lorem ipsum dolor, sit amet consectetur adipisicing elit. Iste accusantium voluptatum veritatis impedit sit, magnam dolorum ipsam quam ad eveniet voluptates nostrum quia commodi dignissimos vero minima. Consequatur, rem amet.",
                                "classes": "html-content-text"
                            }
                             
                        }
                      ,
                
                      "LJKWKTXZ75OHEPNHGYEDMA73JIM": {
                            "data": {
                                "content": "Lorem ipsum dolor, sit amet consectetur adipisicing elit. Iste accusantium voluptatum veritatis impedit sit, magnam dolorum ipsam quam ad eveniet voluptates nostrum quia commodi dignissimos vero minima. Consequatur, rem amet.",
                                "classes": "html-content-text"
                            }
                             
                        }
                      ,
                
                      "LAM2MSDVK6FLUZAOBQ6Q3MRZQYY": {
                            "data": {
                                "content": "Lorem ipsum dolor, sit amet consectetur adipisicing elit. Iste accusantium voluptatum veritatis impedit sit, magnam dolorum ipsam quam ad eveniet voluptates nostrum quia commodi dignissimos vero minima. Consequatur, rem amet.",
                                "classes": "html-content-text"
                            }
                             
                        }
                      ,
                
                      "LGX6FHARLQUQELB2WS5Z7WYGBUU": {
                            "data": {
                                "content": "Lorem ipsum dolor, sit amet consectetur adipisicing elit. Iste accusantium voluptatum veritatis impedit sit, magnam dolorum ipsam quam ad eveniet voluptates nostrum quia commodi dignissimos vero minima. Consequatur, rem amet.",
                                "classes": "html-content-text"
                            }
                             
                        }
                      ,
                
                      "L5LO3SO7PGXKEPN6UV27KXWOIVA": {
                            "data": {
                                "content": "Lorem ipsum dolor, sit amet consectetur adipisicing elit. Iste accusantium voluptatum veritatis impedit sit, magnam dolorum ipsam quam ad eveniet voluptates nostrum quia commodi dignissimos vero minima. Consequatur, rem amet.",
                                "classes": "html-content-text"
                            }
                             
                        }
                      ,
                
                      "LDNQVT3452F4U7IWKP2YPWWQ4YM": {
                            "data": {
                                "content": "Lorem ipsum dolor, sit amet consectetur adipisicing elit. Iste accusantium voluptatum veritatis impedit sit, magnam dolorum ipsam quam ad eveniet voluptates nostrum quia commodi dignissimos vero minima. Consequatur, rem amet.",
                                "classes": "html-content-text"
                            }
                             
                        }
                      ,
                
                      "LYFRG2YCFGEVELP6HATAJRORHCI": {
                            "data": {
                                "content": "Lorem ipsum dolor, sit amet consectetur adipisicing elit. Iste accusantium voluptatum veritatis impedit sit, magnam dolorum ipsam quam ad eveniet voluptates nostrum quia commodi dignissimos vero minima. Consequatur, rem amet.",
                                "classes": "html-content-text"
                            }
                             
                        }
                      
         }
      }

    