
      {
      "image": {
                  
                
                      "LIC4KHRQAX6NUZENWCRCTYD5LFA": {
                            "data": {
                                "url": "../../source/LIC4KHRQAX6NUZENWCRCTYD5LFA/equation.png",
                                "style": "",
                                "width":
                                              null
                                            ,
                                "border": {
                                          "width": "",
                                          "color": "#cccccc"
                                          },
                                 "popup": "",
                                 "source": "",
                                 "type": "",
                                 "author": "",
                                 "position": null,
                                 "ratio": null
                                   }
                                   }
                                ,
                
                      "LOA4IQF6KPGAETBKOT2TQLRW4ZY": {
                            "data": {
                                "url": "../../source/LOA4IQF6KPGAETBKOT2TQLRW4ZY/equation.png",
                                "style": "",
                                "width":
                                              null
                                            ,
                                "border": {
                                          "width": "",
                                          "color": "#cccccc"
                                          },
                                 "popup": "",
                                 "source": "",
                                 "type": "",
                                 "author": "",
                                 "position": null,
                                 "ratio": null
                                   }
                                   }
                                ,
                
                      "LQNQJKKA7OE4EFH534HXZ54ZCXI": {
                            "data": {
                                "url": "../../source/LQNQJKKA7OE4EFH534HXZ54ZCXI/pic13.jpg",
                                "style": "",
                                "width":
                                              null
                                            ,
                                "border": {
                                          "width": "",
                                          "color": "#cccccc"
                                          },
                                 "popup": "",
                                 "source": "",
                                 "type": "",
                                 "author": "",
                                 "position": null,
                                 "ratio": null
                                   }
                                   }
                                ,
                
                      "LYP34DWKWWYIEZF6U3NQK4KPD4I": {
                            "data": {
                                "url": "../../source/LYP34DWKWWYIEZF6U3NQK4KPD4I/pic13.jpg",
                                "style": "",
                                "width":
                                              null
                                            ,
                                "border": {
                                          "width": "",
                                          "color": "#cccccc"
                                          },
                                 "popup": "",
                                 "source": "",
                                 "type": "",
                                 "author": "",
                                 "position": null,
                                 "ratio": null
                                   }
                                   }
                                ,
                
                      "LHVFN4V4FIA6ELCPXNZHB6FY3OY": {
                            "data": {
                                "url": "../../source/LHVFN4V4FIA6ELCPXNZHB6FY3OY/pic13.jpg",
                                "style": "",
                                "width":
                                              null
                                            ,
                                "border": {
                                          "width": "",
                                          "color": "#cccccc"
                                          },
                                 "popup": "",
                                 "source": "",
                                 "type": "",
                                 "author": "",
                                 "position": null,
                                 "ratio": null
                                   }
                                   }
                                ,
                
                      "LKWM7DESMRVMETPTSXIINVTNMA4": {
                            "data": {
                                "url": "../../source/LKWM7DESMRVMETPTSXIINVTNMA4/pic13.jpg",
                                "style": "",
                                "width":
                                              null
                                            ,
                                "border": {
                                          "width": "",
                                          "color": "#cccccc"
                                          },
                                 "popup": "",
                                 "source": "",
                                 "type": "",
                                 "author": "",
                                 "position": null,
                                 "ratio": null
                                   }
                                   }
                                ,
                
                      "LTDTC57G4E3JUHK56COTP4K54Y4": {
                            "data": {
                                "url": "../../source/LTDTC57G4E3JUHK56COTP4K54Y4/file_example_JPG_2500kB (3).jpg",
                                "style": "rounded-square",
                                "width":
                                              null
                                            ,
                                "border": {
                                          "width": "",
                                          "color": "#cccccc"
                                          },
                                 "popup": true,
                                 "source": "",
                                 "type": "",
                                 "author": "",
                                 "position": null,
                                 "ratio": null
                                   }
                                   }
                                ,
                
                      "LUMDU3O2L3HYE7IQVH74NJU36IM": {
                            "data": {
                                "url": "../../source/LUMDU3O2L3HYE7IQVH74NJU36IM/file_example_JPG_2500kB (3).jpg",
                                "style": "rounded-square",
                                "width":
                                              null
                                            ,
                                "border": {
                                          "width": "",
                                          "color": "#cccccc"
                                          },
                                 "popup": true,
                                 "source": "",
                                 "type": "",
                                 "author": "",
                                 "position": null,
                                 "ratio": null
                                   }
                                   }
                                ,
                
                      "LIZTHKAGMDOJUJJYKN4BO7JYQ3Q": {
                            "data": {
                                "url": "../../source/LIZTHKAGMDOJUJJYKN4BO7JYQ3Q/10-Best-Indoor-Plants-Gear-Patrol-lead-full (2).jpg",
                                "style": "rounded-square",
                                "width":
                                              null
                                            ,
                                "border": {
                                          "width": "",
                                          "color": "#cccccc"
                                          },
                                 "popup": true,
                                 "source": "",
                                 "type": "",
                                 "author": "",
                                 "position": null,
                                 "ratio": null
                                   }
                                   }
                                ,
                
                      "LTVSEPJ44J6YEDEUG2QFHANYASM": {
                            "data": {
                                "url": "../../source/LTVSEPJ44J6YEDEUG2QFHANYASM/10-Best-Indoor-Plants-Gear-Patrol-lead-full (2).jpg",
                                "style": "rounded-square",
                                "width":
                                              null
                                            ,
                                "border": {
                                          "width": "",
                                          "color": "#cccccc"
                                          },
                                 "popup": true,
                                 "source": "",
                                 "type": "",
                                 "author": "",
                                 "position": null,
                                 "ratio": null
                                   }
                                   }
                                ,
                
                      "LWRHDCUFFURPUVH5WX6B57LTGXU": {
                            "data": {
                                "url": "../../source/LWRHDCUFFURPUVH5WX6B57LTGXU/10-Best-Indoor-Plants-Gear-Patrol-lead-full (2).jpg",
                                "style": "rounded-square",
                                "width":
                                              null
                                            ,
                                "border": {
                                          "width": "",
                                          "color": "#cccccc"
                                          },
                                 "popup": true,
                                 "source": "",
                                 "type": "",
                                 "author": "",
                                 "position": null,
                                 "ratio": null
                                   }
                                   }
                                ,
                
                      "LCQRSP6FCR3CU7KUXHUGCHBQYH4": {
                            "data": {
                                "url": "../../source/LCQRSP6FCR3CU7KUXHUGCHBQYH4/10-Best-Indoor-Plants-Gear-Patrol-lead-full (2).jpg",
                                "style": "rounded-square",
                                "width":
                                              null
                                            ,
                                "border": {
                                          "width": "",
                                          "color": "#cccccc"
                                          },
                                 "popup": true,
                                 "source": "",
                                 "type": "",
                                 "author": "",
                                 "position": null,
                                 "ratio": null
                                   }
                                   }
                                ,
                
                      "LSLCYFYB5GSIE5O5UVR4IO2NH5Y": {
                            "data": {
                                "url": "../../source/LSLCYFYB5GSIE5O5UVR4IO2NH5Y/10-Best-Indoor-Plants-Gear-Patrol-lead-full (2).jpg",
                                "style": "rounded-square",
                                "width":
                                              null
                                            ,
                                "border": {
                                          "width": "",
                                          "color": "#cccccc"
                                          },
                                 "popup": true,
                                 "source": "",
                                 "type": "",
                                 "author": "",
                                 "position": null,
                                 "ratio": null
                                   }
                                   }
                                ,
                
                      "L2ZVSXKU4YXGETNJH3BH3DILQRQ": {
                            "data": {
                                "url": "../../source/L2ZVSXKU4YXGETNJH3BH3DILQRQ/10-Best-Indoor-Plants-Gear-Patrol-lead-full (2).jpg",
                                "style": "rounded-square",
                                "width":
                                              null
                                            ,
                                "border": {
                                          "width": "",
                                          "color": "#cccccc"
                                          },
                                 "popup": true,
                                 "source": "",
                                 "type": "",
                                 "author": "",
                                 "position": null,
                                 "ratio": null
                                   }
                                   }
                                ,
                
                      "LUSAGENXZAXLENGTDMQ4UPGNKSE": {
                            "data": {
                                "url": "../../source/LUSAGENXZAXLENGTDMQ4UPGNKSE/10-Best-Indoor-Plants-Gear-Patrol-lead-full (2).jpg",
                                "style": "rounded-square",
                                "width":
                                              null
                                            ,
                                "border": {
                                          "width": "",
                                          "color": "#cccccc"
                                          },
                                 "popup": true,
                                 "source": "",
                                 "type": "",
                                 "author": "",
                                 "position": null,
                                 "ratio": null
                                   }
                                   }
                                ,
                
                      "LZLDELP47EHXUDMG6BW2BOVKBXI": {
                            "data": {
                                "url": "../../source/LZLDELP47EHXUDMG6BW2BOVKBXI/10-Best-Indoor-Plants-Gear-Patrol-lead-full (2).jpg",
                                "style": "rounded-square",
                                "width":
                                              null
                                            ,
                                "border": {
                                          "width": "",
                                          "color": "#cccccc"
                                          },
                                 "popup": true,
                                 "source": "",
                                 "type": "",
                                 "author": "",
                                 "position": null,
                                 "ratio": null
                                   }
                                   }
                                ,
                
                      "LMNMRN56KMUWURNNFH3V7ZPU4LE": {
                            "data": {
                                "url": "../../source/LMNMRN56KMUWURNNFH3V7ZPU4LE/10-Best-Indoor-Plants-Gear-Patrol-lead-full (2).jpg",
                                "style": "rounded-square",
                                "width":
                                              null
                                            ,
                                "border": {
                                          "width": "",
                                          "color": "#cccccc"
                                          },
                                 "popup": true,
                                 "source": "",
                                 "type": "",
                                 "author": "",
                                 "position": null,
                                 "ratio": null
                                   }
                                   }
                                ,
                
                      "L6D2QZCA5CEEULLIYSOAUBXEW5M": {
                            "data": {
                                "url": "../../source/L6D2QZCA5CEEULLIYSOAUBXEW5M/10-Best-Indoor-Plants-Gear-Patrol-lead-full (2).jpg",
                                "style": "rounded-square",
                                "width":
                                              null
                                            ,
                                "border": {
                                          "width": "",
                                          "color": "#cccccc"
                                          },
                                 "popup": true,
                                 "source": "",
                                 "type": "",
                                 "author": "",
                                 "position": null,
                                 "ratio": null
                                   }
                                   }
                                ,
                
                      "LFOHLFIEPTIMENJR5GY53LYRCGE": {
                            "data": {
                                "url": "../../source/LFOHLFIEPTIMENJR5GY53LYRCGE/10-Best-Indoor-Plants-Gear-Patrol-lead-full (2).jpg",
                                "style": "rounded-square",
                                "width":
                                              null
                                            ,
                                "border": {
                                          "width": "",
                                          "color": "#cccccc"
                                          },
                                 "popup": true,
                                 "source": "",
                                 "type": "",
                                 "author": "",
                                 "position": null,
                                 "ratio": null
                                   }
                                   }
                                ,
                
                      "LRJKR5QG473DUPGCNMEZB5CO5BI": {
                            "data": {
                                "url": "../../source/LRJKR5QG473DUPGCNMEZB5CO5BI/10-Best-Indoor-Plants-Gear-Patrol-lead-full (2).jpg",
                                "style": "rounded-square",
                                "width":
                                              null
                                            ,
                                "border": {
                                          "width": "",
                                          "color": "#cccccc"
                                          },
                                 "popup": true,
                                 "source": "",
                                 "type": "",
                                 "author": "",
                                 "position": null,
                                 "ratio": null
                                   }
                                   }
                                ,
                
                      "LFR4XLYVIX4MEJJ3CQYXX7V2TBE": {
                            "data": {
                                "url": "../../source/LFR4XLYVIX4MEJJ3CQYXX7V2TBE/BIHN8KQ.jpg",
                                "style": "rounded-square",
                                "width":500,
                                "border": {
                                          "width": "",
                                          "color": "#cccccc"
                                          },
                                 "popup": true,
                                 "source": "",
                                 "type": "",
                                 "author": "",
                                 "position": null,
                                 "ratio": null
                                   }
                                   }
                                ,
                
                      "LRC6MS772N6HUVAEEQD7EAJAI7I": {
                            "data": {
                                "url": "../../source/LRC6MS772N6HUVAEEQD7EAJAI7I/nS6dvpq.jpg",
                                "style": "rounded-square",
                                "width":500,
                                "border": {
                                          "width": "",
                                          "color": "#cccccc"
                                          },
                                 "popup": true,
                                 "source": "",
                                 "type": "",
                                 "author": "",
                                 "position": null,
                                 "ratio": null
                                   }
                                   }
                                  
         }
      }

    