
    {
    "flipcards": {
             
                "L2LDHKZAOGIZEZFK6XP6N4PL4BY":
                 {
                  "columns":  3,
                  "multiple_open":   false,
                  "flip_direction": "right",
                  "height": 500,
                  "width":
                                null
                              ,
                  "background": "", 
                   "image_id": "", 
                  "items": [
                           
                              {
                                    "id": "LHIPN2WDXD42UVKAMIIKLVGOT5A",
                                    "card_id": 0,
                                    "title": "Step 1",
                                    "front": {
                                        "centered":  true,
                                        "content": [
                                            {
                                                "component_name": "section",
                                                "component_id": "LHB6JKPCEHBSUZPOBUJOQWB7EIM",
                                                "file_name": [ "section", "section_42UMTMRAOAMUFNBWN6VFDTICMM"]
                                            }
                                        ]
                                    },
                                    "back": {
                                        "centered": true,
                                        "content": [
                                            {
                                                "component_name": "section",
                                                "component_id": "LGZJGXCH3FJTUPO2Q5XHVDPQZOA",
                                                "file_name": [ "section", "section_42UMTMRAOAMUFNBWN6VFDTICMM"]
                                            }
                                        ]
                                    }
                              } 
                          ,
                              {
                                    "id": "LIRVZJZGRWXHENHARLHG6R24TYI",
                                    "card_id": 1,
                                    "title": "Step 1",
                                    "front": {
                                        "centered":  true,
                                        "content": [
                                            {
                                                "component_name": "section",
                                                "component_id": "LPODUCWLK5UAUTMSEWUGWPHADUE",
                                                "file_name": [ "section", "section_42UMTMRAOAMUFNBWN6VFDTICMM"]
                                            }
                                        ]
                                    },
                                    "back": {
                                        "centered": true,
                                        "content": [
                                            {
                                                "component_name": "section",
                                                "component_id": "LSTKH276A7DVUJB2HDPC6GNWRFY",
                                                "file_name": [ "section", "section_42UMTMRAOAMUFNBWN6VFDTICMM"]
                                            }
                                        ]
                                    }
                              } 
                          ,
                              {
                                    "id": "LVSDS2HMOPIEUJIANOZTPFXCBJ4",
                                    "card_id": 2,
                                    "title": "Step 1",
                                    "front": {
                                        "centered":  true,
                                        "content": [
                                            {
                                                "component_name": "section",
                                                "component_id": "L3VANGVF2O5RUFOZFBX23UGJKOE",
                                                "file_name": [ "section", "section_42UMTMRAOAMUFNBWN6VFDTICMM"]
                                            }
                                        ]
                                    },
                                    "back": {
                                        "centered": true,
                                        "content": [
                                            {
                                                "component_name": "section",
                                                "component_id": "LL4LHXIRFIYKUJOBER3LXRGLL6U",
                                                "file_name": [ "section", "section_42UMTMRAOAMUFNBWN6VFDTICMM"]
                                            }
                                        ]
                                    }
                              } 
                           
                           ]
                  } 
    }
}

    