
                  {
                    "column": {
                    
                           "L4HK6YZL6W77UFLEFOF462X2OH4":[
                          
                           
                            {
                              
                                    "component_name": "slide",
                                    "component_id": "LKYKRUIYD2ZEUHGVHH3OXYYGECI",
                                  "file_name": [ "slide", "slide_42UMTMRAOAMUFNBWN6VFDTICMM"]
                                 

                              } 

                            ],
                           "LNL6TL3KABDFUJLGMY7GAY6E3VU":[
                          
                           
                            {
                              
                                    "component_name": "cards_content",
                                    "component_id": "L2LDHKZAOGIZEZFK6XP6N4PL4BY",
                                    "file_name": [ "cards", "cards_42UMTMRAOAMUFNBWN6VFDTICMM"]   
                                  

                              } 

                            ],
                           "LSWODBE333VAUFHXGZWD4GDWWL4":[
                          
                           
                            {
                              
                                 "component_name": "image",
                                  "component_id": "LRCEK6G4VEV4E5BMSQEIRFHLKXY",
                                  "file_name": [ "image", "image_42UMTMRAOAMUFNBWN6VFDTICMM"]
                               

                              } 

                            ],
                           "LKDVOODH25FDE7FRWYHXPCDGQFU":[
                          
                           
                            {
                              
                                 "component_name": "html",
                                 "component_id": "LGROVSLZJPISEFHMNIEMYTPTW6I",
                                 "file_name": [ "html", "html_42UMTMRAOAMUFNBWN6VFDTICMM"]
                              

                              } 

                            ],
                           "LBDV6XX6GJ4UUFNVSRMRTZOTK5M":[
                          
                           
                            {
                              
                                 "component_name": "image",
                                  "component_id": "L3ZPMQPAHOD2E5EWMT5DQV6YYNE",
                                  "file_name": [ "image", "image_42UMTMRAOAMUFNBWN6VFDTICMM"]
                               

                              } 

                            ],
                           "LI7FPFF5USWCENC55JJPLZ3KKOU":[
                          
                           
                            {
                              
                                 "component_name": "html",
                                 "component_id": "LKK6ATV4BNDGUPGD3BOZFMWKBZA",
                                 "file_name": [ "html", "html_42UMTMRAOAMUFNBWN6VFDTICMM"]
                              

                              } 

                            ],
                           "L4JRGLPP6GAYE5NRZG24UMTCGPY":[
                          
                           
                            {
                              
                                 "component_name": "image",
                                  "component_id": "LN2VFBBBTG23E7IAQNPTKWF45F4",
                                  "file_name": [ "image", "image_42UMTMRAOAMUFNBWN6VFDTICMM"]
                               

                              } 

                            ],
                           "LOMHCTBNCYNTENM6OLVS7YVIWNQ":[
                          
                           
                            {
                              
                                 "component_name": "html",
                                 "component_id": "LQMEANKINEC7EPHXJHKL6GJZTHA",
                                 "file_name": [ "html", "html_42UMTMRAOAMUFNBWN6VFDTICMM"]
                              

                              } 

                            ],
                           "LCQ7EDZQGFVHUJAHCHLUWAVPOZI":[
                          
                           
                            {
                              
                                 "component_name": "progress_chart",
                                  "component_id": "LOG5LMWAEP5XU3AADH2WEPYEBSI",
                                  "file_name": [ "progress_chart", "progress_chart_42UMTMRAOAMUFNBWN6VFDTICMM"]
                               

                              } 

                            ],
                           "LSSM3BGJOIKPELBUK3QZK2YWG74":[
                          
                           
                            {
                              
                                 "component_name": "html",
                                 "component_id": "LC5EHZGXDKASUPI2N3RH7AEGBXY",
                                 "file_name": [ "html", "html_42UMTMRAOAMUFNBWN6VFDTICMM"]
                              

                              } 

                            ],
                           "LA24XMXIKHE7EBOB7FK3BK3XH3A":[
                          
                           
                            {
                              
                                 "component_name": "html",
                                 "component_id": "LYQCL6UHE57KENAZZNJGXZ6EHJE",
                                 "file_name": [ "html", "html_42UMTMRAOAMUFNBWN6VFDTICMM"]
                              

                              } ,
                            {
                              
                                 "component_name": "image",
                                  "component_id": "LT4JLIYTHSW3UHG2KLLQ6JJISAM",
                                  "file_name": [ "image", "image_42UMTMRAOAMUFNBWN6VFDTICMM"]
                               

                              } ,
                            {
                              
                                 "component_name": "html",
                                 "component_id": "LWVHLIOGV7R2U3OLACA3BV3IKRU",
                                 "file_name": [ "html", "html_42UMTMRAOAMUFNBWN6VFDTICMM"]
                              

                              } 

                            ],
                           "LRBXM6E7E75UEZNKVIWSZ7KM7DE":[
                          
                           
                            {
                              
                                 "component_name": "html",
                                 "component_id": "LXBIAAXBISDKUXGPEIFASNOK2DY",
                                 "file_name": [ "html", "html_42UMTMRAOAMUFNBWN6VFDTICMM"]
                              

                              } ,
                            {
                              
                                 "component_name": "image",
                                  "component_id": "LXKC6EHRANK6UBIFEHT3W2YTSU4",
                                  "file_name": [ "image", "image_42UMTMRAOAMUFNBWN6VFDTICMM"]
                               

                              } 

                            ],
                           "LPGN4EKYCPI7UHCU37M2J4AD5H4":[
                          
                           
                            {
                              
                                 "component_name": "html",
                                 "component_id": "LQEFSH6CWPLPU7MV3OQ5M3Q77AU",
                                 "file_name": [ "html", "html_42UMTMRAOAMUFNBWN6VFDTICMM"]
                              

                              } 

                            ],
                           "LD3LO6SY6OEOEBO2ZU44OT7S7N4":[
                          
                           
                            {
                              
                                 "component_name": "html",
                                 "component_id": "LBLWIELIHWPOE3FVWI5ZO2VEQOI",
                                 "file_name": [ "html", "html_42UMTMRAOAMUFNBWN6VFDTICMM"]
                              

                              } 

                            ],
                           "LQYYNTFJB2DQU5EEQZW4WUKWG3I":[
                          
                           
                            {
                              
                                 "component_name": "html",
                                 "component_id": "LDKBYA3JL2G2ULOCXET72EOHDAE",
                                 "file_name": [ "html", "html_42UMTMRAOAMUFNBWN6VFDTICMM"]
                              

                              } 

                            ],
                           "LQSVKR4VAHRKENOTSWVTF3OXR7Y":[
                          
                           
                            {
                              
                                 "component_name": "progress_chart",
                                  "component_id": "LSIC2RE4AIMRUFEMVSNY556Z5RA",
                                  "file_name": [ "progress_chart", "progress_chart_42UMTMRAOAMUFNBWN6VFDTICMM"]
                               

                              } 

                            ],
                           "LRMLUTXDORE3UTDH7JEP4ZVLF74":[
                          
                           
                            {
                              
                                 "component_name": "html",
                                 "component_id": "LBMBH2FZLMVLEXANFRCYCSAI4WM",
                                 "file_name": [ "html", "html_42UMTMRAOAMUFNBWN6VFDTICMM"]
                              

                              } 

                            ],
                           "LLEKWMPLHLKYELOGGXZJJDWWMYY":[
                          
                           
                            {
                              
                                 "component_name": "html",
                                 "component_id": "LVVU6H5UKOENU7FW2N4UQEPRZFU",
                                 "file_name": [ "html", "html_42UMTMRAOAMUFNBWN6VFDTICMM"]
                              

                              } ,
                            {
                              
                                 "component_name": "image",
                                  "component_id": "LERNB7ATNUZYU7JHV44NPA6XX2I",
                                  "file_name": [ "image", "image_42UMTMRAOAMUFNBWN6VFDTICMM"]
                               

                              } ,
                            {
                              
                                 "component_name": "html",
                                 "component_id": "LG52BCKRYRGAEJCAI2BEPBWAVWU",
                                 "file_name": [ "html", "html_42UMTMRAOAMUFNBWN6VFDTICMM"]
                              

                              } 

                            ],
                           "LIKW374NEAW2UJO6XRNFU7GW3EA":[
                          
                           
                            {
                              
                                 "component_name": "html",
                                 "component_id": "LV4KD7T75MPAU5MWO6U7LI5CHP4",
                                 "file_name": [ "html", "html_42UMTMRAOAMUFNBWN6VFDTICMM"]
                              

                              } ,
                            {
                              
                                 "component_name": "image",
                                  "component_id": "LAS6F5OPZ4W7UDLONGGGNS44TQA",
                                  "file_name": [ "image", "image_42UMTMRAOAMUFNBWN6VFDTICMM"]
                               

                              } 

                            ],
                           "LRNZ2LTADSZQUPGEUYQYJK2GO5I":[
                          
                           
                            {
                              
                                 "component_name": "html",
                                 "component_id": "LZEZ3HVWOSTBEZGBE53NKAVQI5E",
                                 "file_name": [ "html", "html_42UMTMRAOAMUFNBWN6VFDTICMM"]
                              

                              } 

                            ],
                           "LXRRVMQQXS6CUVGK3757EFMQNYA":[
                          
                           
                            {
                              
                                 "component_name": "html",
                                 "component_id": "LAEBTGROUOCYE7CKJJFRPSRN3PE",
                                 "file_name": [ "html", "html_42UMTMRAOAMUFNBWN6VFDTICMM"]
                              

                              } 

                            ],
                           "LRVL6PEUSZC4UBNCYLK6QSXTE6Y":[
                          
                           
                            {
                              
                                 "component_name": "html",
                                 "component_id": "LJT2QZINPUHSEDP27DS2E7CY4FU",
                                 "file_name": [ "html", "html_42UMTMRAOAMUFNBWN6VFDTICMM"]
                              

                              } 

                            ],
                           "LLON4PTZP37LUDK4HJ3OL3SQ3ZI":[
                          
                           
                            {
                              
                                 "component_name": "progress_chart",
                                  "component_id": "LCTRJGQH4LDLU5APHWWMVH2TW6Y",
                                  "file_name": [ "progress_chart", "progress_chart_42UMTMRAOAMUFNBWN6VFDTICMM"]
                               

                              } 

                            ],
                           "LVEXMVHPOJ7XEHLKAJOI64SBFVA":[
                          
                           
                            {
                              
                                 "component_name": "html",
                                 "component_id": "LBIP4LF7XPKOEZMD2EAXVFP7DG4",
                                 "file_name": [ "html", "html_42UMTMRAOAMUFNBWN6VFDTICMM"]
                              

                              } 

                            ],
                           "L6ZFTPKA5M4BEFBY32F7ZSN3EKA":[
                          
                           
                            {
                              
                                 "component_name": "html",
                                 "component_id": "LXSPYR4FRATKEHDPEPBCABLPARQ",
                                 "file_name": [ "html", "html_42UMTMRAOAMUFNBWN6VFDTICMM"]
                              

                              } ,
                            {
                              
                                 "component_name": "image",
                                  "component_id": "L4OMLZYZSZH3EXNTS4GVK6ONQ3I",
                                  "file_name": [ "image", "image_42UMTMRAOAMUFNBWN6VFDTICMM"]
                               

                              } ,
                            {
                              
                                 "component_name": "html",
                                 "component_id": "LOYEZDKV2YSVE7KHTSF7AA3PHJY",
                                 "file_name": [ "html", "html_42UMTMRAOAMUFNBWN6VFDTICMM"]
                              

                              } 

                            ],
                           "LPQIK3GBIKGNURLJ7MOU4VMLFRI":[
                          
                           
                            {
                              
                                 "component_name": "html",
                                 "component_id": "LWVVSPMS3ICCUHGTNSYJIMUHUJQ",
                                 "file_name": [ "html", "html_42UMTMRAOAMUFNBWN6VFDTICMM"]
                              

                              } ,
                            {
                              
                                 "component_name": "image",
                                  "component_id": "LUFUDBDNEA7XUHF7FVMRWXWC6WI",
                                  "file_name": [ "image", "image_42UMTMRAOAMUFNBWN6VFDTICMM"]
                               

                              } 

                            ],
                           "LTS7B6HITWHUUDG66AZYK2LXUTQ":[
                          
                           
                            {
                              
                                 "component_name": "html",
                                 "component_id": "L6XZHV55KRWHEPKXHY6U3D5BJZA",
                                 "file_name": [ "html", "html_42UMTMRAOAMUFNBWN6VFDTICMM"]
                              

                              } 

                            ],
                           "LU5DD7G674VOEJG4TP66TNORYOI":[
                          
                           
                            {
                              
                                 "component_name": "html",
                                 "component_id": "L5UTMMRXB7RZU3O7QNODE2D4IR4",
                                 "file_name": [ "html", "html_42UMTMRAOAMUFNBWN6VFDTICMM"]
                              

                              } 

                            ],
                           "LIBOIWNHAFRDURCPVE34QLWW2KU":[
                          
                           
                            {
                              
                                 "component_name": "html",
                                 "component_id": "LKZ2S3ZSKQPEE5MHRIE66LYB6AM",
                                 "file_name": [ "html", "html_42UMTMRAOAMUFNBWN6VFDTICMM"]
                              

                              } 

                            ],
                           "L5334FPHQ3F6EJJKJ6TWTDRVZWM":[
                          
                           
                            {
                              
                                 "component_name": "progress_chart",
                                  "component_id": "LOFMYYKGUUDUUHANZHWLDOHVVPM",
                                  "file_name": [ "progress_chart", "progress_chart_42UMTMRAOAMUFNBWN6VFDTICMM"]
                               

                              } 

                            ],
                           "LQFB3LURSXZ2EPC6VCA6UHI2PL4":[
                          
                           
                            {
                              
                                 "component_name": "html",
                                 "component_id": "LPKJPE3Z52FCU7EEAPHUBK5P7VY",
                                 "file_name": [ "html", "html_42UMTMRAOAMUFNBWN6VFDTICMM"]
                              

                              } 

                            ],
                           "LTG6Z4KA6JAUUXCARCB2DFUZOTY":[
                          
                           
                            {
                              
                                 "component_name": "html",
                                 "component_id": "LJ5ABPRFTL6DE5HRKOX4K6RI6CI",
                                 "file_name": [ "html", "html_42UMTMRAOAMUFNBWN6VFDTICMM"]
                              

                              } ,
                            {
                              
                                 "component_name": "image",
                                  "component_id": "LYN26SCTHCZLE3ERJNJKR4JHGAE",
                                  "file_name": [ "image", "image_42UMTMRAOAMUFNBWN6VFDTICMM"]
                               

                              } ,
                            {
                              
                                 "component_name": "html",
                                 "component_id": "LQNVVAINNYEVUXLDBBDTKALVUMQ",
                                 "file_name": [ "html", "html_42UMTMRAOAMUFNBWN6VFDTICMM"]
                              

                              } 

                            ],
                           "LCYLTD7VQ75VUBNRGLF6ADJBEHQ":[
                          
                           
                            {
                              
                                 "component_name": "html",
                                 "component_id": "LSJSYSZ572WLUXAUMEM6GOVOMTY",
                                 "file_name": [ "html", "html_42UMTMRAOAMUFNBWN6VFDTICMM"]
                              

                              } ,
                            {
                              
                                 "component_name": "image",
                                  "component_id": "LUARQOFNXC4GE7BGSM6P5T444RM",
                                  "file_name": [ "image", "image_42UMTMRAOAMUFNBWN6VFDTICMM"]
                               

                              } 

                            ],
                           "LE3TICAB2WV3UVMFXZILMNX5RME":[
                          
                           
                            {
                              
                                 "component_name": "html",
                                 "component_id": "LNLHVEIKTI6YE5L5P6UPEDJKCSE",
                                 "file_name": [ "html", "html_42UMTMRAOAMUFNBWN6VFDTICMM"]
                              

                              } 

                            ],
                           "LUUGWZ3XVSU6EZHMSQXSL2G4PXE":[
                          
                           
                            {
                              
                                 "component_name": "html",
                                 "component_id": "L6ZJYL7GRA7CE7H543NSPR3W65U",
                                 "file_name": [ "html", "html_42UMTMRAOAMUFNBWN6VFDTICMM"]
                              

                              } 

                            ],
                           "LLPXUF5FZN7SUJCDU2BAXZRVKHE":[
                          
                           
                            {
                              
                                 "component_name": "html",
                                 "component_id": "LXWA5NPQIM34U7FOTQL7IICCDHY",
                                 "file_name": [ "html", "html_42UMTMRAOAMUFNBWN6VFDTICMM"]
                              

                              } 

                            ],
                           "LMP6GCOHQCQKUPCYQQIX2NKWPAI":[
                          
                           
                            {
                              
                                    "component_name": "imagesimulator",
                                    "component_id": "L3ERZEV2U7LPUZJBFMXDHVCXG3I",
                                  "file_name": [ "imagesimulator", "imagesimulator_42UMTMRAOAMUFNBWN6VFDTICMM"]                            
                               

                              } 

                            ],
                           "LJZCLGXSIMJ5U5NE22CK7KZ6XYU":[
                          
                           
                            {
                              
                                 "component_name": "html",
                                 "component_id": "LMFJFPUV4UHTEHIMSFCKOESU44Q",
                                 "file_name": [ "html", "html_42UMTMRAOAMUFNBWN6VFDTICMM"]
                              

                              } 

                            ],
                           "LC35TZS3M227UZLXQEJ6ODXT5QI":[
                          
                           
                            {
                              
                                 "component_name": "html",
                                 "component_id": "LI6LUYWFKQ4UEHJUUTFBOFPGQRI",
                                 "file_name": [ "html", "html_42UMTMRAOAMUFNBWN6VFDTICMM"]
                              

                              } 

                            ],
                           "LSYN43UERQ2NEPG2LKAFRX6LVBQ":[
                          
                           
                            {
                              
                                    "component_name": "imagesimulator",
                                    "component_id": "LTGPXLIGPCTVUNGP5RP2NY6G2RU",
                                  "file_name": [ "imagesimulator", "imagesimulator_42UMTMRAOAMUFNBWN6VFDTICMM"]                            
                               

                              } 

                            ],
                           "LVPBG64NA5HXEZIZIXLKMTKIRFM":[
                          
                           
                            {
                              
                                 "component_name": "html",
                                 "component_id": "LTYBM6AQTGFKUFF2ZNGIMCY2CEU",
                                 "file_name": [ "html", "html_42UMTMRAOAMUFNBWN6VFDTICMM"]
                              

                              } 

                            ],
                           "LQVB4YOMGRQ3END4JE23A2KATYY":[
                          
                           
                            {
                              
                                 "component_name": "html",
                                 "component_id": "LME3CAXWNBMLEBKERGCRAMDQQH4",
                                 "file_name": [ "html", "html_42UMTMRAOAMUFNBWN6VFDTICMM"]
                              

                              } 

                            ],
                           "LC5ONO23X4VJUNHF3KRQJM4D5PA":[
                          
                           
                            {
                              
                                 "component_name": "flipbook",
                                  "component_id": "L6GFEQLXGT53UHLTYA6PRILD3MI",
                                  "file_name": [ "flipbook", "flipbook_42UMTMRAOAMUFNBWN6VFDTICMM"]
                               

                              } 

                            ],
                           "LYPB6OCJSQS4UJEUIMPVIP5QHOQ":[
                          
                           
                            {
                              
                                 "component_name": "html",
                                 "component_id": "LLMQ65EPIS4SUTF4DZVEZM2O7WQ",
                                 "file_name": [ "html", "html_42UMTMRAOAMUFNBWN6VFDTICMM"]
                              

                              } ,
                            {
                              
                                 "component_name": "image",
                                  "component_id": "LC2325TMIZATEFAKTOEAY66JN2A",
                                  "file_name": [ "image", "image_42UMTMRAOAMUFNBWN6VFDTICMM"]
                               

                              } ,
                            {
                              
                                 "component_name": "html",
                                 "component_id": "L222NP3FBDBNU3KJFRP6O2T3EN4",
                                 "file_name": [ "html", "html_42UMTMRAOAMUFNBWN6VFDTICMM"]
                              

                              } 

                            ],
                           "LLGJCF5QWTRZEDAI7RALI3AK6BY":[
                          
                           
                            {
                              
                                 "component_name": "html",
                                 "component_id": "LEJGIPCT2VSNEJCOOCSRIUGUWE4",
                                 "file_name": [ "html", "html_42UMTMRAOAMUFNBWN6VFDTICMM"]
                              

                              } 

                            ],
                           "LQDZFPTMCW6AEJMIDR5TNCF5DNE":[
                          
                           
                            {
                              
                                 "component_name": "html",
                                 "component_id": "L3NRPWANE6OCULPIYMICTMR727Y",
                                 "file_name": [ "html", "html_42UMTMRAOAMUFNBWN6VFDTICMM"]
                              

                              } 

                            ],
                           "L5O6VO76B2P6UPHIOCGKMAP5NXA":[
                          
                           
                            {
                              
                                 "component_name": "html",
                                 "component_id": "LTJJ4PIEOETCEBNMB7XARLMWGOA",
                                 "file_name": [ "html", "html_42UMTMRAOAMUFNBWN6VFDTICMM"]
                              

                              } 

                            ],
                           "LAY5MJ7O3ECIULF6CL4ZLAAULZU":[
                          
                           
                            {
                              
                                 "component_name": "html",
                                 "component_id": "L7HY5SSQXF76EBEMWYUIJTUND7E",
                                 "file_name": [ "html", "html_42UMTMRAOAMUFNBWN6VFDTICMM"]
                              

                              } 

                            ],
                           "LOKDQN3MTEN5EPHZMM5EFKJCOOI":[
                          
                           
                            {
                              
                                 "component_name": "flipbook",
                                  "component_id": "L7FCFX2Z3X6FEPEZQEGZWMEEXKU",
                                  "file_name": [ "flipbook", "flipbook_42UMTMRAOAMUFNBWN6VFDTICMM"]
                               

                              } 

                            ],
                           "LJJL7ZOOKFZFUJK7GBQGOQRCE4I":[
                          
                           
                            {
                              
                                 "component_name": "html",
                                 "component_id": "LO3DMTZDWUPAUXINGH5XL6JAC2I",
                                 "file_name": [ "html", "html_42UMTMRAOAMUFNBWN6VFDTICMM"]
                              

                              } ,
                            {
                              
                                 "component_name": "image",
                                  "component_id": "LNOUISSDA2VXEPPITNOO2UPNKOI",
                                  "file_name": [ "image", "image_42UMTMRAOAMUFNBWN6VFDTICMM"]
                               

                              } ,
                            {
                              
                                 "component_name": "html",
                                 "component_id": "LZDND5VUWJCXU7MKTH65MHEH4CQ",
                                 "file_name": [ "html", "html_42UMTMRAOAMUFNBWN6VFDTICMM"]
                              

                              } 

                            ],
                           "LAFAOQ6MQEYVEHNRQA3ORCBC5YU":[
                          
                           
                            {
                              
                                 "component_name": "html",
                                 "component_id": "LQZ7L23PMFGNULILTCMRQCPEPQM",
                                 "file_name": [ "html", "html_42UMTMRAOAMUFNBWN6VFDTICMM"]
                              

                              } 

                            ],
                           "LRBGX6W5ZSDREBHJZXQY3R5C7KU":[
                          
                           
                            {
                              
                                 "component_name": "html",
                                 "component_id": "LFNQELX6A33HE3LPXKE6NTFCJ54",
                                 "file_name": [ "html", "html_42UMTMRAOAMUFNBWN6VFDTICMM"]
                              

                              } 

                            ],
                           "LLJHXCHFOAIGEHPX3LOFOGRQHUY":[
                          
                           
                            {
                              
                                 "component_name": "html",
                                 "component_id": "LUDISMG43CCAUVJECU4DKOUSF5M",
                                 "file_name": [ "html", "html_42UMTMRAOAMUFNBWN6VFDTICMM"]
                              

                              } 

                            ],
                           "LQ5YZ7VSKHHWEJAFGRB77OXD4QI":[
                          
                           
                            {
                              
                                 "component_name": "html",
                                 "component_id": "LWY3JVYUZXMWEXAG5YELKTSXR4U",
                                 "file_name": [ "html", "html_42UMTMRAOAMUFNBWN6VFDTICMM"]
                              

                              } 

                            ],
                           "LCGE5CBRWH3VEFIPBQQBY7J6KLI":[
                          
                           
                            {
                              
                                    "component_name": "vrhotspot",
                                    "component_id": "LIFL32ZR5GQQEHLLJYVMOCWADSY",
                                  "file_name": [ "vrhotspot", "vrhotspot_42UMTMRAOAMUFNBWN6VFDTICMM"]                            
                               

                              } 

                            ],
                           "LKOSWBQMDQ5KURLNS4B3F5GGMK4":[
                          
                           
                            {
                              
                                 "component_name": "html",
                                 "component_id": "LJ4J2YGJ4PIDUXJSGJS2TODRMLU",
                                 "file_name": [ "html", "html_42UMTMRAOAMUFNBWN6VFDTICMM"]
                              

                              } 

                            ],
                           "LN6XWTIHLITYERKFHZEK6GEQKRY":[
                          
                           
                            {
                              
                                 "component_name": "image",
                                  "component_id": "LUVWMQQ254JWEZJETNKZXLI5ZSM",
                                  "file_name": [ "image", "image_42UMTMRAOAMUFNBWN6VFDTICMM"]
                               

                              } 

                            ],
                           "LE56LVPEF2KNUJGGVGWCZVYMLUI":[
                          
                           
                            {
                              
                                 "component_name": "html",
                                 "component_id": "LNQPT5HBIBC4EPPFXGX2XNU4Q7Y",
                                 "file_name": [ "html", "html_42UMTMRAOAMUFNBWN6VFDTICMM"]
                              

                              } 

                            ],
                           "LFGYJVOAPN23ETEH64VBT235YNE":[
                          
                           
                            {
                              
                                 "component_name": "html",
                                 "component_id": "LOCZL7YMOZ4HENGJSKIBL3CJLQU",
                                 "file_name": [ "html", "html_42UMTMRAOAMUFNBWN6VFDTICMM"]
                              

                              } 

                            ]

         }
      }

    