
 {
    "flipbook": {
          
             "L6GFEQLXGT53UHLTYA6PRILD3MI" : {
                "adaptive_height": false,
                "items": [
                     
                      {
                          "id": "LV4ODNALWKVLUFDMWQASNUE6XEU",
                          "page_id": 0,
                          "content" : [
                                  
                                      {
                                        "component_name": "section",
                                        "component_id": "LOVTLFX2IR4KURMAZ4NBX5T7E6U",
                                        "file_name": ["section", "section_42UMTMRAOAMUFNBWN6VFDTICMM"]
                                      }
                                           
                          ]
                      }
                     ,
                      {
                          "id": "LTKXFT536MXIUFDCSVE7VQUKKCI",
                          "page_id": 1,
                          "content" : [
                                  
                                      {
                                        "component_name": "section",
                                        "component_id": "L577S3WIWTZLUNPH3ZNXNART4GU",
                                        "file_name": ["section", "section_42UMTMRAOAMUFNBWN6VFDTICMM"]
                                      }
                                           
                          ]
                      }
                     ,
                      {
                          "id": "LFQONAEO65OVUDP2I3PTS6BRLWA",
                          "page_id": 2,
                          "content" : [
                                  
                                      {
                                        "component_name": "section",
                                        "component_id": "LPDUVABGD3WGU5NPGHMSTT2QIPA",
                                        "file_name": ["section", "section_42UMTMRAOAMUFNBWN6VFDTICMM"]
                                      }
                                           
                          ]
                      }
                     ,
                      {
                          "id": "LGL3N6JYIFOIUBGKUBVRXBIHQM4",
                          "page_id": 3,
                          "content" : [
                                  
                                      {
                                        "component_name": "section",
                                        "component_id": "L7K77J6CW725ENJQ47ZWDA5LP34",
                                        "file_name": ["section", "section_42UMTMRAOAMUFNBWN6VFDTICMM"]
                                      }
                                           
                          ]
                      }
                     ,
                      {
                          "id": "L6HQ73B4WLMEEDHUQVDZ42TZ7GA",
                          "page_id": 4,
                          "content" : [
                                  
                                      {
                                        "component_name": "section",
                                        "component_id": "LGX5JN43MSUREPE67GRYEWTARVQ",
                                        "file_name": ["section", "section_42UMTMRAOAMUFNBWN6VFDTICMM"]
                                      }
                                           
                          ]
                      }
                     
                
                ]
             }
           ,
             "L7FCFX2Z3X6FEPEZQEGZWMEEXKU" : {
                "adaptive_height": true,
                "items": [
                     
                      {
                          "id": "LVYKZI4XZJTIEXPC4GBZN7WRR64",
                          "page_id": 0,
                          "content" : [
                                  
                                      {
                                        "component_name": "section",
                                        "component_id": "LWZR4FTECV3VUJFSSFQVPK4OVQA",
                                        "file_name": ["section", "section_42UMTMRAOAMUFNBWN6VFDTICMM"]
                                      }
                                           
                          ]
                      }
                     ,
                      {
                          "id": "LFAZIAHV4YLYEPG4S25XF2YOBNI",
                          "page_id": 1,
                          "content" : [
                                  
                                      {
                                        "component_name": "section",
                                        "component_id": "LDKETZWEVOBHUBEYQAVF6EQLY3M",
                                        "file_name": ["section", "section_42UMTMRAOAMUFNBWN6VFDTICMM"]
                                      }
                                           
                          ]
                      }
                     ,
                      {
                          "id": "LWCBR3BCG4X3UBMRNKH3VSLX7Y4",
                          "page_id": 2,
                          "content" : [
                                  
                                      {
                                        "component_name": "section",
                                        "component_id": "LNBRGB5K36LGUFOZ5XOSQWTS55I",
                                        "file_name": ["section", "section_42UMTMRAOAMUFNBWN6VFDTICMM"]
                                      }
                                           
                          ]
                      }
                     ,
                      {
                          "id": "LUMUZ64QJR6EURAVVAASMVEPCOM",
                          "page_id": 3,
                          "content" : [
                                  
                                      {
                                        "component_name": "section",
                                        "component_id": "LYHVKNMBEDKWURFBKBKJYEVNHAM",
                                        "file_name": ["section", "section_42UMTMRAOAMUFNBWN6VFDTICMM"]
                                      }
                                           
                          ]
                      }
                     ,
                      {
                          "id": "L7TVXA4X7FMPELB4XKWSDT27VQI",
                          "page_id": 4,
                          "content" : [
                                  
                                      {
                                        "component_name": "section",
                                        "component_id": "L5CA4GZCPI2HEDOPH7CPPMBXA7U",
                                        "file_name": ["section", "section_42UMTMRAOAMUFNBWN6VFDTICMM"]
                                      }
                                           
                          ]
                      }
                     
                
                ]
             }
           

     }
 }
     
