
      {
      "html": {
                  
                
                      "LGROVSLZJPISEFHMNIEMYTPTW6I": {
                            "data": {
                                "content": "Lorem ipsum dolor sit amet consectetur adipisicing elit. Laboriosam dignissimos voluptates sapiente provident voluptatibus accusantium recusandae, dolorum repudiandae officia ullam laborum possimus atque corrupti magni in veniam libero adipisci ea?",
                                "classes": "html-content-text"
                            }
                             
                        }
                      ,
                
                      "LKK6ATV4BNDGUPGD3BOZFMWKBZA": {
                            "data": {
                                "content": "Laboriosam dignissimos voluptates sapiente provident voluptatibus accusantium recusandae, dolorum repudiandae officia ullam laborum possimus atque corrupti magni in veniam libero adipisci ea? Lorem ipsum dolor sit amet consectetur adipisicing elit.",
                                "classes": "html-content-text"
                            }
                             
                        }
                      ,
                
                      "LQMEANKINEC7EPHXJHKL6GJZTHA": {
                            "data": {
                                "content": "Lorem&nbsp;ipsum&nbsp;dolor&nbsp;sit&nbsp;amet&nbsp;consectetur&nbsp;adipisicing&nbsp;elit.&nbsp;Laboriosam&nbsp;dignissimos&nbsp;voluptates&nbsp;sapiente&nbsp;provident&nbsp;voluptatibus&nbsp;accusantium&nbsp;recusandae,&nbsp;dolorum&nbsp;repudiandae&nbsp;officia&nbsp;ullam&nbsp;laborum&nbsp;possimus&nbsp;atque&nbsp;corrupti&nbsp;magni&nbsp;in&nbsp;veniam&nbsp;libero&nbsp;adipisci&nbsp;ea?",
                                "classes": "html-content-text"
                            }
                             
                        }
                      ,
                
                      "LC5EHZGXDKASUPI2N3RH7AEGBXY": {
                            "data": {
                                "content": "Step 1<br/> <br/> Laboriosam dignissimos voluptates sapiente provident voluptatibus accusantium recusandae.",
                                "classes": "html-content-text"
                            }
                             
                        }
                      ,
                
                      "LYQCL6UHE57KENAZZNJGXZ6EHJE": {
                            "data": {
                                "content": "Step 2",
                                "classes": "html-content-text"
                            }
                             
                        }
                      ,
                
                      "LWVHLIOGV7R2U3OLACA3BV3IKRU": {
                            "data": {
                                "content": "Dolorum repudiandae officia ullam laborum possimus atque corrupti magni in veniam libero adipisci ea?",
                                "classes": "html-content-text"
                            }
                             
                        }
                      ,
                
                      "LXBIAAXBISDKUXGPEIFASNOK2DY": {
                            "data": {
                                "content": "Step 3<br/> <br/> Dolorum repudiandae officia ullam laborum possimus atque corrupti magni in veniam libero adipisci ea?",
                                "classes": "html-content-text"
                            }
                             
                        }
                      ,
                
                      "LQEFSH6CWPLPU7MV3OQ5M3Q77AU": {
                            "data": {
                                "content": "Step 4<br/> <br/> Laboriosam dignissimos voluptates sapiente provident voluptatibus accusantium recusandae, dolorum repudiandae officia ullam laborum possimus.",
                                "classes": "html-content-text"
                            }
                             
                        }
                      ,
                
                      "LBLWIELIHWPOE3FVWI5ZO2VEQOI": {
                            "data": {
                                "content": "Step 5<br/> <br/> officia ullam laborum possimus atque corrupti magni in veniam libero adipisci ea? Lorem ipsum dolor sit amet consectetur adipisicing elit.",
                                "classes": "html-content-text"
                            }
                             
                        }
                      ,
                
                      "LDKBYA3JL2G2ULOCXET72EOHDAE": {
                            "data": {
                                "content": "Step 6<br/> <br/> Laboriosam dignissimos voluptates sapiente provident voluptatibus accusantium recusandae.",
                                "classes": "html-content-text"
                            }
                             
                        }
                      ,
                
                      "LBMBH2FZLMVLEXANFRCYCSAI4WM": {
                            "data": {
                                "content": "Step 1<br/> <br/> Laboriosam dignissimos voluptates sapiente provident voluptatibus accusantium recusandae.",
                                "classes": "html-content-text"
                            }
                             
                        }
                      ,
                
                      "LVVU6H5UKOENU7FW2N4UQEPRZFU": {
                            "data": {
                                "content": "Step 2",
                                "classes": "html-content-text"
                            }
                             
                        }
                      ,
                
                      "LG52BCKRYRGAEJCAI2BEPBWAVWU": {
                            "data": {
                                "content": "Dolorum repudiandae officia ullam laborum possimus atque corrupti magni in veniam libero adipisci ea?",
                                "classes": "html-content-text"
                            }
                             
                        }
                      ,
                
                      "LV4KD7T75MPAU5MWO6U7LI5CHP4": {
                            "data": {
                                "content": "Step 3<br/> <br/> Dolorum repudiandae officia ullam laborum possimus atque corrupti magni in veniam libero adipisci ea?",
                                "classes": "html-content-text"
                            }
                             
                        }
                      ,
                
                      "LZEZ3HVWOSTBEZGBE53NKAVQI5E": {
                            "data": {
                                "content": "Step 4<br/> <br/> Laboriosam dignissimos voluptates sapiente provident voluptatibus accusantium recusandae, dolorum repudiandae officia ullam laborum possimus.",
                                "classes": "html-content-text"
                            }
                             
                        }
                      ,
                
                      "LAEBTGROUOCYE7CKJJFRPSRN3PE": {
                            "data": {
                                "content": "Step 5<br/> <br/> officia ullam laborum possimus atque corrupti magni in veniam libero adipisci ea? Lorem ipsum dolor sit amet consectetur adipisicing elit.",
                                "classes": "html-content-text"
                            }
                             
                        }
                      ,
                
                      "LJT2QZINPUHSEDP27DS2E7CY4FU": {
                            "data": {
                                "content": "Step 6<br/> <br/> Laboriosam dignissimos voluptates sapiente provident voluptatibus accusantium recusandae.",
                                "classes": "html-content-text"
                            }
                             
                        }
                      ,
                
                      "LBIP4LF7XPKOEZMD2EAXVFP7DG4": {
                            "data": {
                                "content": "Step 1<br/> <br/> Laboriosam dignissimos voluptates sapiente provident voluptatibus accusantium recusandae.",
                                "classes": "html-content-text"
                            }
                             
                        }
                      ,
                
                      "LXSPYR4FRATKEHDPEPBCABLPARQ": {
                            "data": {
                                "content": "Step 2",
                                "classes": "html-content-text"
                            }
                             
                        }
                      ,
                
                      "LOYEZDKV2YSVE7KHTSF7AA3PHJY": {
                            "data": {
                                "content": "Dolorum repudiandae officia ullam laborum possimus atque corrupti magni in veniam libero adipisci ea?",
                                "classes": "html-content-text"
                            }
                             
                        }
                      ,
                
                      "LWVVSPMS3ICCUHGTNSYJIMUHUJQ": {
                            "data": {
                                "content": "Step 3<br/> <br/> Dolorum repudiandae officia ullam laborum possimus atque corrupti magni in veniam libero adipisci ea?",
                                "classes": "html-content-text"
                            }
                             
                        }
                      ,
                
                      "L6XZHV55KRWHEPKXHY6U3D5BJZA": {
                            "data": {
                                "content": "Step 4<br/> <br/> Laboriosam dignissimos voluptates sapiente provident voluptatibus accusantium recusandae, dolorum repudiandae officia ullam laborum possimus.",
                                "classes": "html-content-text"
                            }
                             
                        }
                      ,
                
                      "L5UTMMRXB7RZU3O7QNODE2D4IR4": {
                            "data": {
                                "content": "Step 5<br/> <br/> officia ullam laborum possimus atque corrupti magni in veniam libero adipisci ea? Lorem ipsum dolor sit amet consectetur adipisicing elit.",
                                "classes": "html-content-text"
                            }
                             
                        }
                      ,
                
                      "LKZ2S3ZSKQPEE5MHRIE66LYB6AM": {
                            "data": {
                                "content": "Step 6<br/> <br/> Laboriosam dignissimos voluptates sapiente provident voluptatibus accusantium recusandae.",
                                "classes": "html-content-text"
                            }
                             
                        }
                      ,
                
                      "LPKJPE3Z52FCU7EEAPHUBK5P7VY": {
                            "data": {
                                "content": "Step 1<br/> <br/> Laboriosam dignissimos voluptates sapiente provident voluptatibus accusantium recusandae.",
                                "classes": "html-content-text"
                            }
                             
                        }
                      ,
                
                      "LJ5ABPRFTL6DE5HRKOX4K6RI6CI": {
                            "data": {
                                "content": "Step 2",
                                "classes": "html-content-text"
                            }
                             
                        }
                      ,
                
                      "LQNVVAINNYEVUXLDBBDTKALVUMQ": {
                            "data": {
                                "content": "Dolorum repudiandae officia ullam laborum possimus atque corrupti magni in veniam libero adipisci ea?",
                                "classes": "html-content-text"
                            }
                             
                        }
                      ,
                
                      "LSJSYSZ572WLUXAUMEM6GOVOMTY": {
                            "data": {
                                "content": "Step 3<br/> <br/> Dolorum repudiandae officia ullam laborum possimus atque corrupti magni in veniam libero adipisci ea?",
                                "classes": "html-content-text"
                            }
                             
                        }
                      ,
                
                      "LNLHVEIKTI6YE5L5P6UPEDJKCSE": {
                            "data": {
                                "content": "Step 4<br/> <br/> Laboriosam dignissimos voluptates sapiente provident voluptatibus accusantium recusandae, dolorum repudiandae officia ullam laborum possimus.",
                                "classes": "html-content-text"
                            }
                             
                        }
                      ,
                
                      "L6ZJYL7GRA7CE7H543NSPR3W65U": {
                            "data": {
                                "content": "Step 5<br/> <br/> officia ullam laborum possimus atque corrupti magni in veniam libero adipisci ea? Lorem ipsum dolor sit amet consectetur adipisicing elit.",
                                "classes": "html-content-text"
                            }
                             
                        }
                      ,
                
                      "LXWA5NPQIM34U7FOTQL7IICCDHY": {
                            "data": {
                                "content": "Step 6<br/> <br/> Laboriosam dignissimos voluptates sapiente provident voluptatibus accusantium recusandae.",
                                "classes": "html-content-text"
                            }
                             
                        }
                      ,
                
                      "LMFJFPUV4UHTEHIMSFCKOESU44Q": {
                            "data": {
                                "content": "Chloroplasts are organelles found in plant cells and eukaryotic algae that conduct photosynthesis. Chloroplasts absorb sunlight and use it in conjunction with water and carbon dioxide gas to produce food for the plant.",
                                "classes": "html-content-text"
                            }
                             
                        }
                      ,
                
                      "LI6LUYWFKQ4UEHJUUTFBOFPGQRI": {
                            "data": {
                                "content": "The mitochondrion (plural mitochondria) is a membrane-bound organelle found in the cytoplasm of eukaryotic cells. It is the power house of the cell; it is responsible for cellular respiration and production of (most) ATP in the cell.",
                                "classes": "html-content-text"
                            }
                             
                        }
                      ,
                
                      "LTYBM6AQTGFKUFF2ZNGIMCY2CEU": {
                            "data": {
                                "content": "Chloroplasts are organelles found in plant cells and eukaryotic algae that conduct photosynthesis. Chloroplasts absorb sunlight and use it in conjunction with water and carbon dioxide gas to produce food for the plant.",
                                "classes": "html-content-text"
                            }
                             
                        }
                      ,
                
                      "LME3CAXWNBMLEBKERGCRAMDQQH4": {
                            "data": {
                                "content": "The mitochondrion (plural mitochondria) is a membrane-bound organelle found in the cytoplasm of eukaryotic cells. It is the power house of the cell; it is responsible for cellular respiration and production of (most) ATP in the cell.",
                                "classes": "html-content-text"
                            }
                             
                        }
                      ,
                
                      "LLMQ65EPIS4SUTF4DZVEZM2O7WQ": {
                            "data": {
                                "content": "Lorem ipsum dolor sit amet, consectetur adipiscing elit, sed do eiusmod tempor incididunt ut labore et dolore magna aliqua. Libero justo laoreet sit amet cursus. Neque ornare aenean euismod elementum. Nibh tortor id aliquet lectus proin. Sit amet cursus sit amet dictum sit. Sit amet tellus cras adipiscing enim eu turpis egestas.",
                                "classes": "html-content-text"
                            }
                             
                        }
                      ,
                
                      "L222NP3FBDBNU3KJFRP6O2T3EN4": {
                            "data": {
                                "content": "Dictum non consectetur a erat nam. Sollicitudin aliquam ultrices sagittis orci a. Neque sodales ut etiam sit amet nisl purus in. Et netus et malesuada fames. Purus in mollis nunc sed id. Et netus et malesuada fames ac.",
                                "classes": "html-content-text"
                            }
                             
                        }
                      ,
                
                      "LEJGIPCT2VSNEJCOOCSRIUGUWE4": {
                            "data": {
                                "content": "Consequat semper viverra nam libero justo laoreet sit amet. Turpis massa sed elementum tempus egestas sed sed. Tellus cras adipiscing enim eu turpis egestas. Ullamcorper dignissim cras tincidunt lobortis feugiat vivamus at augue. Nisl condimentum id venenatis a condimentum vitae sapien pellentesque habitant. Rhoncus dolor purus non enim praesent elementum facilisis leo vel. Vestibulum mattis ullamcorper velit sed. Nisl nisi scelerisque eu ultrices vitae. Diam maecenas ultricies mi eget mauris pharetra et. Diam maecenas ultricies mi eget mauris pharetra et. Sit amet nulla facilisi morbi tempus iaculis urna id volutpat. Eget aliquet nibh praesent tristique magna sit. Lobortis elementum nibh tellus molestie nunc non blandit.",
                                "classes": "html-content-text"
                            }
                             
                        }
                      ,
                
                      "L3NRPWANE6OCULPIYMICTMR727Y": {
                            "data": {
                                "content": "Sapien eget mi proin sed libero enim sed faucibus. Velit euismod in pellentesque massa. Sed augue lacus viverra vitae congue eu. Diam ut venenatis tellus in metus vulputate eu. Platea dictumst vestibulum rhoncus est pellentesque elit ullamcorper. Erat imperdiet sed euismod nisi porta lorem mollis. Nulla aliquet enim tortor at auctor urna nunc id. Pellentesque pulvinar pellentesque habitant morbi tristique senectus et netus et. Sit amet commodo nulla facilisi nullam vehicula ipsum a arcu. Diam maecenas ultricies mi eget mauris pharetra et. Nisl suscipit adipiscing bibendum est ultricies integer quis. Rhoncus est pellentesque elit ullamcorper. Feugiat nibh sed pulvinar proin gravida hendrerit lectus. Nullam vehicula ipsum a arcu cursus vitae congue. Nulla malesuada pellentesque elit eget gravida cum sociis. Tellus orci ac auctor augue. Rhoncus mattis rhoncus urna neque viverra justo nec ultrices. Vel orci porta non pulvinar neque.",
                                "classes": "html-content-text"
                            }
                             
                        }
                      ,
                
                      "LTJJ4PIEOETCEBNMB7XARLMWGOA": {
                            "data": {
                                "content": "Tellus molestie nunc non blandit massa enim nec dui. Pharetra vel turpis nunc eget lorem dolor. Proin sagittis nisl rhoncus mattis. Nec ultrices dui sapien eget mi proin sed. Dolor magna eget est lorem. Iaculis eu non diam phasellus. In hac habitasse platea dictumst vestibulum rhoncus est. Risus viverra adipiscing at in tellus integer. Sed sed risus pretium quam vulputate dignissim suspendisse in est. Sem integer vitae justo eget magna fermentum iaculis. Pretium nibh ipsum consequat nisl vel pretium. Non tellus orci ac auctor augue mauris augue neque gravida. Sit amet nisl suscipit adipiscing bibendum est ultricies integer quis. Sit amet nulla facilisi morbi tempus iaculis. Nisl nisi scelerisque eu ultrices vitae auctor eu. Ipsum a arcu cursus vitae. Lorem ipsum dolor sit amet consectetur adipiscing.",
                                "classes": "html-content-text"
                            }
                             
                        }
                      ,
                
                      "L7HY5SSQXF76EBEMWYUIJTUND7E": {
                            "data": {
                                "content": "Natoque penatibus et magnis dis parturient montes nascetur. Porttitor rhoncus dolor purus non enim praesent elementum facilisis. Lacus vestibulum sed arcu non odio euismod lacinia at. Aliquet lectus proin nibh nisl condimentum. Rhoncus dolor purus non enim praesent elementum facilisis leo vel. Gravida dictum fusce ut placerat. Curabitur gravida arcu ac tortor dignissim convallis aenean et tortor. Vitae turpis massa sed elementum tempus egestas sed sed risus. Felis donec et odio pellentesque. Arcu felis bibendum ut tristique et egestas. Dignissim suspendisse in est ante in nibh. Lobortis scelerisque fermentum dui faucibus in ornare quam viverra.",
                                "classes": "html-content-text"
                            }
                             
                        }
                      ,
                
                      "LO3DMTZDWUPAUXINGH5XL6JAC2I": {
                            "data": {
                                "content": "Lorem ipsum dolor sit amet, consectetur adipiscing elit, sed do eiusmod tempor incididunt ut labore et dolore magna aliqua. Libero justo laoreet sit amet cursus. Neque ornare aenean euismod elementum. Nibh tortor id aliquet lectus proin. Sit amet cursus sit amet dictum sit. Sit amet tellus cras adipiscing enim eu turpis egestas.",
                                "classes": "html-content-text"
                            }
                             
                        }
                      ,
                
                      "LZDND5VUWJCXU7MKTH65MHEH4CQ": {
                            "data": {
                                "content": "Dictum non consectetur a erat nam. Sollicitudin aliquam ultrices sagittis orci a. Neque sodales ut etiam sit amet nisl purus in. Et netus et malesuada fames. Purus in mollis nunc sed id. Et netus et malesuada fames ac.",
                                "classes": "html-content-text"
                            }
                             
                        }
                      ,
                
                      "LQZ7L23PMFGNULILTCMRQCPEPQM": {
                            "data": {
                                "content": "Consequat semper viverra nam libero justo laoreet sit amet. Turpis massa sed elementum tempus egestas sed sed. Tellus cras adipiscing enim eu turpis egestas. Ullamcorper dignissim cras tincidunt lobortis feugiat vivamus at augue. Nisl condimentum id venenatis a condimentum vitae sapien pellentesque habitant. Rhoncus dolor purus non enim praesent elementum facilisis leo vel. Vestibulum mattis ullamcorper velit sed. Nisl nisi scelerisque eu ultrices vitae. Diam maecenas ultricies mi eget mauris pharetra et. Diam maecenas ultricies mi eget mauris pharetra et. Sit amet nulla facilisi morbi tempus iaculis urna id volutpat. Eget aliquet nibh praesent tristique magna sit. Lobortis elementum nibh tellus molestie nunc non blandit.",
                                "classes": "html-content-text"
                            }
                             
                        }
                      ,
                
                      "LFNQELX6A33HE3LPXKE6NTFCJ54": {
                            "data": {
                                "content": "Sapien eget mi proin sed libero enim sed faucibus. Velit euismod in pellentesque massa. Sed augue lacus viverra vitae congue eu. Diam ut venenatis tellus in metus vulputate eu. Platea dictumst vestibulum rhoncus est pellentesque elit ullamcorper. Erat imperdiet sed euismod nisi porta lorem mollis. Nulla aliquet enim tortor at auctor urna nunc id. Pellentesque pulvinar pellentesque habitant morbi tristique senectus et netus et. Sit amet commodo nulla facilisi nullam vehicula ipsum a arcu. Diam maecenas ultricies mi eget mauris pharetra et.",
                                "classes": "html-content-text"
                            }
                             
                        }
                      ,
                
                      "LUDISMG43CCAUVJECU4DKOUSF5M": {
                            "data": {
                                "content": "Tellus molestie nunc non blandit massa enim nec dui. Pharetra vel turpis nunc eget lorem dolor. Proin sagittis nisl rhoncus mattis. Nec ultrices dui sapien eget mi proin sed. Dolor magna eget est lorem. Iaculis eu non diam phasellus. In hac habitasse platea dictumst vestibulum rhoncus est. Risus viverra adipiscing at in tellus integer. Sed sed risus pretium quam vulputate dignissim suspendisse in est. Sem integer vitae justo eget magna fermentum iaculis. Pretium nibh ipsum consequat nisl vel pretium. Non tellus orci ac auctor augue mauris augue neque gravida. Sit amet nisl suscipit adipiscing bibendum est ultricies integer quis. Sit amet nulla facilisi morbi tempus iaculis. Nisl nisi scelerisque eu ultrices vitae auctor eu. Ipsum a arcu cursus vitae. Lorem ipsum dolor sit amet consectetur adipiscing.",
                                "classes": "html-content-text"
                            }
                             
                        }
                      ,
                
                      "LWY3JVYUZXMWEXAG5YELKTSXR4U": {
                            "data": {
                                "content": "Natoque penatibus et magnis dis parturient montes nascetur. Porttitor rhoncus dolor purus non enim praesent elementum facilisis. Lacus vestibulum sed arcu non odio euismod lacinia at. Aliquet lectus proin nibh nisl condimentum. Rhoncus dolor purus non enim praesent elementum facilisis leo vel. Gravida dictum fusce ut placerat. Curabitur gravida arcu ac tortor dignissim convallis aenean et tortor. Vitae turpis massa sed elementum tempus egestas sed sed risus. Felis donec et odio pellentesque. Arcu felis bibendum ut tristique et egestas. Dignissim suspendisse in est ante in nibh. Lobortis scelerisque fermentum dui faucibus in ornare quam viverra.",
                                "classes": "html-content-text"
                            }
                             
                        }
                      ,
                
                      "LJ4J2YGJ4PIDUXJSGJS2TODRMLU": {
                            "data": {
                                "content": "Lorem ipsum dolor sit amet, consectetur adipiscing elit.",
                                "classes": "html-content-text"
                            }
                             
                        }
                      ,
                
                      "LNQPT5HBIBC4EPPFXGX2XNU4Q7Y": {
                            "data": {
                                "content": "Libero justo laoreet sit amet cursus. Neque ornare aenean euismod elementum.",
                                "classes": "html-content-text"
                            }
                             
                        }
                      ,
                
                      "LOCZL7YMOZ4HENGJSKIBL3CJLQU": {
                            "data": {
                                "content": " <div dir=\"rtl\" style=\"text-align:center\"><span class=\"math-tex\">\\(x = {-b \\pm \\sqrt{b^2-4ac} \\over 2a}\\)</span></div> ",
                                "classes": "html-content-text"
                            }
                             
                        }
                      
         }
      }

    