
      {
      "image": {
                  
                
                      "LRCEK6G4VEV4E5BMSQEIRFHLKXY": {
                            "data": {
                                "url": "../../source/LRCEK6G4VEV4E5BMSQEIRFHLKXY/EN6_MLO_001_DOK1_IMG_010.jpg",
                                "style": "rounded-square",
                                "width":200,
                                "border": {
                                          "width": "",
                                          "color": "#cccccc"
                                          },
                                 "popup": false,
                                 "source": "",
                                 "type": "",
                                 "author": "",
                                 "position": null,
                                 "ratio": null
                                   }
                                   }
                                ,
                
                      "L3ZPMQPAHOD2E5EWMT5DQV6YYNE": {
                            "data": {
                                "url": "../../source/L3ZPMQPAHOD2E5EWMT5DQV6YYNE/EN6_MLO_001_DOK3_IMG_015.jpg",
                                "style": "rounded-square",
                                "width":200,
                                "border": {
                                          "width": "",
                                          "color": "#cccccc"
                                          },
                                 "popup": false,
                                 "source": "",
                                 "type": "",
                                 "author": "",
                                 "position": null,
                                 "ratio": null
                                   }
                                   }
                                ,
                
                      "LN2VFBBBTG23E7IAQNPTKWF45F4": {
                            "data": {
                                "url": "../../source/LN2VFBBBTG23E7IAQNPTKWF45F4/EN6_MLO_001_DOK2_IMG_012.jpg",
                                "style": "rounded-square",
                                "width":200,
                                "border": {
                                          "width": "",
                                          "color": "#cccccc"
                                          },
                                 "popup": false,
                                 "source": "",
                                 "type": "",
                                 "author": "",
                                 "position": null,
                                 "ratio": null
                                   }
                                   }
                                ,
                
                      "LT4JLIYTHSW3UHG2KLLQ6JJISAM": {
                            "data": {
                                "url": "../../source/LT4JLIYTHSW3UHG2KLLQ6JJISAM/EN6_MLO_001_DOK2_IMG_013.jpg",
                                "style": "rounded-square",
                                "width":
                                              null
                                            ,
                                "border": {
                                          "width": "",
                                          "color": "#cccccc"
                                          },
                                 "popup": true,
                                 "source": "",
                                 "type": "",
                                 "author": "",
                                 "position": null,
                                 "ratio": null
                                   }
                                   }
                                ,
                
                      "LXKC6EHRANK6UBIFEHT3W2YTSU4": {
                            "data": {
                                "url": "../../source/LXKC6EHRANK6UBIFEHT3W2YTSU4/EN6_MLO_001_DOK2_IMG_013.jpg",
                                "style": "rounded-square",
                                "width":
                                              null
                                            ,
                                "border": {
                                          "width": "",
                                          "color": "#cccccc"
                                          },
                                 "popup": true,
                                 "source": "",
                                 "type": "",
                                 "author": "",
                                 "position": null,
                                 "ratio": null
                                   }
                                   }
                                ,
                
                      "LERNB7ATNUZYU7JHV44NPA6XX2I": {
                            "data": {
                                "url": "../../source/LERNB7ATNUZYU7JHV44NPA6XX2I/EN6_MLO_001_DOK2_IMG_013.jpg",
                                "style": "rounded-square",
                                "width":
                                              null
                                            ,
                                "border": {
                                          "width": "",
                                          "color": "#cccccc"
                                          },
                                 "popup": true,
                                 "source": "",
                                 "type": "",
                                 "author": "",
                                 "position": null,
                                 "ratio": null
                                   }
                                   }
                                ,
                
                      "LAS6F5OPZ4W7UDLONGGGNS44TQA": {
                            "data": {
                                "url": "../../source/LAS6F5OPZ4W7UDLONGGGNS44TQA/EN6_MLO_001_DOK2_IMG_013.jpg",
                                "style": "rounded-square",
                                "width":
                                              null
                                            ,
                                "border": {
                                          "width": "",
                                          "color": "#cccccc"
                                          },
                                 "popup": true,
                                 "source": "",
                                 "type": "",
                                 "author": "",
                                 "position": null,
                                 "ratio": null
                                   }
                                   }
                                ,
                
                      "L4OMLZYZSZH3EXNTS4GVK6ONQ3I": {
                            "data": {
                                "url": "../../source/L4OMLZYZSZH3EXNTS4GVK6ONQ3I/EN6_MLO_001_DOK2_IMG_013.jpg",
                                "style": "rounded-square",
                                "width":
                                              null
                                            ,
                                "border": {
                                          "width": "",
                                          "color": "#cccccc"
                                          },
                                 "popup": true,
                                 "source": "",
                                 "type": "",
                                 "author": "",
                                 "position": null,
                                 "ratio": null
                                   }
                                   }
                                ,
                
                      "LUFUDBDNEA7XUHF7FVMRWXWC6WI": {
                            "data": {
                                "url": "../../source/LUFUDBDNEA7XUHF7FVMRWXWC6WI/EN6_MLO_001_DOK2_IMG_013.jpg",
                                "style": "rounded-square",
                                "width":
                                              null
                                            ,
                                "border": {
                                          "width": "",
                                          "color": "#cccccc"
                                          },
                                 "popup": true,
                                 "source": "",
                                 "type": "",
                                 "author": "",
                                 "position": null,
                                 "ratio": null
                                   }
                                   }
                                ,
                
                      "LYN26SCTHCZLE3ERJNJKR4JHGAE": {
                            "data": {
                                "url": "../../source/LYN26SCTHCZLE3ERJNJKR4JHGAE/EN6_MLO_001_DOK2_IMG_013.jpg",
                                "style": "rounded-square",
                                "width":
                                              null
                                            ,
                                "border": {
                                          "width": "",
                                          "color": "#cccccc"
                                          },
                                 "popup": true,
                                 "source": "",
                                 "type": "",
                                 "author": "",
                                 "position": null,
                                 "ratio": null
                                   }
                                   }
                                ,
                
                      "LUARQOFNXC4GE7BGSM6P5T444RM": {
                            "data": {
                                "url": "../../source/LUARQOFNXC4GE7BGSM6P5T444RM/EN6_MLO_001_DOK2_IMG_013.jpg",
                                "style": "rounded-square",
                                "width":
                                              null
                                            ,
                                "border": {
                                          "width": "",
                                          "color": "#cccccc"
                                          },
                                 "popup": true,
                                 "source": "",
                                 "type": "",
                                 "author": "",
                                 "position": null,
                                 "ratio": null
                                   }
                                   }
                                ,
                
                      "LV7QU7KYMWDIUBBEQLHXTILRC7Q": {
                            "data": {
                                "url": "../../source/LV7QU7KYMWDIUBBEQLHXTILRC7Q/first-image-01.png",
                                "style": "",
                                "width":
                                              null
                                            ,
                                "border": {
                                          "width": "",
                                          "color": "#cccccc"
                                          },
                                 "popup": "",
                                 "source": "",
                                 "type": "",
                                 "author": "",
                                 "position": null,
                                 "ratio": null
                                   }
                                   }
                                ,
                
                      "LXLESATS7HPIUDLLQSJXDK3OHMM": {
                            "data": {
                                "url": "../../source/LXLESATS7HPIUDLLQSJXDK3OHMM/image-02.png",
                                "style": "",
                                "width":
                                              null
                                            ,
                                "border": {
                                          "width": "",
                                          "color": "#cccccc"
                                          },
                                 "popup": "",
                                 "source": "",
                                 "type": "",
                                 "author": "",
                                 "position": null,
                                 "ratio": null
                                   }
                                   }
                                ,
                
                      "LL3WEXFLEKLXENDPOZR2HGREYQI": {
                            "data": {
                                "url": "../../source/LL3WEXFLEKLXENDPOZR2HGREYQI/image-03.png",
                                "style": "",
                                "width":
                                              null
                                            ,
                                "border": {
                                          "width": "",
                                          "color": "#cccccc"
                                          },
                                 "popup": "",
                                 "source": "",
                                 "type": "",
                                 "author": "",
                                 "position": null,
                                 "ratio": null
                                   }
                                   }
                                ,
                
                      "LEAJCQUAWF54UZJP2ZHHLFDE2P4": {
                            "data": {
                                "url": "../../source/LEAJCQUAWF54UZJP2ZHHLFDE2P4/image-04.png",
                                "style": "",
                                "width":
                                              null
                                            ,
                                "border": {
                                          "width": "",
                                          "color": "#cccccc"
                                          },
                                 "popup": "",
                                 "source": "",
                                 "type": "",
                                 "author": "",
                                 "position": null,
                                 "ratio": null
                                   }
                                   }
                                ,
                
                      "LMBO35A34CSJEJC4MDFGAEB4DVM": {
                            "data": {
                                "url": "../../source/LMBO35A34CSJEJC4MDFGAEB4DVM/image-05.png",
                                "style": "",
                                "width":
                                              null
                                            ,
                                "border": {
                                          "width": "",
                                          "color": "#cccccc"
                                          },
                                 "popup": "",
                                 "source": "",
                                 "type": "",
                                 "author": "",
                                 "position": null,
                                 "ratio": null
                                   }
                                   }
                                ,
                
                      "LTBIWS4KEFYBEJGWK54TYVREXUE": {
                            "data": {
                                "url": "../../source/LTBIWS4KEFYBEJGWK54TYVREXUE/image-06.png",
                                "style": "",
                                "width":
                                              null
                                            ,
                                "border": {
                                          "width": "",
                                          "color": "#cccccc"
                                          },
                                 "popup": "",
                                 "source": "",
                                 "type": "",
                                 "author": "",
                                 "position": null,
                                 "ratio": null
                                   }
                                   }
                                ,
                
                      "L3MZZRDMT2P2ERGU2CXO6XBE75E": {
                            "data": {
                                "url": "../../source/L3MZZRDMT2P2ERGU2CXO6XBE75E/image-07.png",
                                "style": "",
                                "width":
                                              null
                                            ,
                                "border": {
                                          "width": "",
                                          "color": "#cccccc"
                                          },
                                 "popup": "",
                                 "source": "",
                                 "type": "",
                                 "author": "",
                                 "position": null,
                                 "ratio": null
                                   }
                                   }
                                ,
                
                      "LHX6APDVS4QEULC43235Y7MISIE": {
                            "data": {
                                "url": "../../source/LHX6APDVS4QEULC43235Y7MISIE/image-09.png",
                                "style": "",
                                "width":
                                              null
                                            ,
                                "border": {
                                          "width": "",
                                          "color": "#cccccc"
                                          },
                                 "popup": "",
                                 "source": "",
                                 "type": "",
                                 "author": "",
                                 "position": null,
                                 "ratio": null
                                   }
                                   }
                                ,
                
                      "L222LPYDDNVLEDK3BDFGOJEOM7U": {
                            "data": {
                                "url": "../../source/L222LPYDDNVLEDK3BDFGOJEOM7U/image-10.png",
                                "style": "",
                                "width":
                                              null
                                            ,
                                "border": {
                                          "width": "",
                                          "color": "#cccccc"
                                          },
                                 "popup": "",
                                 "source": "",
                                 "type": "",
                                 "author": "",
                                 "position": null,
                                 "ratio": null
                                   }
                                   }
                                ,
                
                      "LVFWQXTZXFGGEJNYYRSYOLQXOF4": {
                            "data": {
                                "url": "../../source/LVFWQXTZXFGGEJNYYRSYOLQXOF4/image-11.png",
                                "style": "",
                                "width":
                                              null
                                            ,
                                "border": {
                                          "width": "",
                                          "color": "#cccccc"
                                          },
                                 "popup": "",
                                 "source": "",
                                 "type": "",
                                 "author": "",
                                 "position": null,
                                 "ratio": null
                                   }
                                   }
                                ,
                
                      "LJOFQKYE7CPREHFSWE4ETUZ2HHQ": {
                            "data": {
                                "url": "../../source/LJOFQKYE7CPREHFSWE4ETUZ2HHQ/first-image-01.png",
                                "style": "",
                                "width":
                                              null
                                            ,
                                "border": {
                                          "width": "",
                                          "color": "#cccccc"
                                          },
                                 "popup": "",
                                 "source": "",
                                 "type": "",
                                 "author": "",
                                 "position": null,
                                 "ratio": null
                                   }
                                   }
                                ,
                
                      "LEVQECYX5A2KEHACRTUSZDH3TNI": {
                            "data": {
                                "url": "../../source/LEVQECYX5A2KEHACRTUSZDH3TNI/image-02.png",
                                "style": "",
                                "width":
                                              null
                                            ,
                                "border": {
                                          "width": "",
                                          "color": "#cccccc"
                                          },
                                 "popup": "",
                                 "source": "",
                                 "type": "",
                                 "author": "",
                                 "position": null,
                                 "ratio": null
                                   }
                                   }
                                ,
                
                      "LSP36XM33RO6EJNFCCH4WVD6M3Y": {
                            "data": {
                                "url": "../../source/LSP36XM33RO6EJNFCCH4WVD6M3Y/image-03.png",
                                "style": "",
                                "width":
                                              null
                                            ,
                                "border": {
                                          "width": "",
                                          "color": "#cccccc"
                                          },
                                 "popup": "",
                                 "source": "",
                                 "type": "",
                                 "author": "",
                                 "position": null,
                                 "ratio": null
                                   }
                                   }
                                ,
                
                      "LWC7SUU7GNR7URBQYA7JXLUG7IM": {
                            "data": {
                                "url": "../../source/LWC7SUU7GNR7URBQYA7JXLUG7IM/image-04.png",
                                "style": "",
                                "width":
                                              null
                                            ,
                                "border": {
                                          "width": "",
                                          "color": "#cccccc"
                                          },
                                 "popup": "",
                                 "source": "",
                                 "type": "",
                                 "author": "",
                                 "position": null,
                                 "ratio": null
                                   }
                                   }
                                ,
                
                      "LGUZK6I3WGP4E3FRS4ACJ5SG5B4": {
                            "data": {
                                "url": "../../source/LGUZK6I3WGP4E3FRS4ACJ5SG5B4/image-05.png",
                                "style": "",
                                "width":
                                              null
                                            ,
                                "border": {
                                          "width": "",
                                          "color": "#cccccc"
                                          },
                                 "popup": "",
                                 "source": "",
                                 "type": "",
                                 "author": "",
                                 "position": null,
                                 "ratio": null
                                   }
                                   }
                                ,
                
                      "LZYMD3GRZHUAETK5A2HND5KK5JQ": {
                            "data": {
                                "url": "../../source/LZYMD3GRZHUAETK5A2HND5KK5JQ/image-06.png",
                                "style": "",
                                "width":
                                              null
                                            ,
                                "border": {
                                          "width": "",
                                          "color": "#cccccc"
                                          },
                                 "popup": "",
                                 "source": "",
                                 "type": "",
                                 "author": "",
                                 "position": null,
                                 "ratio": null
                                   }
                                   }
                                ,
                
                      "LWWCXDGRTYO4U5JQUHNUS3M6YVA": {
                            "data": {
                                "url": "../../source/LWWCXDGRTYO4U5JQUHNUS3M6YVA/image-07.png",
                                "style": "",
                                "width":
                                              null
                                            ,
                                "border": {
                                          "width": "",
                                          "color": "#cccccc"
                                          },
                                 "popup": "",
                                 "source": "",
                                 "type": "",
                                 "author": "",
                                 "position": null,
                                 "ratio": null
                                   }
                                   }
                                ,
                
                      "LSH3K24N3PFMULMJ3ZRACO2PQNY": {
                            "data": {
                                "url": "../../source/LSH3K24N3PFMULMJ3ZRACO2PQNY/image-09.png",
                                "style": "",
                                "width":
                                              null
                                            ,
                                "border": {
                                          "width": "",
                                          "color": "#cccccc"
                                          },
                                 "popup": "",
                                 "source": "",
                                 "type": "",
                                 "author": "",
                                 "position": null,
                                 "ratio": null
                                   }
                                   }
                                ,
                
                      "LVXOCFYTGFXWELIT2S4F7NY73XI": {
                            "data": {
                                "url": "../../source/LVXOCFYTGFXWELIT2S4F7NY73XI/image-10.png",
                                "style": "",
                                "width":
                                              null
                                            ,
                                "border": {
                                          "width": "",
                                          "color": "#cccccc"
                                          },
                                 "popup": "",
                                 "source": "",
                                 "type": "",
                                 "author": "",
                                 "position": null,
                                 "ratio": null
                                   }
                                   }
                                ,
                
                      "LEE4IJREMO6WEDJ4K2XO2LRCQHM": {
                            "data": {
                                "url": "../../source/LEE4IJREMO6WEDJ4K2XO2LRCQHM/image-11.png",
                                "style": "",
                                "width":
                                              null
                                            ,
                                "border": {
                                          "width": "",
                                          "color": "#cccccc"
                                          },
                                 "popup": "",
                                 "source": "",
                                 "type": "",
                                 "author": "",
                                 "position": null,
                                 "ratio": null
                                   }
                                   }
                                ,
                
                      "LC2325TMIZATEFAKTOEAY66JN2A": {
                            "data": {
                                "url": "../../source/LC2325TMIZATEFAKTOEAY66JN2A/lettuce-seedlings_surachet-khamsuk-ss_full_width.jpg",
                                "style": "rounded-square",
                                "width":
                                              null
                                            ,
                                "border": {
                                          "width": "",
                                          "color": "#cccccc"
                                          },
                                 "popup": true,
                                 "source": "",
                                 "type": "",
                                 "author": "",
                                 "position": null,
                                 "ratio": null
                                   }
                                   }
                                ,
                
                      "LNOUISSDA2VXEPPITNOO2UPNKOI": {
                            "data": {
                                "url": "../../source/LNOUISSDA2VXEPPITNOO2UPNKOI/lettuce-seedlings_surachet-khamsuk-ss_full_width.jpg",
                                "style": "rounded-square",
                                "width":
                                              null
                                            ,
                                "border": {
                                          "width": "",
                                          "color": "#cccccc"
                                          },
                                 "popup": true,
                                 "source": "",
                                 "type": "",
                                 "author": "",
                                 "position": null,
                                 "ratio": null
                                   }
                                   }
                                ,
                
                      "LQOQFUJFLPDXEXCCGLU36G6HKBQ": {
                            "data": {
                                "url": "../../source/LQOQFUJFLPDXEXCCGLU36G6HKBQ/3 (1).jpg",
                                "style": "",
                                "width":900,
                                "border": {
                                          "width": "",
                                          "color": "#cccccc"
                                          },
                                 "popup": "",
                                 "source": "",
                                 "type": "",
                                 "author": "",
                                 "position": "center",
                                 "ratio": null
                                   }
                                   }
                                ,
                
                      "LUVWMQQ254JWEZJETNKZXLI5ZSM": {
                            "data": {
                                "url": "../../source/LUVWMQQ254JWEZJETNKZXLI5ZSM/pexels-photo-323705.jpeg",
                                "style": "rounded-square",
                                "width":300,
                                "border": {
                                          "width": "",
                                          "color": "#cccccc"
                                          },
                                 "popup": true,
                                 "source": "",
                                 "type": "",
                                 "author": "",
                                 "position": null,
                                 "ratio": null
                                   }
                                   }
                                  
         }
      }

    