
                         {
                         "page":
                             {
                                 "page_id": 0,
                                 "page_title": "Template 8",
                                 "page_direction": "ltr",
                                 "subject_color": "#00abdc",
                                 "subject_name":"",
                                
                                 "content": [
                                    
                                     {
                                         "component_name": "section",
                                         "component_id": "LGFF4GN3WNFLU7GHQU7RAZKTPXU",
                                         "file_name": [ "section", "section_42UMTMRAOAMUFNBWN6VFDTICMM"]
                                     }
                                 ]
                            }
                          }
                          
    