

{
  "progress_chart": {
     
        "LOG5LMWAEP5XU3AADH2WEPYEBSI": {
         "width": 300,
         "adaptive_height": true,
         "interactive" : false,
         "sticky_comments": false,
         "list": [
             
              {
               "id": "LDG26UQBHPMXEDLLVQAE2W7HOAA",
               "item_id" : 0,
                "title": "",
                "content": [
                   
                    {
                       "component_name": "section",
                        "component_id": "LSIEJPBV3HUYE3DFE3KIWZIF7L4",
                        "file_name": ["section", "section_42UMTMRAOAMUFNBWN6VFDTICMM"]
                    }
                     
               
                   
                ]
              }
              ,
              {
               "id": "LEE3MJHQPIWTU5D3ZRWSH4BQOAQ",
               "item_id" : 1,
                "title": "",
                "content": [
                   
                    {
                       "component_name": "section",
                        "component_id": "LDRKTXNCKEY6E5PUIBVHIMRFPKE",
                        "file_name": ["section", "section_42UMTMRAOAMUFNBWN6VFDTICMM"]
                    }
                     
               
                   
                ]
              }
              ,
              {
               "id": "LNFH3Y56HDYOEBBA43ZWJ2PJICY",
               "item_id" : 2,
                "title": "",
                "content": [
                   
                    {
                       "component_name": "section",
                        "component_id": "LYJ2MJM32QSLUVNMMTRTPHM3BZE",
                        "file_name": ["section", "section_42UMTMRAOAMUFNBWN6VFDTICMM"]
                    }
                     
               
                   
                ]
              }
              ,
              {
               "id": "L27XVIEFGH6IUFPMSHDXAVCUM2Y",
               "item_id" : 3,
                "title": "",
                "content": [
                   
                    {
                       "component_name": "section",
                        "component_id": "L2MBBGBUAULJUXCLQVCOWMQEYSI",
                        "file_name": ["section", "section_42UMTMRAOAMUFNBWN6VFDTICMM"]
                    }
                     
               
                   
                ]
              }
              ,
              {
               "id": "LDEH5BDSVFSNUNJ3UG2654TML2Q",
               "item_id" : 4,
                "title": "",
                "content": [
                   
                    {
                       "component_name": "section",
                        "component_id": "LEI46J47KDSKU7EBFTC636ZL2JY",
                        "file_name": ["section", "section_42UMTMRAOAMUFNBWN6VFDTICMM"]
                    }
                     
               
                   
                ]
              }
              ,
              {
               "id": "LQMSSJ3HFDQEEJCLWVA2HHISPAA",
               "item_id" : 5,
                "title": "",
                "content": [
                   
                    {
                       "component_name": "section",
                        "component_id": "LIYLWW5YSCDBU7EZER7CU4VPTFQ",
                        "file_name": ["section", "section_42UMTMRAOAMUFNBWN6VFDTICMM"]
                    }
                     
               
                   
                ]
              }
              
         ]
        
        }
         ,
        "LSIC2RE4AIMRUFEMVSNY556Z5RA": {
         "width": 300,
         "adaptive_height": false,
         "interactive" : false,
         "sticky_comments": false,
         "list": [
             
              {
               "id": "LKXZTIDMHFJUUBKIYMQSBM2JEJY",
               "item_id" : 0,
                "title": "",
                "content": [
                   
                    {
                       "component_name": "section",
                        "component_id": "LWS36ZQOH4MNUJHCL5SBTZDD2OY",
                        "file_name": ["section", "section_42UMTMRAOAMUFNBWN6VFDTICMM"]
                    }
                     
               
                   
                ]
              }
              ,
              {
               "id": "LU3C3FBUE2SKUJA6G3LJJCLJ4HE",
               "item_id" : 1,
                "title": "",
                "content": [
                   
                    {
                       "component_name": "section",
                        "component_id": "LGNJ2GBMIKDNUFG3HL6JJL32SHQ",
                        "file_name": ["section", "section_42UMTMRAOAMUFNBWN6VFDTICMM"]
                    }
                     
               
                   
                ]
              }
              ,
              {
               "id": "L3STYZKYSLEGETDTJ43DI5GQAXU",
               "item_id" : 2,
                "title": "",
                "content": [
                   
                    {
                       "component_name": "section",
                        "component_id": "LMSTY7PG6PGOEVMJV7MBND7WAEU",
                        "file_name": ["section", "section_42UMTMRAOAMUFNBWN6VFDTICMM"]
                    }
                     
               
                   
                ]
              }
              ,
              {
               "id": "L65BUMJYXBLCU3JYECWHPAS2OSQ",
               "item_id" : 3,
                "title": "",
                "content": [
                   
                    {
                       "component_name": "section",
                        "component_id": "L7RPOZ7MGXQWUNOZK6QLPSSQ4Y4",
                        "file_name": ["section", "section_42UMTMRAOAMUFNBWN6VFDTICMM"]
                    }
                     
               
                   
                ]
              }
              ,
              {
               "id": "LI26GGUDZCV6UTL3CA4IS2YRKSI",
               "item_id" : 4,
                "title": "",
                "content": [
                   
                    {
                       "component_name": "section",
                        "component_id": "L7EYEUPHO4PMEBAI2NGOILP45CE",
                        "file_name": ["section", "section_42UMTMRAOAMUFNBWN6VFDTICMM"]
                    }
                     
               
                   
                ]
              }
              ,
              {
               "id": "LJSYQ47OTLX3UJPCBBWD35HMC6M",
               "item_id" : 5,
                "title": "",
                "content": [
                   
                    {
                       "component_name": "section",
                        "component_id": "LJFANVVUISYMU5GK5MDBPCRVJQI",
                        "file_name": ["section", "section_42UMTMRAOAMUFNBWN6VFDTICMM"]
                    }
                     
               
                   
                ]
              }
              
         ]
        
        }
         ,
        "LCTRJGQH4LDLU5APHWWMVH2TW6Y": {
         "width": 300,
         "adaptive_height": false,
         "interactive" : true,
         "sticky_comments": false,
         "list": [
             
              {
               "id": "LGQXHIVETMCCEXKYGZCLJJ5XP6I",
               "item_id" : 0,
                "title": "",
                "content": [
                   
                    {
                       "component_name": "section",
                        "component_id": "L62IQXXN4GGZEPI2Z2BXWYGCYQY",
                        "file_name": ["section", "section_42UMTMRAOAMUFNBWN6VFDTICMM"]
                    }
                     
               
                   
                ]
              }
              ,
              {
               "id": "LOREQ62XCXNCETK4PB4FZRNXPT4",
               "item_id" : 1,
                "title": "",
                "content": [
                   
                    {
                       "component_name": "section",
                        "component_id": "LSOUZY3D3UMXUBAW4ODPGB3MDEE",
                        "file_name": ["section", "section_42UMTMRAOAMUFNBWN6VFDTICMM"]
                    }
                     
               
                   
                ]
              }
              ,
              {
               "id": "LBF3R3Q32MJWUDDTEUQXOCNKBOU",
               "item_id" : 2,
                "title": "",
                "content": [
                   
                    {
                       "component_name": "section",
                        "component_id": "LWDKGTQMVUUYEXGXBFDTA2IIGOI",
                        "file_name": ["section", "section_42UMTMRAOAMUFNBWN6VFDTICMM"]
                    }
                     
               
                   
                ]
              }
              ,
              {
               "id": "LQVCR2VSWBOBEJIXMV2NZYEPRF4",
               "item_id" : 3,
                "title": "",
                "content": [
                   
                    {
                       "component_name": "section",
                        "component_id": "L347VO7YUEPLEFIKES55BMCTBMY",
                        "file_name": ["section", "section_42UMTMRAOAMUFNBWN6VFDTICMM"]
                    }
                     
               
                   
                ]
              }
              ,
              {
               "id": "LDI4DEBCC5RJUXIAJIEKG4XJGLA",
               "item_id" : 4,
                "title": "",
                "content": [
                   
                    {
                       "component_name": "section",
                        "component_id": "LWXRF62BCYDXEZDBG7H4BBKD2H4",
                        "file_name": ["section", "section_42UMTMRAOAMUFNBWN6VFDTICMM"]
                    }
                     
               
                   
                ]
              }
              ,
              {
               "id": "LE374IMT2D5LELBB2GGDYM2QH5Q",
               "item_id" : 5,
                "title": "",
                "content": [
                   
                    {
                       "component_name": "section",
                        "component_id": "L3RQI2JN4FL6ULHZ7GRRROHGOLA",
                        "file_name": ["section", "section_42UMTMRAOAMUFNBWN6VFDTICMM"]
                    }
                     
               
                   
                ]
              }
              
         ]
        
        }
         ,
        "LOFMYYKGUUDUUHANZHWLDOHVVPM": {
         "width": 300,
         "adaptive_height": false,
         "interactive" : true,
         "sticky_comments": true,
         "list": [
             
              {
               "id": "L3XC6V3VCMCRUPFATNSTH5P2BWY",
               "item_id" : 0,
                "title": "",
                "content": [
                   
                    {
                       "component_name": "section",
                        "component_id": "LK6VRDQJQGDIUFOR4V3HYJPH73A",
                        "file_name": ["section", "section_42UMTMRAOAMUFNBWN6VFDTICMM"]
                    }
                     
               
                   
                ]
              }
              ,
              {
               "id": "LLAEESRJF2FWE7E3OFTBBCCODDM",
               "item_id" : 1,
                "title": "",
                "content": [
                   
                    {
                       "component_name": "section",
                        "component_id": "LICU3HYK25QJE3LJWTRPM3TRWYE",
                        "file_name": ["section", "section_42UMTMRAOAMUFNBWN6VFDTICMM"]
                    }
                     
               
                   
                ]
              }
              ,
              {
               "id": "LYKMEOKOLY52EXKAZOP7R5CDYOY",
               "item_id" : 2,
                "title": "",
                "content": [
                   
                    {
                       "component_name": "section",
                        "component_id": "LCGJFWAAX4STUZIUL5FRXZOSEUE",
                        "file_name": ["section", "section_42UMTMRAOAMUFNBWN6VFDTICMM"]
                    }
                     
               
                   
                ]
              }
              ,
              {
               "id": "LUYAHWP2KAISETBEA56NUNWTVS4",
               "item_id" : 3,
                "title": "",
                "content": [
                   
                    {
                       "component_name": "section",
                        "component_id": "LW6LIQGWVYKVEBANV4OFZF3B7BA",
                        "file_name": ["section", "section_42UMTMRAOAMUFNBWN6VFDTICMM"]
                    }
                     
               
                   
                ]
              }
              ,
              {
               "id": "LAN544DTIHLTETPBWYRQKSJTW4I",
               "item_id" : 4,
                "title": "",
                "content": [
                   
                    {
                       "component_name": "section",
                        "component_id": "LMVN3ZMJAR4AUHDA5OL4L4VUFME",
                        "file_name": ["section", "section_42UMTMRAOAMUFNBWN6VFDTICMM"]
                    }
                     
               
                   
                ]
              }
              ,
              {
               "id": "L6ZF7DQYPJTTETAYWNOYQRMOBWI",
               "item_id" : 5,
                "title": "",
                "content": [
                   
                    {
                       "component_name": "section",
                        "component_id": "LHTOFMX5O2NMUFIWUVDF73FQLL4",
                        "file_name": ["section", "section_42UMTMRAOAMUFNBWN6VFDTICMM"]
                    }
                     
               
                   
                ]
              }
              
         ]
        
        }
         
  
  }
}
   
