
                 
                   {
                        "section": {
                          
                       
                  "LGFF4GN3WNFLU7GHQU7RAZKTPXU": {
                   "title": "",
                        
                                "indent": 
                                                   null
                                                  ,
                                "classes": "",
                                            
                                  

                                "columns": [
                                  
                                    {   "alignment": 
                                                       null
                                                      ,
                                        "vertical_align":
                                                             null
                                                            ,
                                        "col_width": "auto",
                                        "indent": 
                                                     null
                                                    ,
                                        "column_border": 
                                                             null
                                                            ,
                                        "column_id": "L4HK6YZL6W77UFLEFOF462X2OH4",
                                        "file_name": [ "column", "column_42UMTMRAOAMUFNBWN6VFDTICMM"]
                                    }
                                ]
                            }, 
                       
                  "LLLSV2NNMKJPUNF2MFQJ7KPT5UA": {
                   "title": "Image tab default",
                        
                                   "left": {
                                        "icon": "classify",
                                        "title":" Image Tabs component (Image tabs default option)"
                                                },
                                
                                "indent": 
                                                   null
                                                  ,
                                "classes": "",
                                            
                                  

                                "columns": [
                                  
                                    {   "alignment": 
                                                       null
                                                      ,
                                        "vertical_align":
                                                             null
                                                            ,
                                        "col_width": "12",
                                        "indent": 
                                                     null
                                                    ,
                                        "column_border": 
                                                             null
                                                            ,
                                        "column_id": "LNL6TL3KABDFUJLGMY7GAY6E3VU",
                                        "file_name": [ "column", "column_42UMTMRAOAMUFNBWN6VFDTICMM"]
                                    }
                                ]
                            }, 
                       
                  "LHB6JKPCEHBSUZPOBUJOQWB7EIM": {
                   "title": "",
                        
                                "indent": 
                                                   null
                                                  ,
                                "classes": "",
                                            
                                  

                                "columns": [
                                  
                                    {   "alignment": 
                                                       null
                                                      ,
                                        "vertical_align":
                                                             null
                                                            ,
                                        "col_width": "auto",
                                        "indent": 
                                                     null
                                                    ,
                                        "column_border": 
                                                             null
                                                            ,
                                        "column_id": "LSWODBE333VAUFHXGZWD4GDWWL4",
                                        "file_name": [ "column", "column_42UMTMRAOAMUFNBWN6VFDTICMM"]
                                    }
                                ]
                            }, 
                       
                  "LGZJGXCH3FJTUPO2Q5XHVDPQZOA": {
                   "title": "",
                        
                                "indent": 
                                                   null
                                                  ,
                                "classes": "",
                                            
                                  

                                "columns": [
                                  
                                    {   "alignment": 
                                                       null
                                                      ,
                                        "vertical_align":
                                                             null
                                                            ,
                                        "col_width": "auto",
                                        "indent": 
                                                     null
                                                    ,
                                        "column_border": 
                                                             null
                                                            ,
                                        "column_id": "LKDVOODH25FDE7FRWYHXPCDGQFU",
                                        "file_name": [ "column", "column_42UMTMRAOAMUFNBWN6VFDTICMM"]
                                    }
                                ]
                            }, 
                       
                  "LPODUCWLK5UAUTMSEWUGWPHADUE": {
                   "title": "",
                        
                                "indent": 
                                                   null
                                                  ,
                                "classes": "",
                                            
                                  

                                "columns": [
                                  
                                    {   "alignment": 
                                                       null
                                                      ,
                                        "vertical_align":
                                                             null
                                                            ,
                                        "col_width": "auto",
                                        "indent": 
                                                     null
                                                    ,
                                        "column_border": 
                                                             null
                                                            ,
                                        "column_id": "LBDV6XX6GJ4UUFNVSRMRTZOTK5M",
                                        "file_name": [ "column", "column_42UMTMRAOAMUFNBWN6VFDTICMM"]
                                    }
                                ]
                            }, 
                       
                  "LSTKH276A7DVUJB2HDPC6GNWRFY": {
                   "title": "",
                        
                                "indent": 
                                                   null
                                                  ,
                                "classes": "",
                                            
                                  

                                "columns": [
                                  
                                    {   "alignment": 
                                                       null
                                                      ,
                                        "vertical_align":
                                                             null
                                                            ,
                                        "col_width": "auto",
                                        "indent": 
                                                     null
                                                    ,
                                        "column_border": 
                                                             null
                                                            ,
                                        "column_id": "LI7FPFF5USWCENC55JJPLZ3KKOU",
                                        "file_name": [ "column", "column_42UMTMRAOAMUFNBWN6VFDTICMM"]
                                    }
                                ]
                            }, 
                       
                  "L3VANGVF2O5RUFOZFBX23UGJKOE": {
                   "title": "",
                        
                                "indent": 
                                                   null
                                                  ,
                                "classes": "",
                                            
                                  

                                "columns": [
                                  
                                    {   "alignment": 
                                                       null
                                                      ,
                                        "vertical_align":
                                                             null
                                                            ,
                                        "col_width": "auto",
                                        "indent": 
                                                     null
                                                    ,
                                        "column_border": 
                                                             null
                                                            ,
                                        "column_id": "L4JRGLPP6GAYE5NRZG24UMTCGPY",
                                        "file_name": [ "column", "column_42UMTMRAOAMUFNBWN6VFDTICMM"]
                                    }
                                ]
                            }, 
                       
                  "LL4LHXIRFIYKUJOBER3LXRGLL6U": {
                   "title": "",
                        
                                "indent": 
                                                   null
                                                  ,
                                "classes": "",
                                            
                                  

                                "columns": [
                                  
                                    {   "alignment": 
                                                       null
                                                      ,
                                        "vertical_align":
                                                             null
                                                            ,
                                        "col_width": "auto",
                                        "indent": 
                                                     null
                                                    ,
                                        "column_border": 
                                                             null
                                                            ,
                                        "column_id": "LOMHCTBNCYNTENM6OLVS7YVIWNQ",
                                        "file_name": [ "column", "column_42UMTMRAOAMUFNBWN6VFDTICMM"]
                                    }
                                ]
                            }, 
                       
                  "LTZLDSAJZKMHE7PQQ624QYXMR2E": {
                   "title": "Progress chart default",
                        
                                   "left": {
                                        "icon": "cause-effect",
                                        "title":" Progress chart default"
                                                },
                                
                                "indent": 
                                                   null
                                                  ,
                                "classes": "",
                                            
                                  

                                "columns": [
                                  
                                    {   "alignment": 
                                                       null
                                                      ,
                                        "vertical_align":
                                                             null
                                                            ,
                                        "col_width": "12",
                                        "indent": 
                                                     null
                                                    ,
                                        "column_border": 
                                                             null
                                                            ,
                                        "column_id": "LCQ7EDZQGFVHUJAHCHLUWAVPOZI",
                                        "file_name": [ "column", "column_42UMTMRAOAMUFNBWN6VFDTICMM"]
                                    }
                                ]
                            }, 
                       
                  "LSIEJPBV3HUYE3DFE3KIWZIF7L4": {
                   "title": "",
                        
                                "indent": 
                                                   null
                                                  ,
                                "classes": "",
                                            
                                  

                                "columns": [
                                  
                                    {   "alignment": 
                                                       null
                                                      ,
                                        "vertical_align":
                                                             null
                                                            ,
                                        "col_width": "auto",
                                        "indent": 
                                                     null
                                                    ,
                                        "column_border": 
                                                             null
                                                            ,
                                        "column_id": "LSSM3BGJOIKPELBUK3QZK2YWG74",
                                        "file_name": [ "column", "column_42UMTMRAOAMUFNBWN6VFDTICMM"]
                                    }
                                ]
                            }, 
                       
                  "LDRKTXNCKEY6E5PUIBVHIMRFPKE": {
                   "title": "",
                        
                                "indent": 
                                                   null
                                                  ,
                                "classes": "",
                                            
                                  

                                "columns": [
                                  
                                    {   "alignment": 
                                                       null
                                                      ,
                                        "vertical_align":
                                                             null
                                                            ,
                                        "col_width": "auto",
                                        "indent": 
                                                     null
                                                    ,
                                        "column_border": 
                                                             null
                                                            ,
                                        "column_id": "LA24XMXIKHE7EBOB7FK3BK3XH3A",
                                        "file_name": [ "column", "column_42UMTMRAOAMUFNBWN6VFDTICMM"]
                                    }
                                ]
                            }, 
                       
                  "LYJ2MJM32QSLUVNMMTRTPHM3BZE": {
                   "title": "",
                        
                                "indent": 
                                                   null
                                                  ,
                                "classes": "",
                                            
                                  

                                "columns": [
                                  
                                    {   "alignment": 
                                                       null
                                                      ,
                                        "vertical_align":
                                                             null
                                                            ,
                                        "col_width": "auto",
                                        "indent": 
                                                     null
                                                    ,
                                        "column_border": 
                                                             null
                                                            ,
                                        "column_id": "LRBXM6E7E75UEZNKVIWSZ7KM7DE",
                                        "file_name": [ "column", "column_42UMTMRAOAMUFNBWN6VFDTICMM"]
                                    }
                                ]
                            }, 
                       
                  "L2MBBGBUAULJUXCLQVCOWMQEYSI": {
                   "title": "",
                        
                                "indent": 
                                                   null
                                                  ,
                                "classes": "",
                                            
                                  

                                "columns": [
                                  
                                    {   "alignment": 
                                                       null
                                                      ,
                                        "vertical_align":
                                                             null
                                                            ,
                                        "col_width": "auto",
                                        "indent": 
                                                     null
                                                    ,
                                        "column_border": 
                                                             null
                                                            ,
                                        "column_id": "LPGN4EKYCPI7UHCU37M2J4AD5H4",
                                        "file_name": [ "column", "column_42UMTMRAOAMUFNBWN6VFDTICMM"]
                                    }
                                ]
                            }, 
                       
                  "LEI46J47KDSKU7EBFTC636ZL2JY": {
                   "title": "",
                        
                                "indent": 
                                                   null
                                                  ,
                                "classes": "",
                                            
                                  

                                "columns": [
                                  
                                    {   "alignment": 
                                                       null
                                                      ,
                                        "vertical_align":
                                                             null
                                                            ,
                                        "col_width": "auto",
                                        "indent": 
                                                     null
                                                    ,
                                        "column_border": 
                                                             null
                                                            ,
                                        "column_id": "LD3LO6SY6OEOEBO2ZU44OT7S7N4",
                                        "file_name": [ "column", "column_42UMTMRAOAMUFNBWN6VFDTICMM"]
                                    }
                                ]
                            }, 
                       
                  "LIYLWW5YSCDBU7EZER7CU4VPTFQ": {
                   "title": "",
                        
                                "indent": 
                                                   null
                                                  ,
                                "classes": "",
                                            
                                  

                                "columns": [
                                  
                                    {   "alignment": 
                                                       null
                                                      ,
                                        "vertical_align":
                                                             null
                                                            ,
                                        "col_width": "auto",
                                        "indent": 
                                                     null
                                                    ,
                                        "column_border": 
                                                             null
                                                            ,
                                        "column_id": "LQYYNTFJB2DQU5EEQZW4WUKWG3I",
                                        "file_name": [ "column", "column_42UMTMRAOAMUFNBWN6VFDTICMM"]
                                    }
                                ]
                            }, 
                       
                  "LC6QYG5F3WEGU7P7MCJQZ7LLBVE": {
                   "title": "Progress chart adaptive height",
                        
                                   "left": {
                                        "icon": "calculate",
                                        "title":" Progress chart adaptive height false"
                                                },
                                
                                "indent": 
                                                   null
                                                  ,
                                "classes": "",
                                            
                                  

                                "columns": [
                                  
                                    {   "alignment": 
                                                       null
                                                      ,
                                        "vertical_align":
                                                             null
                                                            ,
                                        "col_width": "12",
                                        "indent": 
                                                     null
                                                    ,
                                        "column_border": 
                                                             null
                                                            ,
                                        "column_id": "LQSVKR4VAHRKENOTSWVTF3OXR7Y",
                                        "file_name": [ "column", "column_42UMTMRAOAMUFNBWN6VFDTICMM"]
                                    }
                                ]
                            }, 
                       
                  "LWS36ZQOH4MNUJHCL5SBTZDD2OY": {
                   "title": "",
                        
                                "indent": 
                                                   null
                                                  ,
                                "classes": "",
                                            
                                  

                                "columns": [
                                  
                                    {   "alignment": 
                                                       null
                                                      ,
                                        "vertical_align":
                                                             null
                                                            ,
                                        "col_width": "auto",
                                        "indent": 
                                                     null
                                                    ,
                                        "column_border": 
                                                             null
                                                            ,
                                        "column_id": "LRMLUTXDORE3UTDH7JEP4ZVLF74",
                                        "file_name": [ "column", "column_42UMTMRAOAMUFNBWN6VFDTICMM"]
                                    }
                                ]
                            }, 
                       
                  "LGNJ2GBMIKDNUFG3HL6JJL32SHQ": {
                   "title": "",
                        
                                "indent": 
                                                   null
                                                  ,
                                "classes": "",
                                            
                                  

                                "columns": [
                                  
                                    {   "alignment": 
                                                       null
                                                      ,
                                        "vertical_align":
                                                             null
                                                            ,
                                        "col_width": "auto",
                                        "indent": 
                                                     null
                                                    ,
                                        "column_border": 
                                                             null
                                                            ,
                                        "column_id": "LLEKWMPLHLKYELOGGXZJJDWWMYY",
                                        "file_name": [ "column", "column_42UMTMRAOAMUFNBWN6VFDTICMM"]
                                    }
                                ]
                            }, 
                       
                  "LMSTY7PG6PGOEVMJV7MBND7WAEU": {
                   "title": "",
                        
                                "indent": 
                                                   null
                                                  ,
                                "classes": "",
                                            
                                  

                                "columns": [
                                  
                                    {   "alignment": 
                                                       null
                                                      ,
                                        "vertical_align":
                                                             null
                                                            ,
                                        "col_width": "auto",
                                        "indent": 
                                                     null
                                                    ,
                                        "column_border": 
                                                             null
                                                            ,
                                        "column_id": "LIKW374NEAW2UJO6XRNFU7GW3EA",
                                        "file_name": [ "column", "column_42UMTMRAOAMUFNBWN6VFDTICMM"]
                                    }
                                ]
                            }, 
                       
                  "L7RPOZ7MGXQWUNOZK6QLPSSQ4Y4": {
                   "title": "",
                        
                                "indent": 
                                                   null
                                                  ,
                                "classes": "",
                                            
                                  

                                "columns": [
                                  
                                    {   "alignment": 
                                                       null
                                                      ,
                                        "vertical_align":
                                                             null
                                                            ,
                                        "col_width": "auto",
                                        "indent": 
                                                     null
                                                    ,
                                        "column_border": 
                                                             null
                                                            ,
                                        "column_id": "LRNZ2LTADSZQUPGEUYQYJK2GO5I",
                                        "file_name": [ "column", "column_42UMTMRAOAMUFNBWN6VFDTICMM"]
                                    }
                                ]
                            }, 
                       
                  "L7EYEUPHO4PMEBAI2NGOILP45CE": {
                   "title": "",
                        
                                "indent": 
                                                   null
                                                  ,
                                "classes": "",
                                            
                                  

                                "columns": [
                                  
                                    {   "alignment": 
                                                       null
                                                      ,
                                        "vertical_align":
                                                             null
                                                            ,
                                        "col_width": "auto",
                                        "indent": 
                                                     null
                                                    ,
                                        "column_border": 
                                                             null
                                                            ,
                                        "column_id": "LXRRVMQQXS6CUVGK3757EFMQNYA",
                                        "file_name": [ "column", "column_42UMTMRAOAMUFNBWN6VFDTICMM"]
                                    }
                                ]
                            }, 
                       
                  "LJFANVVUISYMU5GK5MDBPCRVJQI": {
                   "title": "",
                        
                                "indent": 
                                                   null
                                                  ,
                                "classes": "",
                                            
                                  

                                "columns": [
                                  
                                    {   "alignment": 
                                                       null
                                                      ,
                                        "vertical_align":
                                                             null
                                                            ,
                                        "col_width": "auto",
                                        "indent": 
                                                     null
                                                    ,
                                        "column_border": 
                                                             null
                                                            ,
                                        "column_id": "LRVL6PEUSZC4UBNCYLK6QSXTE6Y",
                                        "file_name": [ "column", "column_42UMTMRAOAMUFNBWN6VFDTICMM"]
                                    }
                                ]
                            }, 
                       
                  "LK5KFXJFZUG2UZLXUDJLCPUBQZY": {
                   "title": "Progress chart interactive",
                        
                                   "left": {
                                        "icon": "stream",
                                        "title":"Progress chart interactive"
                                                },
                                
                                "indent": 
                                                   null
                                                  ,
                                "classes": "",
                                            
                                  

                                "columns": [
                                  
                                    {   "alignment": 
                                                       null
                                                      ,
                                        "vertical_align":
                                                             null
                                                            ,
                                        "col_width": "12",
                                        "indent": 
                                                     null
                                                    ,
                                        "column_border": 
                                                             null
                                                            ,
                                        "column_id": "LLON4PTZP37LUDK4HJ3OL3SQ3ZI",
                                        "file_name": [ "column", "column_42UMTMRAOAMUFNBWN6VFDTICMM"]
                                    }
                                ]
                            }, 
                       
                  "L62IQXXN4GGZEPI2Z2BXWYGCYQY": {
                   "title": "",
                        
                                "indent": 
                                                   null
                                                  ,
                                "classes": "",
                                            
                                  

                                "columns": [
                                  
                                    {   "alignment": 
                                                       null
                                                      ,
                                        "vertical_align":
                                                             null
                                                            ,
                                        "col_width": "auto",
                                        "indent": 
                                                     null
                                                    ,
                                        "column_border": 
                                                             null
                                                            ,
                                        "column_id": "LVEXMVHPOJ7XEHLKAJOI64SBFVA",
                                        "file_name": [ "column", "column_42UMTMRAOAMUFNBWN6VFDTICMM"]
                                    }
                                ]
                            }, 
                       
                  "LSOUZY3D3UMXUBAW4ODPGB3MDEE": {
                   "title": "",
                        
                                "indent": 
                                                   null
                                                  ,
                                "classes": "",
                                            
                                  

                                "columns": [
                                  
                                    {   "alignment": 
                                                       null
                                                      ,
                                        "vertical_align":
                                                             null
                                                            ,
                                        "col_width": "auto",
                                        "indent": 
                                                     null
                                                    ,
                                        "column_border": 
                                                             null
                                                            ,
                                        "column_id": "L6ZFTPKA5M4BEFBY32F7ZSN3EKA",
                                        "file_name": [ "column", "column_42UMTMRAOAMUFNBWN6VFDTICMM"]
                                    }
                                ]
                            }, 
                       
                  "LWDKGTQMVUUYEXGXBFDTA2IIGOI": {
                   "title": "",
                        
                                "indent": 
                                                   null
                                                  ,
                                "classes": "",
                                            
                                  

                                "columns": [
                                  
                                    {   "alignment": 
                                                       null
                                                      ,
                                        "vertical_align":
                                                             null
                                                            ,
                                        "col_width": "auto",
                                        "indent": 
                                                     null
                                                    ,
                                        "column_border": 
                                                             null
                                                            ,
                                        "column_id": "LPQIK3GBIKGNURLJ7MOU4VMLFRI",
                                        "file_name": [ "column", "column_42UMTMRAOAMUFNBWN6VFDTICMM"]
                                    }
                                ]
                            }, 
                       
                  "L347VO7YUEPLEFIKES55BMCTBMY": {
                   "title": "",
                        
                                "indent": 
                                                   null
                                                  ,
                                "classes": "",
                                            
                                  

                                "columns": [
                                  
                                    {   "alignment": 
                                                       null
                                                      ,
                                        "vertical_align":
                                                             null
                                                            ,
                                        "col_width": "auto",
                                        "indent": 
                                                     null
                                                    ,
                                        "column_border": 
                                                             null
                                                            ,
                                        "column_id": "LTS7B6HITWHUUDG66AZYK2LXUTQ",
                                        "file_name": [ "column", "column_42UMTMRAOAMUFNBWN6VFDTICMM"]
                                    }
                                ]
                            }, 
                       
                  "LWXRF62BCYDXEZDBG7H4BBKD2H4": {
                   "title": "",
                        
                                "indent": 
                                                   null
                                                  ,
                                "classes": "",
                                            
                                  

                                "columns": [
                                  
                                    {   "alignment": 
                                                       null
                                                      ,
                                        "vertical_align":
                                                             null
                                                            ,
                                        "col_width": "auto",
                                        "indent": 
                                                     null
                                                    ,
                                        "column_border": 
                                                             null
                                                            ,
                                        "column_id": "LU5DD7G674VOEJG4TP66TNORYOI",
                                        "file_name": [ "column", "column_42UMTMRAOAMUFNBWN6VFDTICMM"]
                                    }
                                ]
                            }, 
                       
                  "L3RQI2JN4FL6ULHZ7GRRROHGOLA": {
                   "title": "",
                        
                                "indent": 
                                                   null
                                                  ,
                                "classes": "",
                                            
                                  

                                "columns": [
                                  
                                    {   "alignment": 
                                                       null
                                                      ,
                                        "vertical_align":
                                                             null
                                                            ,
                                        "col_width": "auto",
                                        "indent": 
                                                     null
                                                    ,
                                        "column_border": 
                                                             null
                                                            ,
                                        "column_id": "LIBOIWNHAFRDURCPVE34QLWW2KU",
                                        "file_name": [ "column", "column_42UMTMRAOAMUFNBWN6VFDTICMM"]
                                    }
                                ]
                            }, 
                       
                  "L5DW7TOLPVBKULIF4SVUQVOBPWM": {
                   "title": "Progress chart sticky comments",
                        
                                   "left": {
                                        "icon": "connect",
                                        "title":" Progress chart sticky comments"
                                                },
                                
                                "indent": 
                                                   null
                                                  ,
                                "classes": "",
                                            
                                  

                                "columns": [
                                  
                                    {   "alignment": 
                                                       null
                                                      ,
                                        "vertical_align":
                                                             null
                                                            ,
                                        "col_width": "12",
                                        "indent": 
                                                     null
                                                    ,
                                        "column_border": 
                                                             null
                                                            ,
                                        "column_id": "L5334FPHQ3F6EJJKJ6TWTDRVZWM",
                                        "file_name": [ "column", "column_42UMTMRAOAMUFNBWN6VFDTICMM"]
                                    }
                                ]
                            }, 
                       
                  "LK6VRDQJQGDIUFOR4V3HYJPH73A": {
                   "title": "",
                        
                                "indent": 
                                                   null
                                                  ,
                                "classes": "",
                                            
                                  

                                "columns": [
                                  
                                    {   "alignment": 
                                                       null
                                                      ,
                                        "vertical_align":
                                                             null
                                                            ,
                                        "col_width": "auto",
                                        "indent": 
                                                     null
                                                    ,
                                        "column_border": 
                                                             null
                                                            ,
                                        "column_id": "LQFB3LURSXZ2EPC6VCA6UHI2PL4",
                                        "file_name": [ "column", "column_42UMTMRAOAMUFNBWN6VFDTICMM"]
                                    }
                                ]
                            }, 
                       
                  "LICU3HYK25QJE3LJWTRPM3TRWYE": {
                   "title": "",
                        
                                "indent": 
                                                   null
                                                  ,
                                "classes": "",
                                            
                                  

                                "columns": [
                                  
                                    {   "alignment": 
                                                       null
                                                      ,
                                        "vertical_align":
                                                             null
                                                            ,
                                        "col_width": "auto",
                                        "indent": 
                                                     null
                                                    ,
                                        "column_border": 
                                                             null
                                                            ,
                                        "column_id": "LTG6Z4KA6JAUUXCARCB2DFUZOTY",
                                        "file_name": [ "column", "column_42UMTMRAOAMUFNBWN6VFDTICMM"]
                                    }
                                ]
                            }, 
                       
                  "LCGJFWAAX4STUZIUL5FRXZOSEUE": {
                   "title": "",
                        
                                "indent": 
                                                   null
                                                  ,
                                "classes": "",
                                            
                                  

                                "columns": [
                                  
                                    {   "alignment": 
                                                       null
                                                      ,
                                        "vertical_align":
                                                             null
                                                            ,
                                        "col_width": "auto",
                                        "indent": 
                                                     null
                                                    ,
                                        "column_border": 
                                                             null
                                                            ,
                                        "column_id": "LCYLTD7VQ75VUBNRGLF6ADJBEHQ",
                                        "file_name": [ "column", "column_42UMTMRAOAMUFNBWN6VFDTICMM"]
                                    }
                                ]
                            }, 
                       
                  "LW6LIQGWVYKVEBANV4OFZF3B7BA": {
                   "title": "",
                        
                                "indent": 
                                                   null
                                                  ,
                                "classes": "",
                                            
                                  

                                "columns": [
                                  
                                    {   "alignment": 
                                                       null
                                                      ,
                                        "vertical_align":
                                                             null
                                                            ,
                                        "col_width": "auto",
                                        "indent": 
                                                     null
                                                    ,
                                        "column_border": 
                                                             null
                                                            ,
                                        "column_id": "LE3TICAB2WV3UVMFXZILMNX5RME",
                                        "file_name": [ "column", "column_42UMTMRAOAMUFNBWN6VFDTICMM"]
                                    }
                                ]
                            }, 
                       
                  "LMVN3ZMJAR4AUHDA5OL4L4VUFME": {
                   "title": "",
                        
                                "indent": 
                                                   null
                                                  ,
                                "classes": "",
                                            
                                  

                                "columns": [
                                  
                                    {   "alignment": 
                                                       null
                                                      ,
                                        "vertical_align":
                                                             null
                                                            ,
                                        "col_width": "auto",
                                        "indent": 
                                                     null
                                                    ,
                                        "column_border": 
                                                             null
                                                            ,
                                        "column_id": "LUUGWZ3XVSU6EZHMSQXSL2G4PXE",
                                        "file_name": [ "column", "column_42UMTMRAOAMUFNBWN6VFDTICMM"]
                                    }
                                ]
                            }, 
                       
                  "LHTOFMX5O2NMUFIWUVDF73FQLL4": {
                   "title": "",
                        
                                "indent": 
                                                   null
                                                  ,
                                "classes": "",
                                            
                                  

                                "columns": [
                                  
                                    {   "alignment": 
                                                       null
                                                      ,
                                        "vertical_align":
                                                             null
                                                            ,
                                        "col_width": "auto",
                                        "indent": 
                                                     null
                                                    ,
                                        "column_border": 
                                                             null
                                                            ,
                                        "column_id": "LLPXUF5FZN7SUJCDU2BAXZRVKHE",
                                        "file_name": [ "column", "column_42UMTMRAOAMUFNBWN6VFDTICMM"]
                                    }
                                ]
                            }, 
                       
                  "LYNQI5JEYJ3LU5L5SR4H224IEMM": {
                   "title": "Image Layers default",
                        
                                   "left": {
                                        "icon": "brainstorming",
                                        "title":" Image Layers default"
                                                },
                                
                                "indent": 
                                                   null
                                                  ,
                                "classes": "",
                                            
                                  

                                "columns": [
                                  
                                    {   "alignment": 
                                                       null
                                                      ,
                                        "vertical_align":
                                                             null
                                                            ,
                                        "col_width": "12",
                                        "indent": 
                                                     null
                                                    ,
                                        "column_border": 
                                                             null
                                                            ,
                                        "column_id": "LMP6GCOHQCQKUPCYQQIX2NKWPAI",
                                        "file_name": [ "column", "column_42UMTMRAOAMUFNBWN6VFDTICMM"]
                                    }
                                ]
                            }, 
                       
                  "LELMRCRDI5UPUDFEQW35A56XE44": {
                   "title": "",
                        
                                "indent": 
                                                   null
                                                  ,
                                "classes": "",
                                            
                                  

                                "columns": [
                                  
                                    {   "alignment": 
                                                       null
                                                      ,
                                        "vertical_align":
                                                             null
                                                            ,
                                        "col_width": "auto",
                                        "indent": 
                                                     null
                                                    ,
                                        "column_border": 
                                                             null
                                                            ,
                                        "column_id": "LJZCLGXSIMJ5U5NE22CK7KZ6XYU",
                                        "file_name": [ "column", "column_42UMTMRAOAMUFNBWN6VFDTICMM"]
                                    }
                                ]
                            }, 
                       
                  "L3Y2CVV57U66E7EQFQV75NHKSP4": {
                   "title": "",
                        
                                "indent": 
                                                   null
                                                  ,
                                "classes": "",
                                            
                                  

                                "columns": [
                                  
                                    {   "alignment": 
                                                       null
                                                      ,
                                        "vertical_align":
                                                             null
                                                            ,
                                        "col_width": "auto",
                                        "indent": 
                                                     null
                                                    ,
                                        "column_border": 
                                                             null
                                                            ,
                                        "column_id": "LC35TZS3M227UZLXQEJ6ODXT5QI",
                                        "file_name": [ "column", "column_42UMTMRAOAMUFNBWN6VFDTICMM"]
                                    }
                                ]
                            }, 
                       
                  "LR3Z6LG7KY6PU7J33QOI6APMC74": {
                   "title": "Image Layers hotspot border",
                        
                                   "left": {
                                        "icon": "article",
                                        "title":" Image Layers hotspot border"
                                                },
                                
                                "indent": 
                                                   null
                                                  ,
                                "classes": "",
                                            
                                  

                                "columns": [
                                  
                                    {   "alignment": 
                                                       null
                                                      ,
                                        "vertical_align":
                                                             null
                                                            ,
                                        "col_width": "12",
                                        "indent": 
                                                     null
                                                    ,
                                        "column_border": 
                                                             null
                                                            ,
                                        "column_id": "LSYN43UERQ2NEPG2LKAFRX6LVBQ",
                                        "file_name": [ "column", "column_42UMTMRAOAMUFNBWN6VFDTICMM"]
                                    }
                                ]
                            }, 
                       
                  "LVOLQPHJFW7QU3PY7S5QKAOG33Y": {
                   "title": "",
                        
                                "indent": 
                                                   null
                                                  ,
                                "classes": "",
                                            
                                  

                                "columns": [
                                  
                                    {   "alignment": 
                                                       null
                                                      ,
                                        "vertical_align":
                                                             null
                                                            ,
                                        "col_width": "auto",
                                        "indent": 
                                                     null
                                                    ,
                                        "column_border": 
                                                             null
                                                            ,
                                        "column_id": "LVPBG64NA5HXEZIZIXLKMTKIRFM",
                                        "file_name": [ "column", "column_42UMTMRAOAMUFNBWN6VFDTICMM"]
                                    }
                                ]
                            }, 
                       
                  "LCSTU3GTNRLFUZFSO3I7RDRMRO4": {
                   "title": "",
                        
                                "indent": 
                                                   null
                                                  ,
                                "classes": "",
                                            
                                  

                                "columns": [
                                  
                                    {   "alignment": 
                                                       null
                                                      ,
                                        "vertical_align":
                                                             null
                                                            ,
                                        "col_width": "auto",
                                        "indent": 
                                                     null
                                                    ,
                                        "column_border": 
                                                             null
                                                            ,
                                        "column_id": "LQVB4YOMGRQ3END4JE23A2KATYY",
                                        "file_name": [ "column", "column_42UMTMRAOAMUFNBWN6VFDTICMM"]
                                    }
                                ]
                            }, 
                       
                  "LWRCL6WBMD53EJCXIR6DXC4JSTM": {
                   "title": "Flipbook 1",
                        
                                   "left": {
                                        "icon": "evalute",
                                        "title":" Flipbook component (Adaptive height : false)"
                                                },
                                
                                "indent": 
                                                   null
                                                  ,
                                "classes": "",
                                            
                                  

                                "columns": [
                                  
                                    {   "alignment": 
                                                       null
                                                      ,
                                        "vertical_align":
                                                             null
                                                            ,
                                        "col_width": "12",
                                        "indent": 
                                                     null
                                                    ,
                                        "column_border": 
                                                             null
                                                            ,
                                        "column_id": "LC5ONO23X4VJUNHF3KRQJM4D5PA",
                                        "file_name": [ "column", "column_42UMTMRAOAMUFNBWN6VFDTICMM"]
                                    }
                                ]
                            }, 
                       
                  "LOVTLFX2IR4KURMAZ4NBX5T7E6U": {
                   "title": "",
                        
                                "indent": 
                                                   null
                                                  ,
                                "classes": "",
                                            
                                  

                                "columns": [
                                  
                                    {   "alignment": 
                                                       null
                                                      ,
                                        "vertical_align":
                                                             null
                                                            ,
                                        "col_width": "auto",
                                        "indent": 
                                                     null
                                                    ,
                                        "column_border": 
                                                             null
                                                            ,
                                        "column_id": "LYPB6OCJSQS4UJEUIMPVIP5QHOQ",
                                        "file_name": [ "column", "column_42UMTMRAOAMUFNBWN6VFDTICMM"]
                                    }
                                ]
                            }, 
                       
                  "L577S3WIWTZLUNPH3ZNXNART4GU": {
                   "title": "",
                        
                                "indent": 
                                                   null
                                                  ,
                                "classes": "",
                                            
                                  

                                "columns": [
                                  
                                    {   "alignment": 
                                                       null
                                                      ,
                                        "vertical_align":
                                                             null
                                                            ,
                                        "col_width": "auto",
                                        "indent": 
                                                     null
                                                    ,
                                        "column_border": 
                                                             null
                                                            ,
                                        "column_id": "LLGJCF5QWTRZEDAI7RALI3AK6BY",
                                        "file_name": [ "column", "column_42UMTMRAOAMUFNBWN6VFDTICMM"]
                                    }
                                ]
                            }, 
                       
                  "LPDUVABGD3WGU5NPGHMSTT2QIPA": {
                   "title": "",
                        
                                "indent": 
                                                   null
                                                  ,
                                "classes": "",
                                            
                                  

                                "columns": [
                                  
                                    {   "alignment": 
                                                       null
                                                      ,
                                        "vertical_align":
                                                             null
                                                            ,
                                        "col_width": "auto",
                                        "indent": 
                                                     null
                                                    ,
                                        "column_border": 
                                                             null
                                                            ,
                                        "column_id": "LQDZFPTMCW6AEJMIDR5TNCF5DNE",
                                        "file_name": [ "column", "column_42UMTMRAOAMUFNBWN6VFDTICMM"]
                                    }
                                ]
                            }, 
                       
                  "L7K77J6CW725ENJQ47ZWDA5LP34": {
                   "title": "",
                        
                                "indent": 
                                                   null
                                                  ,
                                "classes": "",
                                            
                                  

                                "columns": [
                                  
                                    {   "alignment": 
                                                       null
                                                      ,
                                        "vertical_align":
                                                             null
                                                            ,
                                        "col_width": "auto",
                                        "indent": 
                                                     null
                                                    ,
                                        "column_border": 
                                                             null
                                                            ,
                                        "column_id": "L5O6VO76B2P6UPHIOCGKMAP5NXA",
                                        "file_name": [ "column", "column_42UMTMRAOAMUFNBWN6VFDTICMM"]
                                    }
                                ]
                            }, 
                       
                  "LGX5JN43MSUREPE67GRYEWTARVQ": {
                   "title": "",
                        
                                "indent": 
                                                   null
                                                  ,
                                "classes": "",
                                            
                                  

                                "columns": [
                                  
                                    {   "alignment": 
                                                       null
                                                      ,
                                        "vertical_align":
                                                             null
                                                            ,
                                        "col_width": "auto",
                                        "indent": 
                                                     null
                                                    ,
                                        "column_border": 
                                                             null
                                                            ,
                                        "column_id": "LAY5MJ7O3ECIULF6CL4ZLAAULZU",
                                        "file_name": [ "column", "column_42UMTMRAOAMUFNBWN6VFDTICMM"]
                                    }
                                ]
                            }, 
                       
                  "LQWYKXE3PU3QE5DH4ARM4M2NPBQ": {
                   "title": "Flipbook 2",
                        
                                   "left": {
                                        "icon": "identify",
                                        "title":" Flipbook component (Adaptive height : true)"
                                                },
                                
                                "indent": 
                                                   null
                                                  ,
                                "classes": "",
                                            
                                  

                                "columns": [
                                  
                                    {   "alignment": 
                                                       null
                                                      ,
                                        "vertical_align":
                                                             null
                                                            ,
                                        "col_width": "12",
                                        "indent": 
                                                     null
                                                    ,
                                        "column_border": 
                                                             null
                                                            ,
                                        "column_id": "LOKDQN3MTEN5EPHZMM5EFKJCOOI",
                                        "file_name": [ "column", "column_42UMTMRAOAMUFNBWN6VFDTICMM"]
                                    }
                                ]
                            }, 
                       
                  "LWZR4FTECV3VUJFSSFQVPK4OVQA": {
                   "title": "",
                        
                                "indent": 
                                                   null
                                                  ,
                                "classes": "",
                                            
                                  

                                "columns": [
                                  
                                    {   "alignment": 
                                                       null
                                                      ,
                                        "vertical_align":
                                                             null
                                                            ,
                                        "col_width": "auto",
                                        "indent": 
                                                     null
                                                    ,
                                        "column_border": 
                                                             null
                                                            ,
                                        "column_id": "LJJL7ZOOKFZFUJK7GBQGOQRCE4I",
                                        "file_name": [ "column", "column_42UMTMRAOAMUFNBWN6VFDTICMM"]
                                    }
                                ]
                            }, 
                       
                  "LDKETZWEVOBHUBEYQAVF6EQLY3M": {
                   "title": "",
                        
                                "indent": 
                                                   null
                                                  ,
                                "classes": "",
                                            
                                  

                                "columns": [
                                  
                                    {   "alignment": 
                                                       null
                                                      ,
                                        "vertical_align":
                                                             null
                                                            ,
                                        "col_width": "auto",
                                        "indent": 
                                                     null
                                                    ,
                                        "column_border": 
                                                             null
                                                            ,
                                        "column_id": "LAFAOQ6MQEYVEHNRQA3ORCBC5YU",
                                        "file_name": [ "column", "column_42UMTMRAOAMUFNBWN6VFDTICMM"]
                                    }
                                ]
                            }, 
                       
                  "LNBRGB5K36LGUFOZ5XOSQWTS55I": {
                   "title": "",
                        
                                "indent": 
                                                   null
                                                  ,
                                "classes": "",
                                            
                                  

                                "columns": [
                                  
                                    {   "alignment": 
                                                       null
                                                      ,
                                        "vertical_align":
                                                             null
                                                            ,
                                        "col_width": "auto",
                                        "indent": 
                                                     null
                                                    ,
                                        "column_border": 
                                                             null
                                                            ,
                                        "column_id": "LRBGX6W5ZSDREBHJZXQY3R5C7KU",
                                        "file_name": [ "column", "column_42UMTMRAOAMUFNBWN6VFDTICMM"]
                                    }
                                ]
                            }, 
                       
                  "LYHVKNMBEDKWURFBKBKJYEVNHAM": {
                   "title": "",
                        
                                "indent": 
                                                   null
                                                  ,
                                "classes": "",
                                            
                                  

                                "columns": [
                                  
                                    {   "alignment": 
                                                       null
                                                      ,
                                        "vertical_align":
                                                             null
                                                            ,
                                        "col_width": "auto",
                                        "indent": 
                                                     null
                                                    ,
                                        "column_border": 
                                                             null
                                                            ,
                                        "column_id": "LLJHXCHFOAIGEHPX3LOFOGRQHUY",
                                        "file_name": [ "column", "column_42UMTMRAOAMUFNBWN6VFDTICMM"]
                                    }
                                ]
                            }, 
                       
                  "L5CA4GZCPI2HEDOPH7CPPMBXA7U": {
                   "title": "",
                        
                                "indent": 
                                                   null
                                                  ,
                                "classes": "",
                                            
                                  

                                "columns": [
                                  
                                    {   "alignment": 
                                                       null
                                                      ,
                                        "vertical_align":
                                                             null
                                                            ,
                                        "col_width": "auto",
                                        "indent": 
                                                     null
                                                    ,
                                        "column_border": 
                                                             null
                                                            ,
                                        "column_id": "LQ5YZ7VSKHHWEJAFGRB77OXD4QI",
                                        "file_name": [ "column", "column_42UMTMRAOAMUFNBWN6VFDTICMM"]
                                    }
                                ]
                            }, 
                       
                  "LVHIM6UTTN5VU7B5KLDHF2QHUZE": {
                   "title": "3D hotpost",
                        
                                   "left": {
                                        "icon": "about-the-author",
                                        "title":"3D hotspot image component"
                                                },
                                
                                "indent": 
                                                   null
                                                  ,
                                "classes": "",
                                            
                                  

                                "columns": [
                                  
                                    {   "alignment": 
                                                       null
                                                      ,
                                        "vertical_align":
                                                             null
                                                            ,
                                        "col_width": "12",
                                        "indent": 
                                                     null
                                                    ,
                                        "column_border": 
                                                             null
                                                            ,
                                        "column_id": "LCGE5CBRWH3VEFIPBQQBY7J6KLI",
                                        "file_name": [ "column", "column_42UMTMRAOAMUFNBWN6VFDTICMM"]
                                    }
                                ]
                            }, 
                       
                  "LQQXNOHWPYPGEFOWJ2YKCZ2E2OY": {
                   "title": "",
                        
                                "indent": 
                                                   null
                                                  ,
                                "classes": "",
                                            
                                  

                                "columns": [
                                  
                                    {   "alignment": 
                                                       null
                                                      ,
                                        "vertical_align":
                                                             null
                                                            ,
                                        "col_width": "auto",
                                        "indent": 
                                                     null
                                                    ,
                                        "column_border": 
                                                             null
                                                            ,
                                        "column_id": "LKOSWBQMDQ5KURLNS4B3F5GGMK4",
                                        "file_name": [ "column", "column_42UMTMRAOAMUFNBWN6VFDTICMM"]
                                    }
                                ]
                            }, 
                       
                  "LCCPXOFSLAUYUBFXDXSBHECOPQA": {
                   "title": "",
                        
                                "indent": 
                                                   null
                                                  ,
                                "classes": "",
                                            
                                  

                                "columns": [
                                  
                                    {   "alignment": 
                                                       null
                                                      ,
                                        "vertical_align":
                                                             null
                                                            ,
                                        "col_width": "auto",
                                        "indent": 
                                                     null
                                                    ,
                                        "column_border": 
                                                             null
                                                            ,
                                        "column_id": "LN6XWTIHLITYERKFHZEK6GEQKRY",
                                        "file_name": [ "column", "column_42UMTMRAOAMUFNBWN6VFDTICMM"]
                                    }
                                ]
                            }, 
                       
                  "LAYS652CC6Z2UDDRLDDWQRJF3X4": {
                   "title": "",
                        
                                "indent": 
                                                   null
                                                  ,
                                "classes": "",
                                            
                                  

                                "columns": [
                                  
                                    {   "alignment": 
                                                       null
                                                      ,
                                        "vertical_align":
                                                             null
                                                            ,
                                        "col_width": "auto",
                                        "indent": 
                                                     null
                                                    ,
                                        "column_border": 
                                                             null
                                                            ,
                                        "column_id": "LE56LVPEF2KNUJGGVGWCZVYMLUI",
                                        "file_name": [ "column", "column_42UMTMRAOAMUFNBWN6VFDTICMM"]
                                    }
                                ]
                            }, 
                       
                  "L5V6INMRPLTLU7FGYBG76LONO5U": {
                   "title": "Mathjax",
                        
                                   "left": {
                                        "icon": "calculate",
                                        "title":" Mathjax"
                                                },
                                
                                "indent": 
                                                   null
                                                  ,
                                "classes": "",
                                            
                                  

                                "columns": [
                                  
                                    {   "alignment": 
                                                       null
                                                      ,
                                        "vertical_align":
                                                             null
                                                            ,
                                        "col_width": "auto",
                                        "indent": 
                                                     null
                                                    ,
                                        "column_border": 
                                                             null
                                                            ,
                                        "column_id": "LFGYJVOAPN23ETEH64VBT235YNE",
                                        "file_name": [ "column", "column_42UMTMRAOAMUFNBWN6VFDTICMM"]
                                    }
                                ]
                            }
                        }
                    }
                      
                
    