
                  {
                    "column": {
                    
                           "LFC5SWVGVUQTE3H5FWGXWY5LCOE":[
                          
                           
                            {
                              
                                    "component_name": "slide",
                                    "component_id": "L7SN4RYERHCNULCWIW4TLEHD764",
                                  "file_name": [ "slide", "slide_OLTLLTZ4V2UUBPYVAG7EDWIZXM"]
                                 

                              } 

                            ],
                           "LOBIIBLP6Y2AUJJVFEFJQRFYSPQ":[
                          
                           
                            {
                              
                                 "component_name": "section",
                                 "component_id": "L4NI3GC4SSQSE3JCU3BLPQIV3OE",
                                 "file_name": [ "section", "section_OLTLLTZ4V2UUBPYVAG7EDWIZXM"]
                              

                              } 

                            ],
                           "LPQ47FNKR5F4EBCVEZDRR2MYGLM":[
                          
                           
                            {
                              
                                    "component_name": "graphic_organizer",
                                    "component_id": "LVDKCJ2OX35YUREXYYP7PAPGDDQ",
                                  "file_name": [ "graphic_organizer", "graphic_organizer_OLTLLTZ4V2UUBPYVAG7EDWIZXM"]                            
                               

                              } 

                            ],
                           "LE3AEZUACWKAE7HZ6QHDDMXVXVE":[
                          
                           

                            ],
                           "LYDM2QDEZLQOEZGVFQSCGP2TFTQ":[
                          
                           
                            {
                              
                                 "component_name": "section",
                                 "component_id": "LH2XCQ6IWLSUELC745RKFTHLYTE",
                                 "file_name": [ "section", "section_OLTLLTZ4V2UUBPYVAG7EDWIZXM"]
                              

                              } ,
                            {
                              
                                 "component_name": "section",
                                 "component_id": "L7637BYPIHEWUJOB6VLWKJOMIS4",
                                 "file_name": [ "section", "section_OLTLLTZ4V2UUBPYVAG7EDWIZXM"]
                              

                              } 

                            ],
                           "LDBS32KIGZ7REHLZCK26P4F3TJA":[
                          
                           
                            {
                              
                                    "component_name": "rubrics",
                                    "component_id": "LQWBD5C74F34ETNYCD5PCSX3QPA",
                                   "file_name": [ "rubrics", "rubrics_OLTLLTZ4V2UUBPYVAG7EDWIZXM"] 
                                   

                              } 

                            ],
                           "LKANFNWKJ6ITERJYXATR22WRTHA":[
                          
                           
                            {
                              
                                 "component_name": "html",
                                 "component_id": "L4CMOAW43EIPUBMWAUWAPZ4UMR4",
                                 "file_name": [ "html", "html_OLTLLTZ4V2UUBPYVAG7EDWIZXM"]
                              

                              } 

                            ],
                           "LHKWHLFVNFK6U7ABTISANZB7MZ4":[
                          
                           
                            {
                              
                                 "component_name": "html",
                                 "component_id": "L3CEDXKCSP5UEFEBVHX2GB76FWE",
                                 "file_name": [ "html", "html_OLTLLTZ4V2UUBPYVAG7EDWIZXM"]
                              

                              } 

                            ],
                           "LYCCIDAVPT36UZAWYKGMBGQKTAU":[
                          
                           
                            {
                              
                                 "component_name": "html",
                                 "component_id": "LFC75KT5KSPPE5MKGZSIX43CLMQ",
                                 "file_name": [ "html", "html_OLTLLTZ4V2UUBPYVAG7EDWIZXM"]
                              

                              } 

                            ],
                           "LYMICI6SZITQEFPVCILUS5EGTXU":[
                          
                           
                            {
                              
                                 "component_name": "html",
                                 "component_id": "LTGCBIVKTBIZUFDNWHN23VUFKOE",
                                 "file_name": [ "html", "html_OLTLLTZ4V2UUBPYVAG7EDWIZXM"]
                              

                              } 

                            ],
                           "LVOG4X5G3QEQUXNSM2M4T6RT6FQ":[
                          
                           
                            {
                              
                                 "component_name": "html",
                                 "component_id": "LMP6U3DRXE5YEVIAIN3WSSIDIQA",
                                 "file_name": [ "html", "html_OLTLLTZ4V2UUBPYVAG7EDWIZXM"]
                              

                              } 

                            ],
                           "LOBO7NDVZHYVURALB7S6KKSYKNU":[
                          
                           
                            {
                              
                                 "component_name": "html",
                                 "component_id": "LR7LPAGITHQ4UBFE5JDQD673HVE",
                                 "file_name": [ "html", "html_OLTLLTZ4V2UUBPYVAG7EDWIZXM"]
                              

                              } 

                            ],
                           "L2BBF76T5T5SUJLTDPCRXC4CEWM":[
                          
                           
                            {
                              
                                 "component_name": "html",
                                 "component_id": "LIYAHFQBLICTEVIE5TBHKSGAO54",
                                 "file_name": [ "html", "html_OLTLLTZ4V2UUBPYVAG7EDWIZXM"]
                              

                              } 

                            ],
                           "L6UQE7FI3GAHE3IFU3I6CD3KBO4":[
                          
                           
                            {
                              
                                 "component_name": "html",
                                 "component_id": "LV7O5C6SRCAXEROOW4ENTRW7UNQ",
                                 "file_name": [ "html", "html_OLTLLTZ4V2UUBPYVAG7EDWIZXM"]
                              

                              } 

                            ],
                           "L22H22YVDSJVENJLTQDUQ6OMWL4":[
                          
                           
                            {
                              
                                 "component_name": "html",
                                 "component_id": "LTR4WZTEFYJBEXFOSBZLWFKIYOM",
                                 "file_name": [ "html", "html_OLTLLTZ4V2UUBPYVAG7EDWIZXM"]
                              

                              } 

                            ],
                           "LHN5MWCPKNYNE3NBTFUCPWPEICE":[
                          
                           
                            {
                              
                                 "component_name": "html",
                                 "component_id": "LZG4SBMC7D4BEZAJKNNQLPNH77Q",
                                 "file_name": [ "html", "html_OLTLLTZ4V2UUBPYVAG7EDWIZXM"]
                              

                              } 

                            ],
                           "LN4XH6NUF62AUVJHUWIW7X5MMYQ":[
                          
                           
                            {
                              
                                 "component_name": "html",
                                 "component_id": "LGJSDCEDG5EHE7K7VBUF6I72IW4",
                                 "file_name": [ "html", "html_OLTLLTZ4V2UUBPYVAG7EDWIZXM"]
                              

                              } 

                            ],
                           "LYWVPEVFHDMRU7CIYEZMTT2UFMA":[
                          
                           
                            {
                              
                                 "component_name": "html",
                                 "component_id": "LDRCN5DYMRA3EZAVERKDIF7VITQ",
                                 "file_name": [ "html", "html_OLTLLTZ4V2UUBPYVAG7EDWIZXM"]
                              

                              } 

                            ],
                           "L4DKN7YMV33EURFLI45LSWEWAFE":[
                          
                           
                            {
                              
                                 "component_name": "html",
                                 "component_id": "LOXIKIFLJ4NOUDMTD7EA32RHN7U",
                                 "file_name": [ "html", "html_OLTLLTZ4V2UUBPYVAG7EDWIZXM"]
                              

                              } 

                            ],
                           "LT4TGWW2A4J2UFOM4FUSHKHRDAM":[
                          
                           
                            {
                              
                                 "component_name": "html",
                                 "component_id": "LCXLOXEDBMHTUPAF4PCNQ66XRG4",
                                 "file_name": [ "html", "html_OLTLLTZ4V2UUBPYVAG7EDWIZXM"]
                              

                              } 

                            ],
                           "LFADM2YXB6K5UXJCMLWCR4EYGVA":[
                          
                           
                            {
                              
                                 "component_name": "html",
                                 "component_id": "LYMH4I7WEOR6EJCQYDSDJMXZUR4",
                                 "file_name": [ "html", "html_OLTLLTZ4V2UUBPYVAG7EDWIZXM"]
                              

                              } 

                            ],
                           "LSLV57KUU7UQEHLAQPIETFKPFKM":[
                          
                           
                            {
                              
                                 "component_name": "html",
                                 "component_id": "LSYZLTO7P2FIUTEJDZ4QOT4XCD4",
                                 "file_name": [ "html", "html_OLTLLTZ4V2UUBPYVAG7EDWIZXM"]
                              

                              } 

                            ],
                           "LFDJXO5Z2Y32EPCP7GKLFNMDYEY":[
                          
                           
                            {
                              
                                    "component_name": "rubrics",
                                    "component_id": "LWXP4HPQWWZWEJMNVQ24IU2JSAU",
                                   "file_name": [ "rubrics", "rubrics_OLTLLTZ4V2UUBPYVAG7EDWIZXM"] 
                                   

                              } 

                            ],
                           "LKAFTPZI5KLOEBJLSDUN3AP62F4":[
                          
                           
                            {
                              
                                 "component_name": "html",
                                 "component_id": "LPH4FSJD5H2IE3BA7ZTG54RJGNU",
                                 "file_name": [ "html", "html_OLTLLTZ4V2UUBPYVAG7EDWIZXM"]
                              

                              } 

                            ],
                           "LOLNC632N6KKU5K3F5PVQGZST6Y":[
                          
                           
                            {
                              
                                 "component_name": "html",
                                 "component_id": "LTK3HE7QPNA4ERC2YJ6BU7TEWUY",
                                 "file_name": [ "html", "html_OLTLLTZ4V2UUBPYVAG7EDWIZXM"]
                              

                              } 

                            ],
                           "LZ5J7BVQ4RIJEREI7YXHKXSZIKU":[
                          
                           
                            {
                              
                                 "component_name": "html",
                                 "component_id": "L5AARFI5YQMMEHHPI5RGA57VLNI",
                                 "file_name": [ "html", "html_OLTLLTZ4V2UUBPYVAG7EDWIZXM"]
                              

                              } 

                            ],
                           "LMWNPUO5J525E5O5BFUYBWUJU6U":[
                          
                           
                            {
                              
                                 "component_name": "html",
                                 "component_id": "L6LRSB7FDLTMU7FKO3X6O3XYIAA",
                                 "file_name": [ "html", "html_OLTLLTZ4V2UUBPYVAG7EDWIZXM"]
                              

                              } 

                            ],
                           "LNSX7ESIMM7XE5AMRKJTPWKORPU":[
                          
                           
                            {
                              
                                 "component_name": "html",
                                 "component_id": "LP7OTYZ2AMJ7E5A5C2XK4BDNVHQ",
                                 "file_name": [ "html", "html_OLTLLTZ4V2UUBPYVAG7EDWIZXM"]
                              

                              } 

                            ],
                           "LD5MXWI262PCEJKOZQ65A4KOI7A":[
                          
                           
                            {
                              
                                 "component_name": "html",
                                 "component_id": "LTENSZTSFKRHUXENLJ43JD4FL7M",
                                 "file_name": [ "html", "html_OLTLLTZ4V2UUBPYVAG7EDWIZXM"]
                              

                              } 

                            ],
                           "LCLMZHVCRI6SUPGFSBDBXXEG26A":[
                          
                           
                            {
                              
                                 "component_name": "html",
                                 "component_id": "LZFM77VJOPW4E5HISIWN2745GRQ",
                                 "file_name": [ "html", "html_OLTLLTZ4V2UUBPYVAG7EDWIZXM"]
                              

                              } 

                            ],
                           "LIHDBTWTN6WGEDALBORVWLOOURQ":[
                          
                           
                            {
                              
                                 "component_name": "html",
                                 "component_id": "LOLLPHSR3MRXUFMMNRMF4CXXWTU",
                                 "file_name": [ "html", "html_OLTLLTZ4V2UUBPYVAG7EDWIZXM"]
                              

                              } 

                            ],
                           "L4ER72AOOUCMEBMURVCHJ7DDE6U":[
                          
                           
                            {
                              
                                 "component_name": "html",
                                 "component_id": "LYCFW4KK5OR7EFL46BBHEKDJYYQ",
                                 "file_name": [ "html", "html_OLTLLTZ4V2UUBPYVAG7EDWIZXM"]
                              

                              } 

                            ],
                           "LXGCQ5VASMNRUNMQF4PXTJKNRUM":[
                          
                           

                            ],
                           "LKCXDWQ3FTMAU7GC3DNZCKWCRJY":[
                          
                           
                            {
                              
                                 "component_name": "html",
                                 "component_id": "LUSVQE7NRXAUU3EE6MQICBWUAKU",
                                 "file_name": [ "html", "html_OLTLLTZ4V2UUBPYVAG7EDWIZXM"]
                              

                              } 

                            ],
                           "LJXC53BOXPTXENIRNWPD27AQMQU":[
                          
                           
                            {
                              
                                 "component_name": "html",
                                 "component_id": "LVJ6E3HRU4IRE5AZ7E2PHXQD3FI",
                                 "file_name": [ "html", "html_OLTLLTZ4V2UUBPYVAG7EDWIZXM"]
                              

                              } 

                            ],
                           "L2YW3LKXL5E4EXF4DW4LAGYH4WM":[
                          
                           
                            {
                              
                                 "component_name": "html",
                                 "component_id": "L24HQG6EVJY2UBBNCL3NOTEYASI",
                                 "file_name": [ "html", "html_OLTLLTZ4V2UUBPYVAG7EDWIZXM"]
                              

                              } 

                            ],
                           "LGIQ27NANS4ZELG3TCR3CE6GFLU":[
                          
                           
                            {
                              
                                 "component_name": "html",
                                 "component_id": "LHK5PFXA5TJREPNUCF7RNIUUAQE",
                                 "file_name": [ "html", "html_OLTLLTZ4V2UUBPYVAG7EDWIZXM"]
                              

                              } 

                            ],
                           "L267HNI27ZULU3I2C3SDYMF4KZM":[
                          
                           

                            ],
                           "LBWKACQJYBUAULGXJCSSSRVI2UU":[
                          
                           
                            {
                              
                                 "component_name": "html",
                                 "component_id": "LYZRQLKSDT5BUXGGNSTAZAPRE3Q",
                                 "file_name": [ "html", "html_OLTLLTZ4V2UUBPYVAG7EDWIZXM"]
                              

                              } 

                            ],
                           "LCZQDVC3CXNIUJFPXLRG2FLKSIY":[
                          
                           
                            {
                              
                                 "component_name": "html",
                                 "component_id": "LGUUXRFJEUS2U5HDAW3HQTZ6YHM",
                                 "file_name": [ "html", "html_OLTLLTZ4V2UUBPYVAG7EDWIZXM"]
                              

                              } 

                            ],
                           "LUSQUSAVDX6OUBJIERLZZIMJ4SQ":[
                          
                           
                            {
                              
                                 "component_name": "html",
                                 "component_id": "LHKWA44EJUX6E7ILFRO73NUHDJQ",
                                 "file_name": [ "html", "html_OLTLLTZ4V2UUBPYVAG7EDWIZXM"]
                              

                              } 

                            ],
                           "L7GJBSMBB4BYEHMH2L7NJ7CBSDU":[
                          
                           
                            {
                              
                                 "component_name": "html",
                                 "component_id": "L6MZSUPNRCU6UFNJ6RYHFHHPMUA",
                                 "file_name": [ "html", "html_OLTLLTZ4V2UUBPYVAG7EDWIZXM"]
                              

                              } 

                            ],
                           "LTBEQETFOFBIUBGC5PVBRXYKUPY":[
                          
                           

                            ],
                           "L5I4UU3LBF2YEHGEO567QZ5VYEM":[
                          
                           
                            {
                              
                                 "component_name": "section",
                                 "component_id": "L56RO2MDTGGFU7DJCBIPG5FCJR4",
                                 "file_name": [ "section", "section_OLTLLTZ4V2UUBPYVAG7EDWIZXM"]
                              

                              } 

                            ],
                           "LM4LHJ5WMQFSURAAKPY46U5D3NQ":[
                          
                           
                            {
                              
                                 "component_name": "drawingboard",
                                  "component_id": "LONWLHYNIYN6ETOQMGCT52URQT4",
                                  "file_name": [""]
                               

                              } 

                            ],
                           "LVY6IFKXCWLHE5MYOHSW3DQ6CJA":[
                          
                           
                            {
                              
                                 "component_name": "notebook",
                                  "component_id": "LXQQLNT6CHZLEFMODIGTTKLE6HY",
                                 "file_name": ["notebook", "notebook_OLTLLTZ4V2UUBPYVAG7EDWIZXM"]

                               

                              } 

                            ],
                           "LOZ65KQZCO6CUTIP6DAJPR77YRU":[
                          
                           
                            {
                              
                                 "component_name": "section",
                                 "component_id": "L3N2QJKJLSXSEHBLK5V7RPOYW2Q",
                                 "file_name": [ "section", "section_OLTLLTZ4V2UUBPYVAG7EDWIZXM"]
                              

                              } 

                            ],
                           "L7FQK5UOUXHIURLUKSKEGI7OZIU":[
                          
                           
                            {
                              
                                    "component_name": "table",
                                    "component_id": "LXCMPJ5BIB2TUXFYI7IVL7DXUOI",
                                   "file_name": [ "table", "table_OLTLLTZ4V2UUBPYVAG7EDWIZXM"] 
                                   

                              } ,
                            {
                              
                                 "component_name": "chart",
                                  "component_id": "LZZV54PSMI2SEXK6SQBXXLL2NWU",
                                  "file_name": [ "bar_graph", "bar_graph_OLTLLTZ4V2UUBPYVAG7EDWIZXM"]
                               

                              } 

                            ],
                           "LOTSHOS73IQFU5EO3YCNC2G2X7Q":[
                          
                           
                            {
                              
                                 "component_name": "html",
                                 "component_id": "L7QJJEZGJHUDEPCVMRXBOC45C54",
                                 "file_name": [ "html", "html_OLTLLTZ4V2UUBPYVAG7EDWIZXM"]
                              

                              } 

                            ],
                           "LUPUB4IY7L3MUBDRXBZVKJK5VJU":[
                          
                           
                            {
                              
                                 "component_name": "html",
                                 "component_id": "LXNE6A7LXHXCUFCKFR34XUSFMDA",
                                 "file_name": [ "html", "html_OLTLLTZ4V2UUBPYVAG7EDWIZXM"]
                              

                              } 

                            ],
                           "LZWL22QEISAGU3K6MSKZQR4CDK4":[
                          
                           
                            {
                              
                                 "component_name": "html",
                                 "component_id": "LM4REZELU6CEUDG7QVS2VI3PLQ4",
                                 "file_name": [ "html", "html_OLTLLTZ4V2UUBPYVAG7EDWIZXM"]
                              

                              } 

                            ],
                           "LWTU57FKLIKEEVI36PAVRO3AR2Q":[
                          
                           
                            {
                              
                                 "component_name": "html",
                                 "component_id": "L7YOX6C55JAAERLO2TAET6NZZOY",
                                 "file_name": [ "html", "html_OLTLLTZ4V2UUBPYVAG7EDWIZXM"]
                              

                              } 

                            ],
                           "L3HK6CQLKA3OULABUCN5NWJQY44":[
                          
                           
                            {
                              
                                 "component_name": "html",
                                 "component_id": "LE2GL47AYMWRUVBEPKC2UNLNCWQ",
                                 "file_name": [ "html", "html_OLTLLTZ4V2UUBPYVAG7EDWIZXM"]
                              

                              } 

                            ],
                           "LYD7GKPO56T7UPFKSEVTJMTNURY":[
                          
                           
                            {
                              
                                 "component_name": "html",
                                 "component_id": "L2KNJ6FORZ4WEZKGM4JCIPTWJPM",
                                 "file_name": [ "html", "html_OLTLLTZ4V2UUBPYVAG7EDWIZXM"]
                              

                              } 

                            ],
                           "LTNF3IWMWMW5UXK2A7VTLIGCNEI":[
                          
                           
                            {
                              
                                 "component_name": "html",
                                 "component_id": "L33FM3UAGECSULJO5UIS6TUFEKQ",
                                 "file_name": [ "html", "html_OLTLLTZ4V2UUBPYVAG7EDWIZXM"]
                              

                              } 

                            ],
                           "L5VW6BWG5BX7UXDLCKCBHZE76TA":[
                          
                           
                            {
                              
                                 "component_name": "html",
                                 "component_id": "LEZ474RDLKFSU7NLETR5PIMJD5U",
                                 "file_name": [ "html", "html_OLTLLTZ4V2UUBPYVAG7EDWIZXM"]
                              

                              } 

                            ],
                           "LDSEMH6EDXUVUNELF46CIE2WYX4":[
                          
                           
                            {
                              
                                 "component_name": "html",
                                 "component_id": "LVGTS32RPXTWE5MYZ4Z6D67QXAM",
                                 "file_name": [ "html", "html_OLTLLTZ4V2UUBPYVAG7EDWIZXM"]
                              

                              } 

                            ],
                           "LN2QBB4JTWBHUNFDOEPP7N4QN3I":[
                          
                           
                            {
                              
                                 "component_name": "html",
                                 "component_id": "LXHXOOSBC5FSEVGW6FYK53LEBGE",
                                 "file_name": [ "html", "html_OLTLLTZ4V2UUBPYVAG7EDWIZXM"]
                              

                              } 

                            ],
                           "LCMOODM2LMQBEROUA5EGIBQP2XM":[
                          
                           
                            {
                              
                                 "component_name": "html",
                                 "component_id": "LJ3ZCLSWW2QDEVPI7LQXNHQ5WUY",
                                 "file_name": [ "html", "html_OLTLLTZ4V2UUBPYVAG7EDWIZXM"]
                              

                              } 

                            ],
                           "L2POKLP6LULKUHKO6DOQ6YLBM5U":[
                          
                           
                            {
                              
                                 "component_name": "section",
                                 "component_id": "LCR2TPJO4FJOE7GMCP4IJGIKI7M",
                                 "file_name": [ "section", "section_OLTLLTZ4V2UUBPYVAG7EDWIZXM"]
                              

                              } 

                            ],
                           "LHQVZZEGIGE7EFG4J7UMIYGHFCQ":[
                          
                           
                            {
                              
                                    "component_name": "table",
                                    "component_id": "LHEKVCPF6ERPE3CBR5OB62VR6U4",
                                   "file_name": [ "table", "table_OLTLLTZ4V2UUBPYVAG7EDWIZXM"] 
                                   

                              } ,
                            {
                              
                                 "component_name": "chart",
                                  "component_id": "LK2FTGW6XOA6E5BRCXCPIWDC2S4",
                                  "file_name": [ "bar_graph", "bar_graph_OLTLLTZ4V2UUBPYVAG7EDWIZXM"]
                               

                              } 

                            ],
                           "LQNEGC6IDEH3U7FZNT3KT6MDO64":[
                          
                           
                            {
                              
                                 "component_name": "html",
                                 "component_id": "LGDFIOA4KOZLEVGWFRW7H5TX2QM",
                                 "file_name": [ "html", "html_OLTLLTZ4V2UUBPYVAG7EDWIZXM"]
                              

                              } 

                            ],
                           "LH4TE73CNC3XULAZRVP57PKDCHA":[
                          
                           
                            {
                              
                                 "component_name": "html",
                                 "component_id": "LEXYXNCXGIEXETASLVEBFUGQOQ4",
                                 "file_name": [ "html", "html_OLTLLTZ4V2UUBPYVAG7EDWIZXM"]
                              

                              } 

                            ],
                           "LXTX23EYJKYTERHTHZPARQ65XAU":[
                          
                           
                            {
                              
                                 "component_name": "html",
                                 "component_id": "L4EMEFQ2OKU4UNKKCYW7LPDBBZQ",
                                 "file_name": [ "html", "html_OLTLLTZ4V2UUBPYVAG7EDWIZXM"]
                              

                              } 

                            ],
                           "LDYCRWVVOJ3XUBPWCCXDPJCVGDU":[
                          
                           
                            {
                              
                                 "component_name": "html",
                                 "component_id": "L5AVKVHHSQ77UTKRNB5GEVLI4NM",
                                 "file_name": [ "html", "html_OLTLLTZ4V2UUBPYVAG7EDWIZXM"]
                              

                              } 

                            ],
                           "LPMZ7RGPXBOJEZFPC3FRMIDDPLE":[
                          
                           
                            {
                              
                                 "component_name": "html",
                                 "component_id": "LZBCT3XADVJRUNMSUQAJN2QKBBM",
                                 "file_name": [ "html", "html_OLTLLTZ4V2UUBPYVAG7EDWIZXM"]
                              

                              } 

                            ],
                           "LEUKIDWXKKWGE5L2EFVHN25GC2A":[
                          
                           
                            {
                              
                                 "component_name": "html",
                                 "component_id": "LJX32QSSGIQJELIR4CJLAFVPJZA",
                                 "file_name": [ "html", "html_OLTLLTZ4V2UUBPYVAG7EDWIZXM"]
                              

                              } 

                            ],
                           "LJMJFX4MFVOJEZEA7UPRYPKW2PA":[
                          
                           
                            {
                              
                                 "component_name": "html",
                                 "component_id": "LCLXWZOUGYUVURHU6E77FQODXLY",
                                 "file_name": [ "html", "html_OLTLLTZ4V2UUBPYVAG7EDWIZXM"]
                              

                              } 

                            ],
                           "LE6E2O4DD5JYEXATW56O7JT3C4A":[
                          
                           
                            {
                              
                                 "component_name": "html",
                                 "component_id": "L52XO2UBQBDOEPKNTLJQMILWVPU",
                                 "file_name": [ "html", "html_OLTLLTZ4V2UUBPYVAG7EDWIZXM"]
                              

                              } 

                            ],
                           "LQZTTCW6MJ2EUHMHF4UKHCN62KQ":[
                          
                           
                            {
                              
                                 "component_name": "html",
                                 "component_id": "LKZNWCQGJ3SJUXEANL6RAEIJB4Y",
                                 "file_name": [ "html", "html_OLTLLTZ4V2UUBPYVAG7EDWIZXM"]
                              

                              } 

                            ],
                           "LK6ENQMAF3JAETGNQDNOYXKU34Q":[
                          
                           
                            {
                              
                                 "component_name": "html",
                                 "component_id": "L53OYIHRI3T6U5NJ3CCYQDFV6WM",
                                 "file_name": [ "html", "html_OLTLLTZ4V2UUBPYVAG7EDWIZXM"]
                              

                              } 

                            ],
                           "LC4DLV3D4DVFEDCRPJJVU7N674M":[
                          
                           
                            {
                              
                                 "component_name": "html",
                                 "component_id": "LBBTIBPJKBNOUVPWWQQ4FG6F2SQ",
                                 "file_name": [ "html", "html_OLTLLTZ4V2UUBPYVAG7EDWIZXM"]
                              

                              } 

                            ],
                           "LFKB3S2KBA2LUPL5F5FYEWWFYWQ":[
                          
                           
                            {
                              
                                 "component_name": "section",
                                 "component_id": "LTVP23S3BFM7E3PEIE5TS537HEY",
                                 "file_name": [ "section", "section_OLTLLTZ4V2UUBPYVAG7EDWIZXM"]
                              

                              } 

                            ],
                           "LVFAWXBOT735UBIDKMWKJ36C2L4":[
                          
                           
                            {
                              
                                    "component_name": "table",
                                    "component_id": "LTV2ZFQZHNKPU5E2CHDHGTIHFXQ",
                                   "file_name": [ "table", "table_OLTLLTZ4V2UUBPYVAG7EDWIZXM"] 
                                   

                              } ,
                            {
                              
                                 "component_name": "chart",
                                  "component_id": "LSQNLEKUTFFFERMCXRB3EDAFELE",
                                  "file_name": [ "bar_graph", "bar_graph_OLTLLTZ4V2UUBPYVAG7EDWIZXM"]
                               

                              } 

                            ],
                           "LGHCQLQC4EPJE5CWSNX7MYUMXCU":[
                          
                           
                            {
                              
                                 "component_name": "html",
                                 "component_id": "LRF46CZPELRGUXLQFAOM6WVLSVE",
                                 "file_name": [ "html", "html_OLTLLTZ4V2UUBPYVAG7EDWIZXM"]
                              

                              } 

                            ],
                           "LGAS344TCISNUNGTRDKUXL7WM4A":[
                          
                           
                            {
                              
                                 "component_name": "html",
                                 "component_id": "LXI6LYRDEFQXEPD3EAJS35FXZDA",
                                 "file_name": [ "html", "html_OLTLLTZ4V2UUBPYVAG7EDWIZXM"]
                              

                              } 

                            ],
                           "LJR4CY4HWQCBE7GGQ4JI6XLP67A":[
                          
                           
                            {
                              
                                 "component_name": "html",
                                 "component_id": "L456NOQ5ARRIENEOTEKHO4P6CGM",
                                 "file_name": [ "html", "html_OLTLLTZ4V2UUBPYVAG7EDWIZXM"]
                              

                              } 

                            ],
                           "LLIYAM5IM75KEPCVGONOJEPPEUU":[
                          
                           
                            {
                              
                                 "component_name": "html",
                                 "component_id": "LJST2XXIIXSAUZEZSBLX7NVKY6Y",
                                 "file_name": [ "html", "html_OLTLLTZ4V2UUBPYVAG7EDWIZXM"]
                              

                              } 

                            ],
                           "LGATHFM4BYV3ERLLPFM45AWQIK4":[
                          
                           
                            {
                              
                                 "component_name": "html",
                                 "component_id": "LJHMFOF6VILOUFH3LI757PGRZDI",
                                 "file_name": [ "html", "html_OLTLLTZ4V2UUBPYVAG7EDWIZXM"]
                              

                              } 

                            ],
                           "LHXFNNZD4W37ENHPODAMXXAWGPQ":[
                          
                           
                            {
                              
                                 "component_name": "html",
                                 "component_id": "LJ362YWRSH2IUBADIPRDCLSZUG4",
                                 "file_name": [ "html", "html_OLTLLTZ4V2UUBPYVAG7EDWIZXM"]
                              

                              } 

                            ],
                           "LCFG3GBOO3IJUBNBBEQLYJA5RLQ":[
                          
                           
                            {
                              
                                 "component_name": "html",
                                 "component_id": "LVINQQ2Y35GKEFOHOZVTJA7IYCU",
                                 "file_name": [ "html", "html_OLTLLTZ4V2UUBPYVAG7EDWIZXM"]
                              

                              } 

                            ],
                           "LXBYD7YIBSJPUHJQWYEFSW4GV5I":[
                          
                           
                            {
                              
                                 "component_name": "html",
                                 "component_id": "L54KCSUHEX6LUDCQGDBDE4AH654",
                                 "file_name": [ "html", "html_OLTLLTZ4V2UUBPYVAG7EDWIZXM"]
                              

                              } 

                            ],
                           "LXYPNUNFT336ETC5JKD3ST4P3QY":[
                          
                           
                            {
                              
                                 "component_name": "html",
                                 "component_id": "LODW3VSQ5HJMULJK7QHECN774K4",
                                 "file_name": [ "html", "html_OLTLLTZ4V2UUBPYVAG7EDWIZXM"]
                              

                              } 

                            ],
                           "LXLQHZZPEAFZERK2TRFDXVYVV6E":[
                          
                           
                            {
                              
                                 "component_name": "html",
                                 "component_id": "LFTRKFZVN5TKUTEZ3QNHXM7RIE4",
                                 "file_name": [ "html", "html_OLTLLTZ4V2UUBPYVAG7EDWIZXM"]
                              

                              } 

                            ],
                           "LQPGBLX7KOQYUBH3OWMUHXWHWZE":[
                          
                           
                            {
                              
                                 "component_name": "html",
                                 "component_id": "LZWGMRCFIPYAERBUNRUHEAA3FBA",
                                 "file_name": [ "html", "html_OLTLLTZ4V2UUBPYVAG7EDWIZXM"]
                              

                              } 

                            ],
                           "LMRECZORF2MPEJM42GG24UA2WJE":[
                          
                           
                            {
                              
                                 "component_name": "section",
                                 "component_id": "LFCXURGOJDKIENNH3NYG2L7FYRY",
                                 "file_name": [ "section", "section_OLTLLTZ4V2UUBPYVAG7EDWIZXM"]
                              

                              } 

                            ],
                           "LXSBSUPIMW3AURFBS2DSQD2BQBA":[
                          
                           
                            {
                              
                                    "component_name": "table",
                                    "component_id": "LGUIE33X7UMHUBNY4M6RAW4RQQA",
                                   "file_name": [ "table", "table_OLTLLTZ4V2UUBPYVAG7EDWIZXM"] 
                                   

                              } ,
                            {
                              
                                 "component_name": "chart",
                                  "component_id": "LUKN5NRO2PRMEJES47O7ZLWCUIY",
                                  "file_name": [ "bar_graph", "bar_graph_OLTLLTZ4V2UUBPYVAG7EDWIZXM"]
                               

                              } 

                            ],
                           "LSR3OAH2IOZ7URKHE7LGFHKQ6LY":[
                          
                           
                            {
                              
                                 "component_name": "html",
                                 "component_id": "LZ2GWQQEMETTENCBPKUV5Y4PFLY",
                                 "file_name": [ "html", "html_OLTLLTZ4V2UUBPYVAG7EDWIZXM"]
                              

                              } 

                            ],
                           "L353ZWEM5ZZXERNCIKYWUCFJET4":[
                          
                           
                            {
                              
                                 "component_name": "html",
                                 "component_id": "LSXIZIIJYQC5E5EPLLXHWOQHWPE",
                                 "file_name": [ "html", "html_OLTLLTZ4V2UUBPYVAG7EDWIZXM"]
                              

                              } 

                            ],
                           "LIHLELS72C3RELDMD7CD6SVWZ74":[
                          
                           
                            {
                              
                                 "component_name": "html",
                                 "component_id": "LD5LWD7FTREUENJ66A7XKRCDZ4Y",
                                 "file_name": [ "html", "html_OLTLLTZ4V2UUBPYVAG7EDWIZXM"]
                              

                              } 

                            ],
                           "L6SROMW7OW74EDIE2T3BNPK65V4":[
                          
                           
                            {
                              
                                 "component_name": "html",
                                 "component_id": "LKWMII56YDCHULKEMOKKLIKI2V4",
                                 "file_name": [ "html", "html_OLTLLTZ4V2UUBPYVAG7EDWIZXM"]
                              

                              } 

                            ],
                           "L2U2OMNDVHCIEPKNQMFS52SX52A":[
                          
                           
                            {
                              
                                 "component_name": "html",
                                 "component_id": "LMNQMZXQN7A3UPGQGEV2UMYBQYI",
                                 "file_name": [ "html", "html_OLTLLTZ4V2UUBPYVAG7EDWIZXM"]
                              

                              } 

                            ],
                           "LQ2VOQE2NW5NELEJNNOGJEORXEE":[
                          
                           
                            {
                              
                                 "component_name": "html",
                                 "component_id": "LRIM3QRTLPVLUJBG6VB6D55GEYQ",
                                 "file_name": [ "html", "html_OLTLLTZ4V2UUBPYVAG7EDWIZXM"]
                              

                              } 

                            ],
                           "LDQSQBNTW42KUTLBRVUPLPRC3J4":[
                          
                           
                            {
                              
                                 "component_name": "html",
                                 "component_id": "LUTGSSSQBPXVUJMKY2VJEA7JFTM",
                                 "file_name": [ "html", "html_OLTLLTZ4V2UUBPYVAG7EDWIZXM"]
                              

                              } 

                            ],
                           "LSVQEMQ3Z5FOUDFMHTTB2UV4XII":[
                          
                           
                            {
                              
                                 "component_name": "html",
                                 "component_id": "LC5MLHTLAKYCUFAXL6SITSLFFJE",
                                 "file_name": [ "html", "html_OLTLLTZ4V2UUBPYVAG7EDWIZXM"]
                              

                              } 

                            ],
                           "LYIIAKMMJU6YUZJCVR374KLUEZU":[
                          
                           
                            {
                              
                                 "component_name": "html",
                                 "component_id": "LRKYEQ47MF4SU3JD3EHJKJL5CCY",
                                 "file_name": [ "html", "html_OLTLLTZ4V2UUBPYVAG7EDWIZXM"]
                              

                              } 

                            ],
                           "L3BQMC3MBHZ2UZOQOWNFLRUZZO4":[
                          
                           
                            {
                              
                                 "component_name": "section",
                                 "component_id": "LVNNQVVKJCRGUNGNMQ5GUNYHG7M",
                                 "file_name": [ "section", "section_OLTLLTZ4V2UUBPYVAG7EDWIZXM"]
                              

                              } 

                            ],
                           "L2Q5PI7J6Y3IU5PVWVFMN7MFRHA":[
                          
                           
                            {
                              
                                    "component_name": "table",
                                    "component_id": "LX3WDB2TZPXAEBDNHWMTLBMZE6E",
                                   "file_name": [ "table", "table_OLTLLTZ4V2UUBPYVAG7EDWIZXM"] 
                                   

                              } ,
                            {
                              
                                 "component_name": "chart",
                                  "component_id": "L45UIZGNICQFUVFQ6J7JL5WLLAQ",
                                  "file_name": [ "bar_graph", "bar_graph_OLTLLTZ4V2UUBPYVAG7EDWIZXM"]
                               

                              } 

                            ],
                           "LNUYEBZL6SBTU5BWWIC7ANYZLFI":[
                          
                           
                            {
                              
                                 "component_name": "html",
                                 "component_id": "LDZXZQIJBTRWETDZKGTQAFITZN4",
                                 "file_name": [ "html", "html_OLTLLTZ4V2UUBPYVAG7EDWIZXM"]
                              

                              } 

                            ],
                           "LXURTOKNUPVGEZKMV5PXGQAPYSY":[
                          
                           
                            {
                              
                                 "component_name": "html",
                                 "component_id": "LDZ7HFTQPVRIUBB26T6Z3DARLTM",
                                 "file_name": [ "html", "html_OLTLLTZ4V2UUBPYVAG7EDWIZXM"]
                              

                              } 

                            ],
                           "LVL3EIVHOUHWE5D7L57A3L7PY6Y":[
                          
                           
                            {
                              
                                 "component_name": "html",
                                 "component_id": "LOPIRKTAQ4VPUFK3FXAONVNUKMU",
                                 "file_name": [ "html", "html_OLTLLTZ4V2UUBPYVAG7EDWIZXM"]
                              

                              } 

                            ],
                           "LKVTFOELS7OFUBEDJHFR6LU2ZOI":[
                          
                           
                            {
                              
                                 "component_name": "html",
                                 "component_id": "L3SSZVCF4Z37ULEJGQORA6QNEOI",
                                 "file_name": [ "html", "html_OLTLLTZ4V2UUBPYVAG7EDWIZXM"]
                              

                              } 

                            ],
                           "LZNZDBFCLNOEUDD3IVIEVDXUZFE":[
                          
                           
                            {
                              
                                 "component_name": "html",
                                 "component_id": "LABJZ6GWMLKRERH3UQDWF2LONBA",
                                 "file_name": [ "html", "html_OLTLLTZ4V2UUBPYVAG7EDWIZXM"]
                              

                              } 

                            ],
                           "LIPP6KEMR4VOUPG5UQMFE5XT4IY":[
                          
                           
                            {
                              
                                 "component_name": "html",
                                 "component_id": "LK3VNRMCTUHIUZLKYB5HQFNPCRQ",
                                 "file_name": [ "html", "html_OLTLLTZ4V2UUBPYVAG7EDWIZXM"]
                              

                              } 

                            ],
                           "LYETUJKWCP27EHH2X3T6FV44CBE":[
                          
                           
                            {
                              
                                 "component_name": "html",
                                 "component_id": "L2SBJPFIHZ6BETLWP724JVSIC6M",
                                 "file_name": [ "html", "html_OLTLLTZ4V2UUBPYVAG7EDWIZXM"]
                              

                              } 

                            ],
                           "LM74KZ5TDLVVEDKC2T342BT4PWM":[
                          
                           
                            {
                              
                                 "component_name": "html",
                                 "component_id": "LJDLLWV5LH7NEPBJ5NKHS6VEZGQ",
                                 "file_name": [ "html", "html_OLTLLTZ4V2UUBPYVAG7EDWIZXM"]
                              

                              } 

                            ],
                           "LADSBLEPTHVOEVIPJYLDPSH5Y6M":[
                          
                           
                            {
                              
                                 "component_name": "html",
                                 "component_id": "L6TGX3P4ZLYREJMLXCKJONMT6PU",
                                 "file_name": [ "html", "html_OLTLLTZ4V2UUBPYVAG7EDWIZXM"]
                              

                              } 

                            ],
                           "LY6IQXV5JCP4EPEOCCGRAEEHKME":[
                          
                           
                            {
                              
                                 "component_name": "html",
                                 "component_id": "LAJ7AMPS6O4JULC5LDTHM7UUFRQ",
                                 "file_name": [ "html", "html_OLTLLTZ4V2UUBPYVAG7EDWIZXM"]
                              

                              } 

                            ],
                           "LRDQODTR32W2EXK2W3XSX7DFH5U":[
                          
                           
                            {
                              
                                 "component_name": "html",
                                 "component_id": "LONYYUNYBEK3UNMIKU2MKPQCCHE",
                                 "file_name": [ "html", "html_OLTLLTZ4V2UUBPYVAG7EDWIZXM"]
                              

                              } 

                            ],
                           "LIQQSMBFUEXTE5KIBL3M3AMUWFY":[
                          
                           
                            {
                              
                                 "component_name": "section",
                                 "component_id": "LEAUIUVU7HXWEXJ4A5SMKH6C7WY",
                                 "file_name": [ "section", "section_OLTLLTZ4V2UUBPYVAG7EDWIZXM"]
                              

                              } 

                            ],
                           "L5Q72KFQYMUNU7K6FRIJCNDY27U":[
                          
                           
                            {
                              
                                    "component_name": "table",
                                    "component_id": "L5PWKEX3ENMLUHAXF7Q5JX4AGXE",
                                   "file_name": [ "table", "table_OLTLLTZ4V2UUBPYVAG7EDWIZXM"] 
                                   

                              } ,
                            {
                              
                                 "component_name": "chart",
                                  "component_id": "LB2F6WFNCQ4BUXDWUVPT5UNAAS4",
                                  "file_name": [ "bar_graph", "bar_graph_OLTLLTZ4V2UUBPYVAG7EDWIZXM"]
                               

                              } 

                            ],
                           "LQMVSYP5QFE4UXKOA32T7DY3HPA":[
                          
                           
                            {
                              
                                 "component_name": "html",
                                 "component_id": "LG4ATXQ5UCUOU3CT22KAOKMKBBY",
                                 "file_name": [ "html", "html_OLTLLTZ4V2UUBPYVAG7EDWIZXM"]
                              

                              } 

                            ],
                           "LXGDXFDPF5A7EDKKGEP4VACHHFQ":[
                          
                           
                            {
                              
                                 "component_name": "html",
                                 "component_id": "LO32GO5MRM5PEJGDCBZTIC5IQRQ",
                                 "file_name": [ "html", "html_OLTLLTZ4V2UUBPYVAG7EDWIZXM"]
                              

                              } 

                            ],
                           "LA7BNGMDDEOPULGQXVLVYJHPQ24":[
                          
                           
                            {
                              
                                 "component_name": "html",
                                 "component_id": "L2F4X6IURAMDEPLDNFAV7UK2AYI",
                                 "file_name": [ "html", "html_OLTLLTZ4V2UUBPYVAG7EDWIZXM"]
                              

                              } 

                            ],
                           "L6NPBEBIA2A7UBPS5OF6QSZBDXU":[
                          
                           
                            {
                              
                                 "component_name": "html",
                                 "component_id": "LOTOTJETTC6JU7AS23ZLIQFOUXY",
                                 "file_name": [ "html", "html_OLTLLTZ4V2UUBPYVAG7EDWIZXM"]
                              

                              } 

                            ],
                           "L6XWCHKXEWSIE5PKOOXZNADSFVM":[
                          
                           
                            {
                              
                                 "component_name": "html",
                                 "component_id": "LVZMDHEZHUWWUVI7S6DYNRZXTNU",
                                 "file_name": [ "html", "html_OLTLLTZ4V2UUBPYVAG7EDWIZXM"]
                              

                              } 

                            ],
                           "L44PMZHYUQUAEDNR5SSKBUPRFFY":[
                          
                           
                            {
                              
                                 "component_name": "html",
                                 "component_id": "LCERF4VIU4CWUZC6AFLHANSRMPU",
                                 "file_name": [ "html", "html_OLTLLTZ4V2UUBPYVAG7EDWIZXM"]
                              

                              } 

                            ],
                           "LCJNRWEY4XYREPFNE2AVGIAUIWM":[
                          
                           
                            {
                              
                                 "component_name": "html",
                                 "component_id": "LS7JKW5CL7ZMU3HH4INSWRE6GBM",
                                 "file_name": [ "html", "html_OLTLLTZ4V2UUBPYVAG7EDWIZXM"]
                              

                              } 

                            ],
                           "LN67ZBP4U5QMEBL5W4RZN34MCFY":[
                          
                           
                            {
                              
                                 "component_name": "html",
                                 "component_id": "LLXIOW6FQ6OAUZJURL2RK3UIIZU",
                                 "file_name": [ "html", "html_OLTLLTZ4V2UUBPYVAG7EDWIZXM"]
                              

                              } 

                            ],
                           "LDARCLXEHIGAUHLHAD37HWZ26QI":[
                          
                           
                            {
                              
                                 "component_name": "html",
                                 "component_id": "LDW6CBNLIP4MEXDHYSEIBIUJHFI",
                                 "file_name": [ "html", "html_OLTLLTZ4V2UUBPYVAG7EDWIZXM"]
                              

                              } 

                            ],
                           "LUPUUZRAQNKREFEZACM7RGOCSBM":[
                          
                           
                            {
                              
                                 "component_name": "html",
                                 "component_id": "L2VUGO65ZUZTEJIPLQ4CE42Y2BQ",
                                 "file_name": [ "html", "html_OLTLLTZ4V2UUBPYVAG7EDWIZXM"]
                              

                              } 

                            ],
                           "LKJ7DPZBU7VYUTKMEYFR443XIYA":[
                          
                           
                            {
                              
                                 "component_name": "html",
                                 "component_id": "LJCJWVU3WIZXUVFX4LFZ3RU26N4",
                                 "file_name": [ "html", "html_OLTLLTZ4V2UUBPYVAG7EDWIZXM"]
                              

                              } 

                            ],
                           "LUH5YBKAR7ZVU5MTMTEHZ3HW35E":[
                          
                           
                            {
                              
                                 "component_name": "section",
                                 "component_id": "L56WPOLGE5CKURHNLJR7QNNH5VU",
                                 "file_name": [ "section", "section_OLTLLTZ4V2UUBPYVAG7EDWIZXM"]
                              

                              } 

                            ],
                           "L5X6KLFU2HNXU5K36OBWJR6T5YA":[
                          
                           
                            {
                              
                                    "component_name": "table",
                                    "component_id": "LKYSK3TXKYZTUPMEZ2GJZMGRHJY",
                                   "file_name": [ "table", "table_OLTLLTZ4V2UUBPYVAG7EDWIZXM"] 
                                   

                              } ,
                            {
                              
                                 "component_name": "chart",
                                  "component_id": "L6S7NJMFYJZLUJAID2WYAZACDTU",
                                  "file_name": [ "bar_graph", "bar_graph_OLTLLTZ4V2UUBPYVAG7EDWIZXM"]
                               

                              } 

                            ],
                           "LKQXNBABAVS2EDEJ5UAHE37YAFY":[
                          
                           
                            {
                              
                                 "component_name": "html",
                                 "component_id": "L3VURVCJ4FUCU3DNVH2ZN4HPFJE",
                                 "file_name": [ "html", "html_OLTLLTZ4V2UUBPYVAG7EDWIZXM"]
                              

                              } 

                            ],
                           "LBJ32NFGDL5SUFLI3ECUN6ZUQCA":[
                          
                           
                            {
                              
                                 "component_name": "html",
                                 "component_id": "LZ6D2P5F4XCMUNFOOYK3JRSTGDQ",
                                 "file_name": [ "html", "html_OLTLLTZ4V2UUBPYVAG7EDWIZXM"]
                              

                              } 

                            ],
                           "LUN5XTDR5XJ7U5OJD2USE7OLGZA":[
                          
                           
                            {
                              
                                 "component_name": "html",
                                 "component_id": "LWTKBFRBFBWKU5CY77MVJFWENNU",
                                 "file_name": [ "html", "html_OLTLLTZ4V2UUBPYVAG7EDWIZXM"]
                              

                              } 

                            ],
                           "L4CIXDMFC4P2UZISP37U35UVDFA":[
                          
                           
                            {
                              
                                 "component_name": "html",
                                 "component_id": "LBTSRFU6TJVCUTOGUI3NBGHEFJU",
                                 "file_name": [ "html", "html_OLTLLTZ4V2UUBPYVAG7EDWIZXM"]
                              

                              } 

                            ],
                           "LEEDWE5QSG2WEDERBGBEVPYV2ZM":[
                          
                           
                            {
                              
                                 "component_name": "html",
                                 "component_id": "LLJZCUASZY67EVCOARZ6Y7QGIRQ",
                                 "file_name": [ "html", "html_OLTLLTZ4V2UUBPYVAG7EDWIZXM"]
                              

                              } 

                            ],
                           "LED3HYEUQ3JEUHNXCRI5STP6DTM":[
                          
                           
                            {
                              
                                 "component_name": "html",
                                 "component_id": "LZAB67FXGW3JEJAF2PMDNMXB4EI",
                                 "file_name": [ "html", "html_OLTLLTZ4V2UUBPYVAG7EDWIZXM"]
                              

                              } 

                            ],
                           "LNPOBNOIOF5IEXA4NYBZX7URLHQ":[
                          
                           
                            {
                              
                                 "component_name": "html",
                                 "component_id": "LJ7E5HMLB2RGEZOASQHJK4FZLF4",
                                 "file_name": [ "html", "html_OLTLLTZ4V2UUBPYVAG7EDWIZXM"]
                              

                              } 

                            ],
                           "LLA6K37MJ4FCEHHZNMNQRSNNJI4":[
                          
                           
                            {
                              
                                 "component_name": "html",
                                 "component_id": "LFARGI7WKJHPETKF64UJ54JGU4I",
                                 "file_name": [ "html", "html_OLTLLTZ4V2UUBPYVAG7EDWIZXM"]
                              

                              } 

                            ],
                           "LSTAOJEUFUI5UDOFKWOFBKKRAOE":[
                          
                           
                            {
                              
                                 "component_name": "html",
                                 "component_id": "LGDF4FRZXA3HULIER36BHNMPBFQ",
                                 "file_name": [ "html", "html_OLTLLTZ4V2UUBPYVAG7EDWIZXM"]
                              

                              } 

                            ],
                           "LZTEI5OF7F2DERA6LGLV67Z64UM":[
                          
                           
                            {
                              
                                 "component_name": "html",
                                 "component_id": "L4CLINFIB3O7UNKZRCGU6R5Z3HE",
                                 "file_name": [ "html", "html_OLTLLTZ4V2UUBPYVAG7EDWIZXM"]
                              

                              } 

                            ],
                           "LVFCWEUL4BROUTCOEP4A7XERGIA":[
                          
                           
                            {
                              
                                 "component_name": "html",
                                 "component_id": "L7CAMMNMYQTKELIVDSPUIBWQRF4",
                                 "file_name": [ "html", "html_OLTLLTZ4V2UUBPYVAG7EDWIZXM"]
                              

                              } 

                            ],
                           "LYFVQMRVQVNEUPKWDVOSNXJCG6M":[
                          
                           
                            {
                              
                                 "component_name": "section",
                                 "component_id": "LTVIKD2PHFAFU3MQN53PR4VGADQ",
                                 "file_name": [ "section", "section_OLTLLTZ4V2UUBPYVAG7EDWIZXM"]
                              

                              } 

                            ],
                           "LS6ZTOFSXFBZUBA6SNPL3FHMSOI":[
                          
                           
                            {
                              
                                 "component_name": "chart",
                                  "component_id": "L6LGZMHF2NFOUDFFAYJ4GGHQC6M",
                                  "file_name": [ "bar_graph", "bar_graph_OLTLLTZ4V2UUBPYVAG7EDWIZXM"]
                               

                              } 

                            ],
                           "LZ5RNMYNXZ3LEZC77SSTTDACGDI":[
                          
                           
                            {
                              
                                 "component_name": "html",
                                 "component_id": "LYJQ5JGAVKX4EZCGSGMCLH7QGTI",
                                 "file_name": [ "html", "html_OLTLLTZ4V2UUBPYVAG7EDWIZXM"]
                              

                              } 

                            ]

         }
      }

    