
    {
    "image_hotspot": {
             
                "LVDKCJ2OX35YUREXYYP7PAPGDDQ":
                 {
                  "image_id":"LJGIENWS3HYFUVBY774Z74NDSM4",
                  "url":"../../source/LJGIENWS3HYFUVBY774Z74NDSM4/screenshot-app.zeplin.io-2019.10.31-15-12-42.png",
                  "width":
                                    null
                                  , 
                  "position": null,
                  
                  "statement":{
                               "content": [
                                          {
                                              "component_name": "section",
                                              "component_id": "LWL7E6UUZOLAEPBIYEYKB2FOO4E",
                                              "file_name": [ "section", "section_OLTLLTZ4V2UUBPYVAG7EDWIZXM"]
                                          }
                                      ]
                              },
                  
                  "hotspots":[
                 
                  {
                   "hotspot_id": 0,
                   "coordinates": "65,350,172,394",
                   
                         "id": "LGFT3JASCLXUEZFX3JXOYNOWII4",
                         "hotspot_name": "",
                         "multiline":false
                   },
                  {
                   "hotspot_id": 1,
                   "coordinates": "283,149,387,191",
                   
                         "id": "L6HC7WYCXETHEJNXNZNOAKS567Q",
                         "hotspot_name": "",
                         "multiline":false
                   },
                  {
                   "hotspot_id": 2,
                   "coordinates": "497,351,605,395",
                   
                         "id": "LKYE7TBBGBP2ETJPTQS6AXQCLZM",
                         "hotspot_name": "",
                         "multiline":false
                   },
                  {
                   "hotspot_id": 3,
                   "coordinates": "714,147,822,191",
                   
                         "id": "LGMBU6UIDGRCEXHOA7PTQOHDJAU",
                         "hotspot_name": "",
                         "multiline":false
                   },
                  {
                   "hotspot_id": 4,
                   "coordinates": "927,350,1035,394",
                   
                         "id": "LKF77APDR2K7UPGLG7NIPNGCSEY",
                         "hotspot_name": "",
                         "multiline":false
                   },
                  {
                   "hotspot_id": 5,
                   "coordinates": "11,13,227,216",
                   
                         "id": "LYA3YU32BB3EEJKIOI2NXXUW5AU",
                         "hotspot_name": "",
                         "multiline":true
                   },
                  {
                   "hotspot_id": 6,
                   "coordinates": "227,294,441,497",
                   
                         "id": "LLQGCFSVAQRYUJHKERZ2BE762AA",
                         "hotspot_name": "",
                         "multiline":true
                   },
                  {
                   "hotspot_id": 7,
                   "coordinates": "445,14,658,218",
                   
                         "id": "L2JMNVHQEP2CUBHINPFJL67Y52M",
                         "hotspot_name": "",
                         "multiline":true
                   },
                  {
                   "hotspot_id": 8,
                   "coordinates": "876,13,1091,218",
                   
                         "id": "LG6TR665HMAIUXDJ46J6DBQYYSQ",
                         "hotspot_name": "",
                         "multiline":true
                   },
                  {
                   "hotspot_id": 9,
                   "coordinates": "661,294,876,497",
                   
                         "id": "LYP5EW7EHD44URARF2N4J4X5LCE",
                         "hotspot_name": "",
                         "multiline":true
                   }
                   ]
                  }
        }
     }

    