
      {
      "html": {
                  
                
                      "L4CMOAW43EIPUBMWAUWAPZ4UMR4": {
                            "data": {
                                "content": "Description",
                                "classes": "html-content-text"
                            }
                             
                        }
                      ,
                
                      "L3CEDXKCSP5UEFEBVHX2GB76FWE": {
                            "data": {
                                "content": "First attempt",
                                "classes": "html-content-text"
                            }
                             
                        }
                      ,
                
                      "LFC75KT5KSPPE5MKGZSIX43CLMQ": {
                            "data": {
                                "content": "Second attempt",
                                "classes": "html-content-text"
                            }
                             
                        }
                      ,
                
                      "LTGCBIVKTBIZUFDNWHN23VUFKOE": {
                            "data": {
                                "content": "Third attempt",
                                "classes": "html-content-text"
                            }
                             
                        }
                      ,
                
                      "LMP6U3DRXE5YEVIAIN3WSSIDIQA": {
                            "data": {
                                "content": "Did I include all the parts of the personal profile?",
                                "classes": "html-content-text"
                            }
                             
                        }
                      ,
                
                      "LR7LPAGITHQ4UBFE5JDQD673HVE": {
                            "data": {
                                "content": "Select if you did on the first attempt.",
                                "classes": "html-content-text"
                            }
                             
                        }
                      ,
                
                      "LIYAHFQBLICTEVIE5TBHKSGAO54": {
                            "data": {
                                "content": "Select if you did on the second attempt.",
                                "classes": "html-content-text"
                            }
                             
                        }
                      ,
                
                      "LV7O5C6SRCAXEROOW4ENTRW7UNQ": {
                            "data": {
                                "content": "Select if you did on the final attempt.",
                                "classes": "html-content-text"
                            }
                             
                        }
                      ,
                
                      "LTR4WZTEFYJBEXFOSBZLWFKIYOM": {
                            "data": {
                                "content": "Did I describe at least 2 of my personality traits?",
                                "classes": "html-content-text"
                            }
                             
                        }
                      ,
                
                      "LZG4SBMC7D4BEZAJKNNQLPNH77Q": {
                            "data": {
                                "content": "Select if you did on the first attempt.",
                                "classes": "html-content-text"
                            }
                             
                        }
                      ,
                
                      "LGJSDCEDG5EHE7K7VBUF6I72IW4": {
                            "data": {
                                "content": "Select if you did on the second attempt.",
                                "classes": "html-content-text"
                            }
                             
                        }
                      ,
                
                      "LDRCN5DYMRA3EZAVERKDIF7VITQ": {
                            "data": {
                                "content": "Select if you did on the final attempt.",
                                "classes": "html-content-text"
                            }
                             
                        }
                      ,
                
                      "LOXIKIFLJ4NOUDMTD7EA32RHN7U": {
                            "data": {
                                "content": "Did I describe things I like to do?",
                                "classes": "html-content-text"
                            }
                             
                        }
                      ,
                
                      "LCXLOXEDBMHTUPAF4PCNQ66XRG4": {
                            "data": {
                                "content": "Select if you did on the first attempt.",
                                "classes": "html-content-text"
                            }
                             
                        }
                      ,
                
                      "LYMH4I7WEOR6EJCQYDSDJMXZUR4": {
                            "data": {
                                "content": "Select if you did on the second attempt.",
                                "classes": "html-content-text"
                            }
                             
                        }
                      ,
                
                      "LSYZLTO7P2FIUTEJDZ4QOT4XCD4": {
                            "data": {
                                "content": "Select if you did on the final attempt.",
                                "classes": "html-content-text"
                            }
                             
                        }
                      ,
                
                      "LPH4FSJD5H2IE3BA7ZTG54RJGNU": {
                            "data": {
                                "content": "Description",
                                "classes": "html-content-text"
                            }
                             
                        }
                      ,
                
                      "LTK3HE7QPNA4ERC2YJ6BU7TEWUY": {
                            "data": {
                                "content": "First attempt",
                                "classes": "html-content-text"
                            }
                             
                        }
                      ,
                
                      "L5AARFI5YQMMEHHPI5RGA57VLNI": {
                            "data": {
                                "content": "Second attempt",
                                "classes": "html-content-text"
                            }
                             
                        }
                      ,
                
                      "L6LRSB7FDLTMU7FKO3X6O3XYIAA": {
                            "data": {
                                "content": "Third attempt",
                                "classes": "html-content-text"
                            }
                             
                        }
                      ,
                
                      "LP7OTYZ2AMJ7E5A5C2XK4BDNVHQ": {
                            "data": {
                                "content": "Comments",
                                "classes": "html-content-text"
                            }
                             
                        }
                      ,
                
                      "LTENSZTSFKRHUXENLJ43JD4FL7M": {
                            "data": {
                                "content": "Did I include all the parts of the personal profile?",
                                "classes": "html-content-text"
                            }
                             
                        }
                      ,
                
                      "LZFM77VJOPW4E5HISIWN2745GRQ": {
                            "data": {
                                "content": "Select if you did on the first attempt.",
                                "classes": "html-content-text"
                            }
                             
                        }
                      ,
                
                      "LOLLPHSR3MRXUFMMNRMF4CXXWTU": {
                            "data": {
                                "content": "Select if you did on the second attempt.",
                                "classes": "html-content-text"
                            }
                             
                        }
                      ,
                
                      "LYCFW4KK5OR7EFL46BBHEKDJYYQ": {
                            "data": {
                                "content": "Select if you did on the final attempt.",
                                "classes": "html-content-text"
                            }
                             
                        }
                      ,
                
                      "LUSVQE7NRXAUU3EE6MQICBWUAKU": {
                            "data": {
                                "content": "Did I describe at least 2 of my personality traits?",
                                "classes": "html-content-text"
                            }
                             
                        }
                      ,
                
                      "LVJ6E3HRU4IRE5AZ7E2PHXQD3FI": {
                            "data": {
                                "content": "Select if you did on the first attempt.",
                                "classes": "html-content-text"
                            }
                             
                        }
                      ,
                
                      "L24HQG6EVJY2UBBNCL3NOTEYASI": {
                            "data": {
                                "content": "Select if you did on the second attempt.",
                                "classes": "html-content-text"
                            }
                             
                        }
                      ,
                
                      "LHK5PFXA5TJREPNUCF7RNIUUAQE": {
                            "data": {
                                "content": "Select if you did on the final attempt.",
                                "classes": "html-content-text"
                            }
                             
                        }
                      ,
                
                      "LYZRQLKSDT5BUXGGNSTAZAPRE3Q": {
                            "data": {
                                "content": "Did I describe things I like to do?",
                                "classes": "html-content-text"
                            }
                             
                        }
                      ,
                
                      "LGUUXRFJEUS2U5HDAW3HQTZ6YHM": {
                            "data": {
                                "content": "Select if you did on the first attempt.",
                                "classes": "html-content-text"
                            }
                             
                        }
                      ,
                
                      "LHKWA44EJUX6E7ILFRO73NUHDJQ": {
                            "data": {
                                "content": "Select if you did on the second attempt.",
                                "classes": "html-content-text"
                            }
                             
                        }
                      ,
                
                      "L6MZSUPNRCU6UFNJ6RYHFHHPMUA": {
                            "data": {
                                "content": "Select if you did on the final attempt.",
                                "classes": "html-content-text"
                            }
                             
                        }
                      ,
                
                      "L7QJJEZGJHUDEPCVMRXBOC45C54": {
                            "data": {
                                "content": "Year",
                                "classes": "html-content-text"
                            }
                             
                        }
                      ,
                
                      "LXNE6A7LXHXCUFCKFR34XUSFMDA": {
                            "data": {
                                "content": "2004",
                                "classes": "html-content-text"
                            }
                             
                        }
                      ,
                
                      "LM4REZELU6CEUDG7QVS2VI3PLQ4": {
                            "data": {
                                "content": "2008",
                                "classes": "html-content-text"
                            }
                             
                        }
                      ,
                
                      "L7YOX6C55JAAERLO2TAET6NZZOY": {
                            "data": {
                                "content": "2012",
                                "classes": "html-content-text"
                            }
                             
                        }
                      ,
                
                      "LE2GL47AYMWRUVBEPKC2UNLNCWQ": {
                            "data": {
                                "content": "2016",
                                "classes": "html-content-text"
                            }
                             
                        }
                      ,
                
                      "L2KNJ6FORZ4WEZKGM4JCIPTWJPM": {
                            "data": {
                                "content": "Quantity",
                                "classes": "html-content-text"
                            }
                             
                        }
                      ,
                
                      "L33FM3UAGECSULJO5UIS6TUFEKQ": {
                            "data": {
                                "content": "4",
                                "classes": "html-content-text"
                            }
                             
                        }
                      ,
                
                      "LEZ474RDLKFSU7NLETR5PIMJD5U": {
                            "data": {
                                "content": "8",
                                "classes": "html-content-text"
                            }
                             
                        }
                      ,
                
                      "LVGTS32RPXTWE5MYZ4Z6D67QXAM": {
                            "data": {
                                "content": "2",
                                "classes": "html-content-text"
                            }
                             
                        }
                      ,
                
                      "LXHXOOSBC5FSEVGW6FYK53LEBGE": {
                            "data": {
                                "content": "4",
                                "classes": "html-content-text"
                            }
                             
                        }
                      ,
                
                      "LJ3ZCLSWW2QDEVPI7LQXNHQ5WUY": {
                            "data": {
                                "content": "Plot the above table &nbsp;",
                                "classes": "html-content-text"
                            }
                             
                        }
                      ,
                
                      "LGDFIOA4KOZLEVGWFRW7H5TX2QM": {
                            "data": {
                                "content": "Year",
                                "classes": "html-content-text"
                            }
                             
                        }
                      ,
                
                      "LEXYXNCXGIEXETASLVEBFUGQOQ4": {
                            "data": {
                                "content": "2004",
                                "classes": "html-content-text"
                            }
                             
                        }
                      ,
                
                      "L4EMEFQ2OKU4UNKKCYW7LPDBBZQ": {
                            "data": {
                                "content": "2008",
                                "classes": "html-content-text"
                            }
                             
                        }
                      ,
                
                      "L5AVKVHHSQ77UTKRNB5GEVLI4NM": {
                            "data": {
                                "content": "2012",
                                "classes": "html-content-text"
                            }
                             
                        }
                      ,
                
                      "LZBCT3XADVJRUNMSUQAJN2QKBBM": {
                            "data": {
                                "content": "2016",
                                "classes": "html-content-text"
                            }
                             
                        }
                      ,
                
                      "LJX32QSSGIQJELIR4CJLAFVPJZA": {
                            "data": {
                                "content": "Quantity",
                                "classes": "html-content-text"
                            }
                             
                        }
                      ,
                
                      "LCLXWZOUGYUVURHU6E77FQODXLY": {
                            "data": {
                                "content": "4",
                                "classes": "html-content-text"
                            }
                             
                        }
                      ,
                
                      "L52XO2UBQBDOEPKNTLJQMILWVPU": {
                            "data": {
                                "content": "8",
                                "classes": "html-content-text"
                            }
                             
                        }
                      ,
                
                      "LKZNWCQGJ3SJUXEANL6RAEIJB4Y": {
                            "data": {
                                "content": "2",
                                "classes": "html-content-text"
                            }
                             
                        }
                      ,
                
                      "L53OYIHRI3T6U5NJ3CCYQDFV6WM": {
                            "data": {
                                "content": "4",
                                "classes": "html-content-text"
                            }
                             
                        }
                      ,
                
                      "LBBTIBPJKBNOUVPWWQQ4FG6F2SQ": {
                            "data": {
                                "content": "Plot the above table&nbsp;&nbsp;",
                                "classes": "html-content-text"
                            }
                             
                        }
                      ,
                
                      "LRF46CZPELRGUXLQFAOM6WVLSVE": {
                            "data": {
                                "content": "Year",
                                "classes": "html-content-text"
                            }
                             
                        }
                      ,
                
                      "LXI6LYRDEFQXEPD3EAJS35FXZDA": {
                            "data": {
                                "content": "2004",
                                "classes": "html-content-text"
                            }
                             
                        }
                      ,
                
                      "L456NOQ5ARRIENEOTEKHO4P6CGM": {
                            "data": {
                                "content": "2008",
                                "classes": "html-content-text"
                            }
                             
                        }
                      ,
                
                      "LJST2XXIIXSAUZEZSBLX7NVKY6Y": {
                            "data": {
                                "content": "2012",
                                "classes": "html-content-text"
                            }
                             
                        }
                      ,
                
                      "LJHMFOF6VILOUFH3LI757PGRZDI": {
                            "data": {
                                "content": "2016",
                                "classes": "html-content-text"
                            }
                             
                        }
                      ,
                
                      "LJ362YWRSH2IUBADIPRDCLSZUG4": {
                            "data": {
                                "content": "Quantity",
                                "classes": "html-content-text"
                            }
                             
                        }
                      ,
                
                      "LVINQQ2Y35GKEFOHOZVTJA7IYCU": {
                            "data": {
                                "content": "4",
                                "classes": "html-content-text"
                            }
                             
                        }
                      ,
                
                      "L54KCSUHEX6LUDCQGDBDE4AH654": {
                            "data": {
                                "content": "8",
                                "classes": "html-content-text"
                            }
                             
                        }
                      ,
                
                      "LODW3VSQ5HJMULJK7QHECN774K4": {
                            "data": {
                                "content": "2",
                                "classes": "html-content-text"
                            }
                             
                        }
                      ,
                
                      "LFTRKFZVN5TKUTEZ3QNHXM7RIE4": {
                            "data": {
                                "content": "4",
                                "classes": "html-content-text"
                            }
                             
                        }
                      ,
                
                      "LZWGMRCFIPYAERBUNRUHEAA3FBA": {
                            "data": {
                                "content": "Plot the above table&nbsp;&nbsp;",
                                "classes": "html-content-text"
                            }
                             
                        }
                      ,
                
                      "LZ2GWQQEMETTENCBPKUV5Y4PFLY": {
                            "data": {
                                "content": "Year",
                                "classes": "html-content-text"
                            }
                             
                        }
                      ,
                
                      "LSXIZIIJYQC5E5EPLLXHWOQHWPE": {
                            "data": {
                                "content": "2008",
                                "classes": "html-content-text"
                            }
                             
                        }
                      ,
                
                      "LD5LWD7FTREUENJ66A7XKRCDZ4Y": {
                            "data": {
                                "content": "2012",
                                "classes": "html-content-text"
                            }
                             
                        }
                      ,
                
                      "LKWMII56YDCHULKEMOKKLIKI2V4": {
                            "data": {
                                "content": "2016",
                                "classes": "html-content-text"
                            }
                             
                        }
                      ,
                
                      "LMNQMZXQN7A3UPGQGEV2UMYBQYI": {
                            "data": {
                                "content": "Quantity",
                                "classes": "html-content-text"
                            }
                             
                        }
                      ,
                
                      "LRIM3QRTLPVLUJBG6VB6D55GEYQ": {
                            "data": {
                                "content": "8",
                                "classes": "html-content-text"
                            }
                             
                        }
                      ,
                
                      "LUTGSSSQBPXVUJMKY2VJEA7JFTM": {
                            "data": {
                                "content": "2",
                                "classes": "html-content-text"
                            }
                             
                        }
                      ,
                
                      "LC5MLHTLAKYCUFAXL6SITSLFFJE": {
                            "data": {
                                "content": "4",
                                "classes": "html-content-text"
                            }
                             
                        }
                      ,
                
                      "LRKYEQ47MF4SU3JD3EHJKJL5CCY": {
                            "data": {
                                "content": "Plot the above table &nbsp;",
                                "classes": "html-content-text"
                            }
                             
                        }
                      ,
                
                      "LDZXZQIJBTRWETDZKGTQAFITZN4": {
                            "data": {
                                "content": "Year",
                                "classes": "html-content-text"
                            }
                             
                        }
                      ,
                
                      "LDZ7HFTQPVRIUBB26T6Z3DARLTM": {
                            "data": {
                                "content": "2004",
                                "classes": "html-content-text"
                            }
                             
                        }
                      ,
                
                      "LOPIRKTAQ4VPUFK3FXAONVNUKMU": {
                            "data": {
                                "content": "2008",
                                "classes": "html-content-text"
                            }
                             
                        }
                      ,
                
                      "L3SSZVCF4Z37ULEJGQORA6QNEOI": {
                            "data": {
                                "content": "2012",
                                "classes": "html-content-text"
                            }
                             
                        }
                      ,
                
                      "LABJZ6GWMLKRERH3UQDWF2LONBA": {
                            "data": {
                                "content": "2016",
                                "classes": "html-content-text"
                            }
                             
                        }
                      ,
                
                      "LK3VNRMCTUHIUZLKYB5HQFNPCRQ": {
                            "data": {
                                "content": "Quantity",
                                "classes": "html-content-text"
                            }
                             
                        }
                      ,
                
                      "L2SBJPFIHZ6BETLWP724JVSIC6M": {
                            "data": {
                                "content": "4",
                                "classes": "html-content-text"
                            }
                             
                        }
                      ,
                
                      "LJDLLWV5LH7NEPBJ5NKHS6VEZGQ": {
                            "data": {
                                "content": "8",
                                "classes": "html-content-text"
                            }
                             
                        }
                      ,
                
                      "L6TGX3P4ZLYREJMLXCKJONMT6PU": {
                            "data": {
                                "content": "2",
                                "classes": "html-content-text"
                            }
                             
                        }
                      ,
                
                      "LAJ7AMPS6O4JULC5LDTHM7UUFRQ": {
                            "data": {
                                "content": "4",
                                "classes": "html-content-text"
                            }
                             
                        }
                      ,
                
                      "LONYYUNYBEK3UNMIKU2MKPQCCHE": {
                            "data": {
                                "content": "Plot the above table &nbsp;",
                                "classes": "html-content-text"
                            }
                             
                        }
                      ,
                
                      "LG4ATXQ5UCUOU3CT22KAOKMKBBY": {
                            "data": {
                                "content": "Year",
                                "classes": "html-content-text"
                            }
                             
                        }
                      ,
                
                      "LO32GO5MRM5PEJGDCBZTIC5IQRQ": {
                            "data": {
                                "content": "2004",
                                "classes": "html-content-text"
                            }
                             
                        }
                      ,
                
                      "L2F4X6IURAMDEPLDNFAV7UK2AYI": {
                            "data": {
                                "content": "2008",
                                "classes": "html-content-text"
                            }
                             
                        }
                      ,
                
                      "LOTOTJETTC6JU7AS23ZLIQFOUXY": {
                            "data": {
                                "content": "2012",
                                "classes": "html-content-text"
                            }
                             
                        }
                      ,
                
                      "LVZMDHEZHUWWUVI7S6DYNRZXTNU": {
                            "data": {
                                "content": "2016",
                                "classes": "html-content-text"
                            }
                             
                        }
                      ,
                
                      "LCERF4VIU4CWUZC6AFLHANSRMPU": {
                            "data": {
                                "content": "Quantity",
                                "classes": "html-content-text"
                            }
                             
                        }
                      ,
                
                      "LS7JKW5CL7ZMU3HH4INSWRE6GBM": {
                            "data": {
                                "content": "4",
                                "classes": "html-content-text"
                            }
                             
                        }
                      ,
                
                      "LLXIOW6FQ6OAUZJURL2RK3UIIZU": {
                            "data": {
                                "content": "8",
                                "classes": "html-content-text"
                            }
                             
                        }
                      ,
                
                      "LDW6CBNLIP4MEXDHYSEIBIUJHFI": {
                            "data": {
                                "content": "2",
                                "classes": "html-content-text"
                            }
                             
                        }
                      ,
                
                      "L2VUGO65ZUZTEJIPLQ4CE42Y2BQ": {
                            "data": {
                                "content": "4",
                                "classes": "html-content-text"
                            }
                             
                        }
                      ,
                
                      "LJCJWVU3WIZXUVFX4LFZ3RU26N4": {
                            "data": {
                                "content": "Plot the above table&nbsp;",
                                "classes": "html-content-text"
                            }
                             
                        }
                      ,
                
                      "L3VURVCJ4FUCU3DNVH2ZN4HPFJE": {
                            "data": {
                                "content": "Year",
                                "classes": "html-content-text"
                            }
                             
                        }
                      ,
                
                      "LZ6D2P5F4XCMUNFOOYK3JRSTGDQ": {
                            "data": {
                                "content": "2004",
                                "classes": "html-content-text"
                            }
                             
                        }
                      ,
                
                      "LWTKBFRBFBWKU5CY77MVJFWENNU": {
                            "data": {
                                "content": "2008",
                                "classes": "html-content-text"
                            }
                             
                        }
                      ,
                
                      "LBTSRFU6TJVCUTOGUI3NBGHEFJU": {
                            "data": {
                                "content": "2012",
                                "classes": "html-content-text"
                            }
                             
                        }
                      ,
                
                      "LLJZCUASZY67EVCOARZ6Y7QGIRQ": {
                            "data": {
                                "content": "2016",
                                "classes": "html-content-text"
                            }
                             
                        }
                      ,
                
                      "LZAB67FXGW3JEJAF2PMDNMXB4EI": {
                            "data": {
                                "content": "Quantity",
                                "classes": "html-content-text"
                            }
                             
                        }
                      ,
                
                      "LJ7E5HMLB2RGEZOASQHJK4FZLF4": {
                            "data": {
                                "content": "4",
                                "classes": "html-content-text"
                            }
                             
                        }
                      ,
                
                      "LFARGI7WKJHPETKF64UJ54JGU4I": {
                            "data": {
                                "content": "8",
                                "classes": "html-content-text"
                            }
                             
                        }
                      ,
                
                      "LGDF4FRZXA3HULIER36BHNMPBFQ": {
                            "data": {
                                "content": "2",
                                "classes": "html-content-text"
                            }
                             
                        }
                      ,
                
                      "L4CLINFIB3O7UNKZRCGU6R5Z3HE": {
                            "data": {
                                "content": "4",
                                "classes": "html-content-text"
                            }
                             
                        }
                      ,
                
                      "L7CAMMNMYQTKELIVDSPUIBWQRF4": {
                            "data": {
                                "content": "Plot the above table&nbsp;",
                                "classes": "html-content-text"
                            }
                             
                        }
                      ,
                
                      "LYJQ5JGAVKX4EZCGSGMCLH7QGTI": {
                            "data": {
                                "content": "Plot the following from <span class=\"math-tex\">\\(x = 0\\)</span> to<span class=\"math-tex\">\\( x = 4\\)</span> where <span class=\"math-tex\">\\(y = 2x + 1\\)</span>",
                                "classes": "html-content-text"
                            }
                             
                        }
                      
         }
      }

    