
                         {
                         "page":
                             {
                                 "page_id": 0,
                                 "page_title": "Template 5",
                                 "page_direction": "ltr",
                                 "subject_color": "#00abdc",
                                 "subject_name":"",
                                
                                 "content": [
                                    
                                     {
                                         "component_name": "section",
                                         "component_id": "LTJ7MYPN5U4LUFK2OLHRZFAQPSA",
                                         "file_name": [ "section", "section_OLTLLTZ4V2UUBPYVAG7EDWIZXM"]
                                     }
                                 ]
                            }
                          }
                          
    