    {
    "table": {
           
                "LQWBD5C74F34ETNYCD5PCSX3QPA":
                
                 {
                    "fullscreen": false,
                    "border": true,
                    "th":  { 
                     "id":  
                               "LZHUOX3O6FZNUTNG34VXEG7A6CQ"
                           ,
                    "cell_height": 30, 
                    "td":[
                              
                                {
                                   "column_id": "LKANFNWKJ6ITERJYXATR22WRTHA",
                                   "cell_width": "auto",
                                  "cell_span": 1,
                                  "alignment":
                                                 null
                                                ,
                                  "vertical_align":
                                                       null
                                                      ,
                                  "type":
                                             null
                                            ,
                                  "content": [
                                               
                                                         {                                              
                                                           "component_name": "html",
                                                           "component_id": "L4CMOAW43EIPUBMWAUWAPZ4UMR4",
                                                           "file_name": [ "html", "html_OLTLLTZ4V2UUBPYVAG7EDWIZXM"]
                                                          }
                                                
                                              ]                                     
                                  }
                              ,
                                {
                                   "column_id": "LHKWHLFVNFK6U7ABTISANZB7MZ4",
                                   "cell_width": "auto",
                                  "cell_span": 1,
                                  "alignment":"center",
                                  "vertical_align":
                                                       null
                                                      ,
                                  "type":"radio",
                                  "content": [
                                               
                                                         {                                              
                                                           "component_name": "html",
                                                           "component_id": "L3CEDXKCSP5UEFEBVHX2GB76FWE",
                                                           "file_name": [ "html", "html_OLTLLTZ4V2UUBPYVAG7EDWIZXM"]
                                                          }
                                                
                                              ]                                     
                                  }
                              ,
                                {
                                   "column_id": "LYCCIDAVPT36UZAWYKGMBGQKTAU",
                                   "cell_width": "auto",
                                  "cell_span": 1,
                                  "alignment":"center",
                                  "vertical_align":
                                                       null
                                                      ,
                                  "type":"radio",
                                  "content": [
                                               
                                                         {                                              
                                                           "component_name": "html",
                                                           "component_id": "LFC75KT5KSPPE5MKGZSIX43CLMQ",
                                                           "file_name": [ "html", "html_OLTLLTZ4V2UUBPYVAG7EDWIZXM"]
                                                          }
                                                
                                              ]                                     
                                  }
                              ,
                                {
                                   "column_id": "LYMICI6SZITQEFPVCILUS5EGTXU",
                                   "cell_width": "auto",
                                  "cell_span": 1,
                                  "alignment":"center",
                                  "vertical_align":
                                                       null
                                                      ,
                                  "type":"radio",
                                  "content": [
                                               
                                                         {                                              
                                                           "component_name": "html",
                                                           "component_id": "LTGCBIVKTBIZUFDNWHN23VUFKOE",
                                                           "file_name": [ "html", "html_OLTLLTZ4V2UUBPYVAG7EDWIZXM"]
                                                          }
                                                
                                              ]                                     
                                  }
                              
                        ]
                              }
                ,
                    "tr": [
                            
                                  {
                                   "row_id": 0,
                                   "id": "LX2D3ZPBIUWLUZOXJD7YIUVQZ4M",
                                   "cell_height": 30,
                                   "td" : [
                                           
                                              {
                                              "column_id": "LVOG4X5G3QEQUXNSM2M4T6RT6FQ",
                                              "cell_width": "auto",
                                              "cell_span": 1,
                                              "alignment":
                                                             null
                                                            ,
                                               "vertical_align":
                                                       null
                                                      ,
                                             "content": [
                                                          
                                                                           {                                              
                                                                             "component_name": "html",
                                                                             "component_id": "LMP6U3DRXE5YEVIAIN3WSSIDIQA",
                                                                             "file_name": [ "html", "html_OLTLLTZ4V2UUBPYVAG7EDWIZXM"]
                                                                            }
                                                                  
                                                     ]    
                                              },
                                              {
                                              "column_id": "LOBO7NDVZHYVURALB7S6KKSYKNU",
                                              "cell_width": "auto",
                                              "cell_span": 1,
                                              "alignment":"center",
                                               "vertical_align":
                                                       null
                                                      ,
                                             "content": [
                                                          
                                                                           {                                              
                                                                             "component_name": "html",
                                                                             "component_id": "LR7LPAGITHQ4UBFE5JDQD673HVE",
                                                                             "file_name": [ "html", "html_OLTLLTZ4V2UUBPYVAG7EDWIZXM"]
                                                                            }
                                                                  
                                                     ]    
                                              },
                                              {
                                              "column_id": "L2BBF76T5T5SUJLTDPCRXC4CEWM",
                                              "cell_width": "auto",
                                              "cell_span": 1,
                                              "alignment":"center",
                                               "vertical_align":
                                                       null
                                                      ,
                                             "content": [
                                                          
                                                                           {                                              
                                                                             "component_name": "html",
                                                                             "component_id": "LIYAHFQBLICTEVIE5TBHKSGAO54",
                                                                             "file_name": [ "html", "html_OLTLLTZ4V2UUBPYVAG7EDWIZXM"]
                                                                            }
                                                                  
                                                     ]    
                                              },
                                              {
                                              "column_id": "L6UQE7FI3GAHE3IFU3I6CD3KBO4",
                                              "cell_width": "auto",
                                              "cell_span": 1,
                                              "alignment":
                                                             null
                                                            ,
                                               "vertical_align":
                                                       null
                                                      ,
                                             "content": [
                                                          
                                                                           {                                              
                                                                             "component_name": "html",
                                                                             "component_id": "LV7O5C6SRCAXEROOW4ENTRW7UNQ",
                                                                             "file_name": [ "html", "html_OLTLLTZ4V2UUBPYVAG7EDWIZXM"]
                                                                            }
                                                                  
                                                     ]    
                                              }
                                           ]
                                    } 
                        ,
                                  {
                                   "row_id": 1,
                                   "id": "L4H44ZKFYJJ7ULMPL57U6XXHA3M",
                                   "cell_height": 30,
                                   "td" : [
                                           
                                              {
                                              "column_id": "L22H22YVDSJVENJLTQDUQ6OMWL4",
                                              "cell_width": "auto",
                                              "cell_span": 1,
                                              "alignment":
                                                             null
                                                            ,
                                               "vertical_align":
                                                       null
                                                      ,
                                             "content": [
                                                          
                                                                           {                                              
                                                                             "component_name": "html",
                                                                             "component_id": "LTR4WZTEFYJBEXFOSBZLWFKIYOM",
                                                                             "file_name": [ "html", "html_OLTLLTZ4V2UUBPYVAG7EDWIZXM"]
                                                                            }
                                                                  
                                                     ]    
                                              },
                                              {
                                              "column_id": "LHN5MWCPKNYNE3NBTFUCPWPEICE",
                                              "cell_width": "auto",
                                              "cell_span": 1,
                                              "alignment":
                                                             null
                                                            ,
                                               "vertical_align":
                                                       null
                                                      ,
                                             "content": [
                                                          
                                                                           {                                              
                                                                             "component_name": "html",
                                                                             "component_id": "LZG4SBMC7D4BEZAJKNNQLPNH77Q",
                                                                             "file_name": [ "html", "html_OLTLLTZ4V2UUBPYVAG7EDWIZXM"]
                                                                            }
                                                                  
                                                     ]    
                                              },
                                              {
                                              "column_id": "LN4XH6NUF62AUVJHUWIW7X5MMYQ",
                                              "cell_width": "auto",
                                              "cell_span": 1,
                                              "alignment":
                                                             null
                                                            ,
                                               "vertical_align":
                                                       null
                                                      ,
                                             "content": [
                                                          
                                                                           {                                              
                                                                             "component_name": "html",
                                                                             "component_id": "LGJSDCEDG5EHE7K7VBUF6I72IW4",
                                                                             "file_name": [ "html", "html_OLTLLTZ4V2UUBPYVAG7EDWIZXM"]
                                                                            }
                                                                  
                                                     ]    
                                              },
                                              {
                                              "column_id": "LYWVPEVFHDMRU7CIYEZMTT2UFMA",
                                              "cell_width": "auto",
                                              "cell_span": 1,
                                              "alignment":
                                                             null
                                                            ,
                                               "vertical_align":
                                                       null
                                                      ,
                                             "content": [
                                                          
                                                                           {                                              
                                                                             "component_name": "html",
                                                                             "component_id": "LDRCN5DYMRA3EZAVERKDIF7VITQ",
                                                                             "file_name": [ "html", "html_OLTLLTZ4V2UUBPYVAG7EDWIZXM"]
                                                                            }
                                                                  
                                                     ]    
                                              }
                                           ]
                                    } 
                        ,
                                  {
                                   "row_id": 2,
                                   "id": "LZ2FHOJJ3CNSUHHMAX6IEQGPMZE",
                                   "cell_height": 30,
                                   "td" : [
                                           
                                              {
                                              "column_id": "L4DKN7YMV33EURFLI45LSWEWAFE",
                                              "cell_width": "auto",
                                              "cell_span": 1,
                                              "alignment":
                                                             null
                                                            ,
                                               "vertical_align":
                                                       null
                                                      ,
                                             "content": [
                                                          
                                                                           {                                              
                                                                             "component_name": "html",
                                                                             "component_id": "LOXIKIFLJ4NOUDMTD7EA32RHN7U",
                                                                             "file_name": [ "html", "html_OLTLLTZ4V2UUBPYVAG7EDWIZXM"]
                                                                            }
                                                                  
                                                     ]    
                                              },
                                              {
                                              "column_id": "LT4TGWW2A4J2UFOM4FUSHKHRDAM",
                                              "cell_width": "auto",
                                              "cell_span": 1,
                                              "alignment":
                                                             null
                                                            ,
                                               "vertical_align":
                                                       null
                                                      ,
                                             "content": [
                                                          
                                                                           {                                              
                                                                             "component_name": "html",
                                                                             "component_id": "LCXLOXEDBMHTUPAF4PCNQ66XRG4",
                                                                             "file_name": [ "html", "html_OLTLLTZ4V2UUBPYVAG7EDWIZXM"]
                                                                            }
                                                                  
                                                     ]    
                                              },
                                              {
                                              "column_id": "LFADM2YXB6K5UXJCMLWCR4EYGVA",
                                              "cell_width": "auto",
                                              "cell_span": 1,
                                              "alignment":
                                                             null
                                                            ,
                                               "vertical_align":
                                                       null
                                                      ,
                                             "content": [
                                                          
                                                                           {                                              
                                                                             "component_name": "html",
                                                                             "component_id": "LYMH4I7WEOR6EJCQYDSDJMXZUR4",
                                                                             "file_name": [ "html", "html_OLTLLTZ4V2UUBPYVAG7EDWIZXM"]
                                                                            }
                                                                  
                                                     ]    
                                              },
                                              {
                                              "column_id": "LSLV57KUU7UQEHLAQPIETFKPFKM",
                                              "cell_width": "auto",
                                              "cell_span": 1,
                                              "alignment":
                                                             null
                                                            ,
                                               "vertical_align":
                                                       null
                                                      ,
                                             "content": [
                                                          
                                                                           {                                              
                                                                             "component_name": "html",
                                                                             "component_id": "LSYZLTO7P2FIUTEJDZ4QOT4XCD4",
                                                                             "file_name": [ "html", "html_OLTLLTZ4V2UUBPYVAG7EDWIZXM"]
                                                                            }
                                                                  
                                                     ]    
                                              }
                                           ]
                                    } 
                        
                           ] 
                
                 } 
                ,
                "LWXP4HPQWWZWEJMNVQ24IU2JSAU":
                
                 {
                    "fullscreen": false,
                    "border": true,
                    "th":  { 
                     "id":  
                               "LBV3Q3KWUKWJUBCY3A5NEZHRC2E"
                           ,
                    "cell_height": 30, 
                    "td":[
                              
                                {
                                   "column_id": "LKAFTPZI5KLOEBJLSDUN3AP62F4",
                                   "cell_width": "auto",
                                  "cell_span": 1,
                                  "alignment":
                                                 null
                                                ,
                                  "vertical_align":
                                                       null
                                                      ,
                                  "type":
                                             null
                                            ,
                                  "content": [
                                               
                                                         {                                              
                                                           "component_name": "html",
                                                           "component_id": "LPH4FSJD5H2IE3BA7ZTG54RJGNU",
                                                           "file_name": [ "html", "html_OLTLLTZ4V2UUBPYVAG7EDWIZXM"]
                                                          }
                                                
                                              ]                                     
                                  }
                              ,
                                {
                                   "column_id": "LOLNC632N6KKU5K3F5PVQGZST6Y",
                                   "cell_width": "auto",
                                  "cell_span": 1,
                                  "alignment":"center",
                                  "vertical_align":
                                                       null
                                                      ,
                                  "type":"checkbox",
                                  "content": [
                                               
                                                         {                                              
                                                           "component_name": "html",
                                                           "component_id": "LTK3HE7QPNA4ERC2YJ6BU7TEWUY",
                                                           "file_name": [ "html", "html_OLTLLTZ4V2UUBPYVAG7EDWIZXM"]
                                                          }
                                                
                                              ]                                     
                                  }
                              ,
                                {
                                   "column_id": "LZ5J7BVQ4RIJEREI7YXHKXSZIKU",
                                   "cell_width": "auto",
                                  "cell_span": 1,
                                  "alignment":"center",
                                  "vertical_align":
                                                       null
                                                      ,
                                  "type":"checkbox",
                                  "content": [
                                               
                                                         {                                              
                                                           "component_name": "html",
                                                           "component_id": "L5AARFI5YQMMEHHPI5RGA57VLNI",
                                                           "file_name": [ "html", "html_OLTLLTZ4V2UUBPYVAG7EDWIZXM"]
                                                          }
                                                
                                              ]                                     
                                  }
                              ,
                                {
                                   "column_id": "LMWNPUO5J525E5O5BFUYBWUJU6U",
                                   "cell_width": "auto",
                                  "cell_span": 1,
                                  "alignment":"center",
                                  "vertical_align":
                                                       null
                                                      ,
                                  "type":"checkbox",
                                  "content": [
                                               
                                                         {                                              
                                                           "component_name": "html",
                                                           "component_id": "L6LRSB7FDLTMU7FKO3X6O3XYIAA",
                                                           "file_name": [ "html", "html_OLTLLTZ4V2UUBPYVAG7EDWIZXM"]
                                                          }
                                                
                                              ]                                     
                                  }
                              ,
                                {
                                   "column_id": "LNSX7ESIMM7XE5AMRKJTPWKORPU",
                                   "cell_width": "auto",
                                  "cell_span": 1,
                                  "alignment":
                                                 null
                                                ,
                                  "vertical_align":
                                                       null
                                                      ,
                                  "type":"textfield",
                                  "content": [
                                               
                                                         {                                              
                                                           "component_name": "html",
                                                           "component_id": "LP7OTYZ2AMJ7E5A5C2XK4BDNVHQ",
                                                           "file_name": [ "html", "html_OLTLLTZ4V2UUBPYVAG7EDWIZXM"]
                                                          }
                                                
                                              ]                                     
                                  }
                              
                        ]
                              }
                ,
                    "tr": [
                            
                                  {
                                   "row_id": 0,
                                   "id": "L37BV44W3VMQUBGYIA5UOGT2QHA",
                                   "cell_height": 30,
                                   "td" : [
                                           
                                              {
                                              "column_id": "LD5MXWI262PCEJKOZQ65A4KOI7A",
                                              "cell_width": "auto",
                                              "cell_span": 1,
                                              "alignment":
                                                             null
                                                            ,
                                               "vertical_align":
                                                       null
                                                      ,
                                             "content": [
                                                          
                                                                           {                                              
                                                                             "component_name": "html",
                                                                             "component_id": "LTENSZTSFKRHUXENLJ43JD4FL7M",
                                                                             "file_name": [ "html", "html_OLTLLTZ4V2UUBPYVAG7EDWIZXM"]
                                                                            }
                                                                  
                                                     ]    
                                              },
                                              {
                                              "column_id": "LCLMZHVCRI6SUPGFSBDBXXEG26A",
                                              "cell_width": "auto",
                                              "cell_span": 1,
                                              "alignment":"center",
                                               "vertical_align":
                                                       null
                                                      ,
                                             "content": [
                                                          
                                                                           {                                              
                                                                             "component_name": "html",
                                                                             "component_id": "LZFM77VJOPW4E5HISIWN2745GRQ",
                                                                             "file_name": [ "html", "html_OLTLLTZ4V2UUBPYVAG7EDWIZXM"]
                                                                            }
                                                                  
                                                     ]    
                                              },
                                              {
                                              "column_id": "LIHDBTWTN6WGEDALBORVWLOOURQ",
                                              "cell_width": "auto",
                                              "cell_span": 1,
                                              "alignment":"center",
                                               "vertical_align":
                                                       null
                                                      ,
                                             "content": [
                                                          
                                                                           {                                              
                                                                             "component_name": "html",
                                                                             "component_id": "LOLLPHSR3MRXUFMMNRMF4CXXWTU",
                                                                             "file_name": [ "html", "html_OLTLLTZ4V2UUBPYVAG7EDWIZXM"]
                                                                            }
                                                                  
                                                     ]    
                                              },
                                              {
                                              "column_id": "L4ER72AOOUCMEBMURVCHJ7DDE6U",
                                              "cell_width": "auto",
                                              "cell_span": 1,
                                              "alignment":
                                                             null
                                                            ,
                                               "vertical_align":
                                                       null
                                                      ,
                                             "content": [
                                                          
                                                                           {                                              
                                                                             "component_name": "html",
                                                                             "component_id": "LYCFW4KK5OR7EFL46BBHEKDJYYQ",
                                                                             "file_name": [ "html", "html_OLTLLTZ4V2UUBPYVAG7EDWIZXM"]
                                                                            }
                                                                  
                                                     ]    
                                              },
                                              {
                                              "column_id": "LXGCQ5VASMNRUNMQF4PXTJKNRUM",
                                              "cell_width": "auto",
                                              "cell_span": 1,
                                              "alignment":
                                                             null
                                                            ,
                                               "vertical_align":
                                                       null
                                                      ,
                                             "content": [
                                                         
                                                     ]    
                                              }
                                           ]
                                    } 
                        ,
                                  {
                                   "row_id": 1,
                                   "id": "LP74D3PETOO2UPKY47VKD6YSQH4",
                                   "cell_height": 30,
                                   "td" : [
                                           
                                              {
                                              "column_id": "LKCXDWQ3FTMAU7GC3DNZCKWCRJY",
                                              "cell_width": "auto",
                                              "cell_span": 1,
                                              "alignment":
                                                             null
                                                            ,
                                               "vertical_align":
                                                       null
                                                      ,
                                             "content": [
                                                          
                                                                           {                                              
                                                                             "component_name": "html",
                                                                             "component_id": "LUSVQE7NRXAUU3EE6MQICBWUAKU",
                                                                             "file_name": [ "html", "html_OLTLLTZ4V2UUBPYVAG7EDWIZXM"]
                                                                            }
                                                                  
                                                     ]    
                                              },
                                              {
                                              "column_id": "LJXC53BOXPTXENIRNWPD27AQMQU",
                                              "cell_width": "auto",
                                              "cell_span": 1,
                                              "alignment":
                                                             null
                                                            ,
                                               "vertical_align":
                                                       null
                                                      ,
                                             "content": [
                                                          
                                                                           {                                              
                                                                             "component_name": "html",
                                                                             "component_id": "LVJ6E3HRU4IRE5AZ7E2PHXQD3FI",
                                                                             "file_name": [ "html", "html_OLTLLTZ4V2UUBPYVAG7EDWIZXM"]
                                                                            }
                                                                  
                                                     ]    
                                              },
                                              {
                                              "column_id": "L2YW3LKXL5E4EXF4DW4LAGYH4WM",
                                              "cell_width": "auto",
                                              "cell_span": 1,
                                              "alignment":
                                                             null
                                                            ,
                                               "vertical_align":
                                                       null
                                                      ,
                                             "content": [
                                                          
                                                                           {                                              
                                                                             "component_name": "html",
                                                                             "component_id": "L24HQG6EVJY2UBBNCL3NOTEYASI",
                                                                             "file_name": [ "html", "html_OLTLLTZ4V2UUBPYVAG7EDWIZXM"]
                                                                            }
                                                                  
                                                     ]    
                                              },
                                              {
                                              "column_id": "LGIQ27NANS4ZELG3TCR3CE6GFLU",
                                              "cell_width": "auto",
                                              "cell_span": 1,
                                              "alignment":
                                                             null
                                                            ,
                                               "vertical_align":
                                                       null
                                                      ,
                                             "content": [
                                                          
                                                                           {                                              
                                                                             "component_name": "html",
                                                                             "component_id": "LHK5PFXA5TJREPNUCF7RNIUUAQE",
                                                                             "file_name": [ "html", "html_OLTLLTZ4V2UUBPYVAG7EDWIZXM"]
                                                                            }
                                                                  
                                                     ]    
                                              },
                                              {
                                              "column_id": "L267HNI27ZULU3I2C3SDYMF4KZM",
                                              "cell_width": "auto",
                                              "cell_span": 1,
                                              "alignment":
                                                             null
                                                            ,
                                               "vertical_align":
                                                       null
                                                      ,
                                             "content": [
                                                         
                                                     ]    
                                              }
                                           ]
                                    } 
                        ,
                                  {
                                   "row_id": 2,
                                   "id": "LFPISKXHX3L6U3JWB4XMRECQAIA",
                                   "cell_height": 30,
                                   "td" : [
                                           
                                              {
                                              "column_id": "LBWKACQJYBUAULGXJCSSSRVI2UU",
                                              "cell_width": "auto",
                                              "cell_span": 1,
                                              "alignment":
                                                             null
                                                            ,
                                               "vertical_align":
                                                       null
                                                      ,
                                             "content": [
                                                          
                                                                           {                                              
                                                                             "component_name": "html",
                                                                             "component_id": "LYZRQLKSDT5BUXGGNSTAZAPRE3Q",
                                                                             "file_name": [ "html", "html_OLTLLTZ4V2UUBPYVAG7EDWIZXM"]
                                                                            }
                                                                  
                                                     ]    
                                              },
                                              {
                                              "column_id": "LCZQDVC3CXNIUJFPXLRG2FLKSIY",
                                              "cell_width": "auto",
                                              "cell_span": 1,
                                              "alignment":
                                                             null
                                                            ,
                                               "vertical_align":
                                                       null
                                                      ,
                                             "content": [
                                                          
                                                                           {                                              
                                                                             "component_name": "html",
                                                                             "component_id": "LGUUXRFJEUS2U5HDAW3HQTZ6YHM",
                                                                             "file_name": [ "html", "html_OLTLLTZ4V2UUBPYVAG7EDWIZXM"]
                                                                            }
                                                                  
                                                     ]    
                                              },
                                              {
                                              "column_id": "LUSQUSAVDX6OUBJIERLZZIMJ4SQ",
                                              "cell_width": "auto",
                                              "cell_span": 1,
                                              "alignment":
                                                             null
                                                            ,
                                               "vertical_align":
                                                       null
                                                      ,
                                             "content": [
                                                          
                                                                           {                                              
                                                                             "component_name": "html",
                                                                             "component_id": "LHKWA44EJUX6E7ILFRO73NUHDJQ",
                                                                             "file_name": [ "html", "html_OLTLLTZ4V2UUBPYVAG7EDWIZXM"]
                                                                            }
                                                                  
                                                     ]    
                                              },
                                              {
                                              "column_id": "L7GJBSMBB4BYEHMH2L7NJ7CBSDU",
                                              "cell_width": "auto",
                                              "cell_span": 1,
                                              "alignment":
                                                             null
                                                            ,
                                               "vertical_align":
                                                       null
                                                      ,
                                             "content": [
                                                          
                                                                           {                                              
                                                                             "component_name": "html",
                                                                             "component_id": "L6MZSUPNRCU6UFNJ6RYHFHHPMUA",
                                                                             "file_name": [ "html", "html_OLTLLTZ4V2UUBPYVAG7EDWIZXM"]
                                                                            }
                                                                  
                                                     ]    
                                              },
                                              {
                                              "column_id": "LTBEQETFOFBIUBGC5PVBRXYKUPY",
                                              "cell_width": "auto",
                                              "cell_span": 1,
                                              "alignment":
                                                             null
                                                            ,
                                               "vertical_align":
                                                       null
                                                      ,
                                             "content": [
                                                         
                                                     ]    
                                              }
                                           ]
                                    } 
                        
                           ] 
                
                 } 
                      
               }
        }
    