
    {
    "slide": {
             
                     "L7SN4RYERHCNULCWIW4TLEHD764":
                      {
                      "background":"",
                      "animation": "slide",
                      "type": "",
                      "height": 0,
                      "adaptive_height": true,
                      "component_color": "#F27F26",
                      "nav_position": "top",        
                      "items": [
                               
                                  {
                                      "slide_id": 0,
                                      "content": [
                                          {
                                              "component_name": "section",
                                              "component_id": "LTNNVY2FSFDHEZAE36UBVKD7IIA",
                                              "file_name": [ "section", "section_OLTLLTZ4V2UUBPYVAG7EDWIZXM"]
                                          }

                                      ]
                                  } 
                              ,
                                  {
                                      "slide_id": 1,
                                      "content": [
                                          {
                                              "component_name": "section",
                                              "component_id": "LFPD2TSCNUCDUNAILOQ6ALL77IE",
                                              "file_name": [ "section", "section_OLTLLTZ4V2UUBPYVAG7EDWIZXM"]
                                          }

                                      ]
                                  } 
                              ,
                                  {
                                      "slide_id": 2,
                                      "content": [
                                          {
                                              "component_name": "section",
                                              "component_id": "L4KUAPIKJIPNUVMYAK3VOPKN3JM",
                                              "file_name": [ "section", "section_OLTLLTZ4V2UUBPYVAG7EDWIZXM"]
                                          }

                                      ]
                                  } 
                              ,
                                  {
                                      "slide_id": 3,
                                      "content": [
                                          {
                                              "component_name": "section",
                                              "component_id": "L7RZL5Y2KMNRE3OPX4PNH3YROZU",
                                              "file_name": [ "section", "section_OLTLLTZ4V2UUBPYVAG7EDWIZXM"]
                                          }

                                      ]
                                  } 
                              ,
                                  {
                                      "slide_id": 4,
                                      "content": [
                                          {
                                              "component_name": "section",
                                              "component_id": "LPN5GWPNGGPQEXNZFEA6SXOSJA4",
                                              "file_name": [ "section", "section_OLTLLTZ4V2UUBPYVAG7EDWIZXM"]
                                          }

                                      ]
                                  } 
                              ,
                                  {
                                      "slide_id": 5,
                                      "content": [
                                          {
                                              "component_name": "section",
                                              "component_id": "LQPPMV3Z2SRAU7J2BH5MBI3UUUU",
                                              "file_name": [ "section", "section_OLTLLTZ4V2UUBPYVAG7EDWIZXM"]
                                          }

                                      ]
                                  } 
                              ,
                                  {
                                      "slide_id": 6,
                                      "content": [
                                          {
                                              "component_name": "section",
                                              "component_id": "LKAAZVRHCJ2SUFEJDS2TGIVHTJ4",
                                              "file_name": [ "section", "section_OLTLLTZ4V2UUBPYVAG7EDWIZXM"]
                                          }

                                      ]
                                  } 
                              ,
                                  {
                                      "slide_id": 7,
                                      "content": [
                                          {
                                              "component_name": "section",
                                              "component_id": "LJI7CKG6WFA3UBLGAOPALJ23YGM",
                                              "file_name": [ "section", "section_OLTLLTZ4V2UUBPYVAG7EDWIZXM"]
                                          }

                                      ]
                                  } 
                              ,
                                  {
                                      "slide_id": 8,
                                      "content": [
                                          {
                                              "component_name": "section",
                                              "component_id": "LDZSCE634RWJU5FZKZYGYLD7WFA",
                                              "file_name": [ "section", "section_OLTLLTZ4V2UUBPYVAG7EDWIZXM"]
                                          }

                                      ]
                                  } 
                              ,
                                  {
                                      "slide_id": 9,
                                      "content": [
                                          {
                                              "component_name": "section",
                                              "component_id": "LP3RFWI2CC3ZULPAQPPIO5M7KHI",
                                              "file_name": [ "section", "section_OLTLLTZ4V2UUBPYVAG7EDWIZXM"]
                                          }

                                      ]
                                  } 
                              ,
                                  {
                                      "slide_id": 10,
                                      "content": [
                                          {
                                              "component_name": "section",
                                              "component_id": "L3DF43QOZRD5EXKKKDUGI37WMRU",
                                              "file_name": [ "section", "section_OLTLLTZ4V2UUBPYVAG7EDWIZXM"]
                                          }

                                      ]
                                  } 
                               
                               ]
                            }
               
    }
}

    