
                  {
                    "column": {
                    
                           "LPTHXBLTWYRLUZOSLRXB477NUWQ":[
                          
                           
                            {
                              
                                    "component_name": "slide",
                                    "component_id": "LTZLU235IRZTETFKIMTLGT7FSVY",
                                  "file_name": [ "slide", "slide_PHGCHYTTBBHULEUX4PRLAFKJJU"]
                                 

                              } 

                            ],
                           "LD5G7IRTKVE4ENCR6URLJKAC4SQ":[
                          
                           
                            {
                              
                                 "component_name": "section",
                                 "component_id": "LBDCTKJCKW4IUJFAQLSQPLPSNAQ",
                                 "file_name": [ "section", "section_PHGCHYTTBBHULEUX4PRLAFKJJU"]
                              

                              } 

                            ],
                           "LYKQVDH7UGBGUBFTHAWMG2T6STQ":[
                          
                           
                            {
                              
                                 "component_name": "html",
                                 "component_id": "LGYXBEKYMYY6UPEURIPYRGOMWWQ",
                                 "file_name": [ "html", "html_PHGCHYTTBBHULEUX4PRLAFKJJU"]
                              

                              } ,
                            {
                              
                                 "component_name": "question",
                                  "component_id": "LL7D335J6YJXUFPOJSY2PELXRUQ",
                                  "file_name": [ "question", "question_PHGCHYTTBBHULEUX4PRLAFKJJU"]
                               

                              } 

                            ]

         }
      }

    