
      {
      "html": {
                  
                
                      "LGYXBEKYMYY6UPEURIPYRGOMWWQ": {
                            "data": {
                                "content": " <h2>Draw the ff.<br/> Line: ( 2,1 ), ( 2,4 )<br/> Triangle: ( 5,5 ), ( 10,5 ), and ( 10,10 )<br/> Circle: center at ( 2, 2 ) and point on ( 4,2 )</h2> ",
                                "classes": "html-content-text"
                            }
                             
                        }
                      
         }
      }

    