
    {
    "slide": {
             
                     "LTZLU235IRZTETFKIMTLGT7FSVY":
                      {
                      "background":"",
                      "animation": "slide",
                      "type": "",
                      "height": 0,
                      "adaptive_height": true,
                      "component_color": "#F27F26",
                      "nav_position": "top",        
                      "items": [
                               
                                  {
                                      "slide_id": 0,
                                      "content": [
                                          {
                                              "component_name": "section",
                                              "component_id": "LDDXM74YM7KVUFHP5QBUOP3VZRU",
                                              "file_name": [ "section", "section_PHGCHYTTBBHULEUX4PRLAFKJJU"]
                                          }

                                      ]
                                  } 
                               
                               ]
                            }
               
    }
}

    