
                  {
                    "column": {
                    
                           "LSTUCZT7AYO3EDEY7TDI2RAHBQE":[
                          
                           
                            {
                              
                                    "component_name": "slide",
                                    "component_id": "LJ6SM5LKPMC4UJPZEAQECKMFVKM",
                                  "file_name": [ "slide", "slide_SGRN6V77LGPE3LVEMSNK4GTHUE"]
                                 

                              } 

                            ],
                           "LCBGTILXN4PGELL3USA4LKH7RNQ":[
                          
                           
                            {
                              
                                 "component_name": "section",
                                 "component_id": "LDJTRFYIMCOCULA5ULGN7FFVBYE",
                                 "file_name": [ "section", "section_SGRN6V77LGPE3LVEMSNK4GTHUE"]
                              

                              } 

                            ],
                           "LDWZUQI5HDBGEFIY45EGCT243AY":[
                          
                           
                            {
                              
                                 "component_name": "question",
                                  "component_id": "LFA3R7YFWU4YUHAUKIOZEXPL3GQ",
                                  "file_name": [ "question", "question_SGRN6V77LGPE3LVEMSNK4GTHUE"]
                               

                              } 

                            ],
                           "LLIHRYYBB27TEBPV2XFREQA3UMI":[
                          
                           
                            {
                              
                                 "component_name": "html",
                                 "component_id": "LN7YBSLWHCJCEHI5R22P2EZZMJ4",
                                 "file_name": [ "html", "html_SGRN6V77LGPE3LVEMSNK4GTHUE"]
                              

                              } 

                            ],
                           "LVUOP34BBUFJUDDHGJAKKSYMIEE":[
                          
                           
                            {
                              
                                 "component_name": "html",
                                 "component_id": "LEMUFTX2XD67E3B4IXW7SXZ43WU",
                                 "file_name": [ "html", "html_SGRN6V77LGPE3LVEMSNK4GTHUE"]
                              

                              } 

                            ],
                           "LXCTMUT42XAUUXLULDJQAWJ2MYM":[
                          
                           
                            {
                              
                                 "component_name": "html",
                                 "component_id": "LA7WVCJPLMHMU7CR3EMCDLZ4CFA",
                                 "file_name": [ "html", "html_SGRN6V77LGPE3LVEMSNK4GTHUE"]
                              

                              } 

                            ],
                           "LHFGBACIIW4SEXGZL2OGPXXQULI":[
                          
                           
                            {
                              
                                 "component_name": "html",
                                 "component_id": "LTNHIWKSHSODENOXEZPYMD5TO6U",
                                 "file_name": [ "html", "html_SGRN6V77LGPE3LVEMSNK4GTHUE"]
                              

                              } 

                            ],
                           "LFPVHHTQCKWIUFMFZEUA4D22CUE":[
                          
                           
                            {
                              
                                 "component_name": "html",
                                 "component_id": "LDWDJMEGIH4TEZNXIQTNA53PP5Q",
                                 "file_name": [ "html", "html_SGRN6V77LGPE3LVEMSNK4GTHUE"]
                              

                              } 

                            ],
                           "LYDE6XFTMTF6UDKAAX5UQHEFK2Y":[
                          
                           
                            {
                              
                                 "component_name": "html",
                                 "component_id": "LZNXJQ52TVDVEJEUEXU43OYCEKE",
                                 "file_name": [ "html", "html_SGRN6V77LGPE3LVEMSNK4GTHUE"]
                              

                              } 

                            ],
                           "LHCPU22CCJUYEJBP2TMWTHDOOZQ":[
                          
                           
                            {
                              
                                 "component_name": "html",
                                 "component_id": "LXJRRSMUB5KAURPOVVU3OFMZNGU",
                                 "file_name": [ "html", "html_SGRN6V77LGPE3LVEMSNK4GTHUE"]
                              

                              } 

                            ],
                           "LBYZWAEYQOWEEJIAHFM3EQYZZTM":[
                          
                           
                            {
                              
                                 "component_name": "html",
                                 "component_id": "LUPK6XO4D46EU3LRMMEXV3TDIAE",
                                 "file_name": [ "html", "html_SGRN6V77LGPE3LVEMSNK4GTHUE"]
                              

                              } 

                            ],
                           "LT6ZLM3YMBLTUNAB7NJOWV5WHJI":[
                          
                           
                            {
                              
                                 "component_name": "html",
                                 "component_id": "LQE5TNPZLOOFUPL7HZCNGOTLBBM",
                                 "file_name": [ "html", "html_SGRN6V77LGPE3LVEMSNK4GTHUE"]
                              

                              } 

                            ],
                           "LSBN3DGRN5J2ENKJ67UN3YGS64A":[
                          
                           
                            {
                              
                                 "component_name": "html",
                                 "component_id": "LNCME2TSEJDXUNN6LEHJ43HP43Q",
                                 "file_name": [ "html", "html_SGRN6V77LGPE3LVEMSNK4GTHUE"]
                              

                              } 

                            ],
                           "LDWV6BBBG46VE7IQIJSICDM3LWM":[
                          
                           
                            {
                              
                                 "component_name": "html",
                                 "component_id": "LFFHKJCINC3XERPD4H2WRPXAMJM",
                                 "file_name": [ "html", "html_SGRN6V77LGPE3LVEMSNK4GTHUE"]
                              

                              } 

                            ],
                           "L5HGNBCWJQT5UDAR4YDQEWINZ5I":[
                          
                           
                            {
                              
                                 "component_name": "section",
                                 "component_id": "LKNRQLA4H2PCUZG6IMP6PYBTYEA",
                                 "file_name": [ "section", "section_SGRN6V77LGPE3LVEMSNK4GTHUE"]
                              

                              } ,
                            {
                              
                                 "component_name": "section",
                                 "component_id": "LJVQESBMD2E3EDLAX45XF2V6JDU",
                                 "file_name": [ "section", "section_SGRN6V77LGPE3LVEMSNK4GTHUE"]
                              

                              } ,
                            {
                              
                                 "component_name": "section",
                                 "component_id": "LGC4P47UGETZUBGEXKV5RPPA2KA",
                                 "file_name": [ "section", "section_SGRN6V77LGPE3LVEMSNK4GTHUE"]
                              

                              } ,
                            {
                              
                                 "component_name": "section",
                                 "component_id": "LHOBLWGS6RIWEJN3TTFGYCQB3KM",
                                 "file_name": [ "section", "section_SGRN6V77LGPE3LVEMSNK4GTHUE"]
                              

                              } 

                            ],
                           "LAVYBRFIHJP6UPB2M5FRRNUDJ3M":[
                          
                           
                            {
                              
                                 "component_name": "question",
                                  "component_id": "LUQC3QYURGARERNQOXIH43PTHPA",
                                  "file_name": [ "question", "question_SGRN6V77LGPE3LVEMSNK4GTHUE"]
                               

                              } 

                            ],
                           "L3K76UK7UCZNEXIRKWM23FENDOM":[
                          
                           
                            {
                              
                                 "component_name": "html",
                                 "component_id": "LU7KEIYYHSVKULIEH2ZFH267KC4",
                                 "file_name": [ "html", "html_SGRN6V77LGPE3LVEMSNK4GTHUE"]
                              

                              } 

                            ],
                           "L2MWJUMQLIMFUTKQHAR666DNMLE":[
                          
                           
                            {
                              
                                 "component_name": "html",
                                 "component_id": "LWVTYTRPIVKHEBGWHPJZLN46COA",
                                 "file_name": [ "html", "html_SGRN6V77LGPE3LVEMSNK4GTHUE"]
                              

                              } 

                            ],
                           "LYFVWWXRRA2GUNEKCQZHCXM74Z4":[
                          
                           
                            {
                              
                                 "component_name": "html",
                                 "component_id": "LZWC26HUUFMFEVMYNMON2SWIWPE",
                                 "file_name": [ "html", "html_SGRN6V77LGPE3LVEMSNK4GTHUE"]
                              

                              } 

                            ],
                           "LAJ7L6NCF2V7UNJGF7TZ7YX6IRE":[
                          
                           
                            {
                              
                                 "component_name": "html",
                                 "component_id": "LLBIRE6Y3ID6EDJ2F4OTIF3ZZEQ",
                                 "file_name": [ "html", "html_SGRN6V77LGPE3LVEMSNK4GTHUE"]
                              

                              } 

                            ],
                           "LF7LTAEIQM2JUHP2XC4ACNGG7WE":[
                          
                           
                            {
                              
                                 "component_name": "html",
                                 "component_id": "LSXTVWGPVLR4UHBEHUBFFH6UR6A",
                                 "file_name": [ "html", "html_SGRN6V77LGPE3LVEMSNK4GTHUE"]
                              

                              } 

                            ],
                           "LDPXPZFDYQVEUZA3Y37SWJQTSTA":[
                          
                           
                            {
                              
                                 "component_name": "html",
                                 "component_id": "LB7TJB4QAIR5U5MBK2LGWQAYOY4",
                                 "file_name": [ "html", "html_SGRN6V77LGPE3LVEMSNK4GTHUE"]
                              

                              } 

                            ],
                           "LFMABPNUICUQUPESK2ZX2VLJKJQ":[
                          
                           
                            {
                              
                                 "component_name": "html",
                                 "component_id": "L2Q6T5OORKOBE5HBWW4RFE5M67M",
                                 "file_name": [ "html", "html_SGRN6V77LGPE3LVEMSNK4GTHUE"]
                              

                              } 

                            ],
                           "LL3CGKOJXZX2EFDTNJNWSOTOPNY":[
                          
                           
                            {
                              
                                 "component_name": "html",
                                 "component_id": "L6ADOK4UTRWSEJOIMFT4Q5XR7JY",
                                 "file_name": [ "html", "html_SGRN6V77LGPE3LVEMSNK4GTHUE"]
                              

                              } 

                            ],
                           "LCXESRLEBCPSEPFV66IY5466HEE":[
                          
                           
                            {
                              
                                 "component_name": "html",
                                 "component_id": "LDI6ZSRKY7AUEDOFXU2NAKCVU4E",
                                 "file_name": [ "html", "html_SGRN6V77LGPE3LVEMSNK4GTHUE"]
                              

                              } 

                            ],
                           "LBJWRFEDCKTOEVPQMEBEMJPZXIY":[
                          
                           
                            {
                              
                                 "component_name": "html",
                                 "component_id": "LJVTUDDBHLV6ELDE5YD4XTQUUYU",
                                 "file_name": [ "html", "html_SGRN6V77LGPE3LVEMSNK4GTHUE"]
                              

                              } 

                            ],
                           "LMZ7W6YKLCU4E7FBAKBAR5USINQ":[
                          
                           
                            {
                              
                                 "component_name": "html",
                                 "component_id": "LT76U3U354IYUFIEXA5E3X5MM7Q",
                                 "file_name": [ "html", "html_SGRN6V77LGPE3LVEMSNK4GTHUE"]
                              

                              } 

                            ],
                           "LVBUJQQ6EOHBUJKKKP2UCJAMKPI":[
                          
                           
                            {
                              
                                 "component_name": "question",
                                  "component_id": "LPVY3VDPIWLBENIHKOCOCRYNVUY",
                                  "file_name": [ "question", "question_SGRN6V77LGPE3LVEMSNK4GTHUE"]
                               

                              } 

                            ],
                           "LKWDYSHT6USGEDCWACCX4T5CM24":[
                          
                           
                            {
                              
                                 "component_name": "html",
                                 "component_id": "LNHK7WXK3DURE3NTOGSVRPPPD2Q",
                                 "file_name": [ "html", "html_SGRN6V77LGPE3LVEMSNK4GTHUE"]
                              

                              } 

                            ],
                           "LOC2SHMFBUJAU7IODSIUSRVC4Q4":[
                          
                           
                            {
                              
                                 "component_name": "html",
                                 "component_id": "LV63NAFEH366UZHTJX4S4I5FLO4",
                                 "file_name": [ "html", "html_SGRN6V77LGPE3LVEMSNK4GTHUE"]
                              

                              } 

                            ],
                           "L66USLPX7ASMU3G2W3GY6AB7RIY":[
                          
                           
                            {
                              
                                 "component_name": "html",
                                 "component_id": "LUYDEAT2MW5OULK56ZFSQMWT3PA",
                                 "file_name": [ "html", "html_SGRN6V77LGPE3LVEMSNK4GTHUE"]
                              

                              } 

                            ],
                           "LM26ANEDIDZMEFC2T4O3HXYAYEA":[
                          
                           
                            {
                              
                                 "component_name": "html",
                                 "component_id": "L3CLUJHNGRBNEXNNC5S6AS7QE7Q",
                                 "file_name": [ "html", "html_SGRN6V77LGPE3LVEMSNK4GTHUE"]
                              

                              } 

                            ],
                           "LETS2N3GRCPFETAEHIQ5EC3QLO4":[
                          
                           
                            {
                              
                                 "component_name": "html",
                                 "component_id": "L4NCWONMNAPPETGOEA3MEQ63ORQ",
                                 "file_name": [ "html", "html_SGRN6V77LGPE3LVEMSNK4GTHUE"]
                              

                              } 

                            ],
                           "L2K7EK5YVH2ZUJNSIYULVXLAS6Q":[
                          
                           
                            {
                              
                                 "component_name": "html",
                                 "component_id": "LVAFIYOYHDPBU3MCA7F7VZ72RVE",
                                 "file_name": [ "html", "html_SGRN6V77LGPE3LVEMSNK4GTHUE"]
                              

                              } 

                            ],
                           "LRWUIGS2UJ6WU5EMV6L6LZ5NZ2I":[
                          
                           
                            {
                              
                                 "component_name": "html",
                                 "component_id": "LAW7OYOBY6YPUFFCFY7EYLW7UKA",
                                 "file_name": [ "html", "html_SGRN6V77LGPE3LVEMSNK4GTHUE"]
                              

                              } 

                            ],
                           "LLC7NOWNAHFQULP3YIP5WZWXP4I":[
                          
                           
                            {
                              
                                 "component_name": "html",
                                 "component_id": "LT76TNWRG6XSUVO4BSMMA756ZVA",
                                 "file_name": [ "html", "html_SGRN6V77LGPE3LVEMSNK4GTHUE"]
                              

                              } 

                            ],
                           "L5G3KYXTPMZYEBLDMSKWCD6E2FA":[
                          
                           
                            {
                              
                                 "component_name": "html",
                                 "component_id": "L4ZJ56UT5X7SETLHWS2B7Z43MME",
                                 "file_name": [ "html", "html_SGRN6V77LGPE3LVEMSNK4GTHUE"]
                              

                              } 

                            ],
                           "LIIMGL5MJ4U4EJPTO2T7UY3RR5E":[
                          
                           
                            {
                              
                                 "component_name": "html",
                                 "component_id": "L57YWJEX6LQQUPODSYKCCDRS2X4",
                                 "file_name": [ "html", "html_SGRN6V77LGPE3LVEMSNK4GTHUE"]
                              

                              } 

                            ],
                           "LVN3ILHRC6PTU3EC3CSFF2GZXGE":[
                          
                           
                            {
                              
                                 "component_name": "html",
                                 "component_id": "LQLQ6NIVSLLLEJMRW7GJRVPQKMU",
                                 "file_name": [ "html", "html_SGRN6V77LGPE3LVEMSNK4GTHUE"]
                              

                              } 

                            ],
                           "LGHLHRC7KHHBEXPDYJHXIPXAI54":[
                          
                           
                            {
                              
                                 "component_name": "question",
                                  "component_id": "LLDIA2WZCPXXERD57T4RQVPQ7QQ",
                                  "file_name": [ "question", "question_SGRN6V77LGPE3LVEMSNK4GTHUE"]
                               

                              } 

                            ],
                           "L4TRK3BMMXYBUVO7MWXO4VCVE6M":[
                          
                           
                            {
                              
                                 "component_name": "html",
                                 "component_id": "LBTPPQHEB3C2EHCRZBVD4COWYLY",
                                 "file_name": [ "html", "html_SGRN6V77LGPE3LVEMSNK4GTHUE"]
                              

                              } 

                            ],
                           "LRFQC5VEASXSEJKFLXRI3QC5GN4":[
                          
                           
                            {
                              
                                 "component_name": "html",
                                 "component_id": "LFTEZJTMKZZ5UFPNOHHMT62SJ24",
                                 "file_name": [ "html", "html_SGRN6V77LGPE3LVEMSNK4GTHUE"]
                              

                              } 

                            ],
                           "LV3BFVTDAGEFE5ECU44AHLVMQEI":[
                          
                           
                            {
                              
                                 "component_name": "html",
                                 "component_id": "L44BU5VD2LH2EDJSS3JGXHWEGTM",
                                 "file_name": [ "html", "html_SGRN6V77LGPE3LVEMSNK4GTHUE"]
                              

                              } 

                            ],
                           "LSWR7ZNEF4TLEBL6SUMWRAW4BJA":[
                          
                           
                            {
                              
                                 "component_name": "html",
                                 "component_id": "LC5FUSPYNRMBENHPGB6AZSMSDBM",
                                 "file_name": [ "html", "html_SGRN6V77LGPE3LVEMSNK4GTHUE"]
                              

                              } 

                            ],
                           "LEUBV4J7ZQCTULCI5FMJNHBTJLM":[
                          
                           
                            {
                              
                                 "component_name": "html",
                                 "component_id": "LCP2W6NFDNRAUTIUYXDLI2XG554",
                                 "file_name": [ "html", "html_SGRN6V77LGPE3LVEMSNK4GTHUE"]
                              

                              } 

                            ],
                           "LYIL5VRGD36KEFO7R4TQPM5HVV4":[
                          
                           
                            {
                              
                                 "component_name": "html",
                                 "component_id": "LFBSZBTWMX4EEFF4TN4C2RQOYSM",
                                 "file_name": [ "html", "html_SGRN6V77LGPE3LVEMSNK4GTHUE"]
                              

                              } 

                            ],
                           "LN3FZIRDFOL6UHBANRTZDSKTCCU":[
                          
                           
                            {
                              
                                 "component_name": "html",
                                 "component_id": "LFJZWPGNAORAEBEYU7JY2JSRLKI",
                                 "file_name": [ "html", "html_SGRN6V77LGPE3LVEMSNK4GTHUE"]
                              

                              } 

                            ],
                           "LCYU36RMDVXDUHN4EUVH7T55L3E":[
                          
                           
                            {
                              
                                 "component_name": "html",
                                 "component_id": "LWTCDLZUKJL3UNI4RB6XHN6VYXU",
                                 "file_name": [ "html", "html_SGRN6V77LGPE3LVEMSNK4GTHUE"]
                              

                              } 

                            ],
                           "LUIUJ2BJA4R7EDP2AZE2XYGHEIY":[
                          
                           
                            {
                              
                                 "component_name": "html",
                                 "component_id": "LK7ZQSB5BTRJEHB7CFPQBKBZTSM",
                                 "file_name": [ "html", "html_SGRN6V77LGPE3LVEMSNK4GTHUE"]
                              

                              } 

                            ],
                           "LKJYFRZMC5OHEBGSGBHIAEX6JNM":[
                          
                           
                            {
                              
                                 "component_name": "html",
                                 "component_id": "LIGHL4RTYRU3E3ATJK55PBFZIKM",
                                 "file_name": [ "html", "html_SGRN6V77LGPE3LVEMSNK4GTHUE"]
                              

                              } 

                            ],
                           "LYYK7UIPZJSGETFOFTXDOGX2UWU":[
                          
                           
                            {
                              
                                 "component_name": "html",
                                 "component_id": "LYZPCHLLMCY4UNAX2ODHDY3N54Q",
                                 "file_name": [ "html", "html_SGRN6V77LGPE3LVEMSNK4GTHUE"]
                              

                              } 

                            ],
                           "LSFX3KGWKFGEETMLR3ENLC5EJ2I":[
                          
                           
                            {
                              
                                 "component_name": "question",
                                  "component_id": "LGCQHH44T7H4E3BUMQ6TLYGG5TU",
                                  "file_name": [ "question", "question_SGRN6V77LGPE3LVEMSNK4GTHUE"]
                               

                              } 

                            ],
                           "LN7IEPUG5UVREFJF4AJN2CIGJSU":[
                          
                           
                            {
                              
                                 "component_name": "html",
                                 "component_id": "L4FF5I5BVF27UHNAZDJJ4WNHEIU",
                                 "file_name": [ "html", "html_SGRN6V77LGPE3LVEMSNK4GTHUE"]
                              

                              } 

                            ],
                           "LPP6NFGJFGXGUNNTHPTDTUWFLAE":[
                          
                           
                            {
                              
                                 "component_name": "html",
                                 "component_id": "LO34T7N5PPYKUPBGX4EFC46NYQY",
                                 "file_name": [ "html", "html_SGRN6V77LGPE3LVEMSNK4GTHUE"]
                              

                              } 

                            ],
                           "LCMOR4LFLDMSU3P5E6VPKE4DUVE":[
                          
                           
                            {
                              
                                 "component_name": "html",
                                 "component_id": "LJP4AF5H2AXWUPNH23UUBS5AQYU",
                                 "file_name": [ "html", "html_SGRN6V77LGPE3LVEMSNK4GTHUE"]
                              

                              } 

                            ],
                           "L7JGQ6KT5NCOETAQFYTJ2RB27ZU":[
                          
                           
                            {
                              
                                 "component_name": "html",
                                 "component_id": "LE7XXZCI6IKSEBK2ZE4YPVSPOOE",
                                 "file_name": [ "html", "html_SGRN6V77LGPE3LVEMSNK4GTHUE"]
                              

                              } 

                            ],
                           "L2LMGO5Z3J7HUDACGZZ37ILSUCM":[
                          
                           
                            {
                              
                                 "component_name": "html",
                                 "component_id": "LE4BFEMZG4FJURHBBXFO5LSVI3Q",
                                 "file_name": [ "html", "html_SGRN6V77LGPE3LVEMSNK4GTHUE"]
                              

                              } 

                            ],
                           "LIAUHNFJU7T3URFDXV6GXIERDAA":[
                          
                           
                            {
                              
                                 "component_name": "html",
                                 "component_id": "LG673JMCM726UDPJCFSPJSVRHEA",
                                 "file_name": [ "html", "html_SGRN6V77LGPE3LVEMSNK4GTHUE"]
                              

                              } 

                            ],
                           "LN4E5DCBVNCTEHOUVMLARE3IMIE":[
                          
                           
                            {
                              
                                 "component_name": "html",
                                 "component_id": "LZJQKDALQ7SBEFPNLAYUKUVIZCI",
                                 "file_name": [ "html", "html_SGRN6V77LGPE3LVEMSNK4GTHUE"]
                              

                              } 

                            ],
                           "LUNIWKSYRLODU5EKV5Q6JZEI324":[
                          
                           
                            {
                              
                                 "component_name": "html",
                                 "component_id": "L7IMKQNENNJ6U5GLUIXDUZVRDY4",
                                 "file_name": [ "html", "html_SGRN6V77LGPE3LVEMSNK4GTHUE"]
                              

                              } 

                            ],
                           "L5TDUV65UARDUPH3DPS7K74WMYY":[
                          
                           
                            {
                              
                                 "component_name": "html",
                                 "component_id": "L362OI6IH6DSUZF3N3Y54FRSSZM",
                                 "file_name": [ "html", "html_SGRN6V77LGPE3LVEMSNK4GTHUE"]
                              

                              } 

                            ],
                           "LTKU3LZDOYXVU3KLQRGA2DYHL2I":[
                          
                           
                            {
                              
                                 "component_name": "html",
                                 "component_id": "L43RZVPLBZN5E7M4GTPRBAODFVQ",
                                 "file_name": [ "html", "html_SGRN6V77LGPE3LVEMSNK4GTHUE"]
                              

                              } 

                            ],
                           "LLCLKM73UKL4UXFV76EL3EZPIQE":[
                          
                           
                            {
                              
                                 "component_name": "html",
                                 "component_id": "LPIUSLGS5D6REVFSKZVPAPEWJEM",
                                 "file_name": [ "html", "html_SGRN6V77LGPE3LVEMSNK4GTHUE"]
                              

                              } 

                            ],
                           "LMZTCGDUJV5NUTAP3BKADLETXJU":[
                          
                           
                            {
                              
                                 "component_name": "section",
                                 "component_id": "LPPEHDMTM7U5ERLBPAYRXXM7VJU",
                                 "file_name": [ "section", "section_SGRN6V77LGPE3LVEMSNK4GTHUE"]
                              

                              } 

                            ],
                           "L7CGCZLOJXACUNLWBZVBABXHVNY":[
                          
                           
                            {
                              
                                 "component_name": "question",
                                  "component_id": "LSDWNPUJBVB7EPGOPCOE7U5IQ7Q",
                                  "file_name": [ "question", "question_SGRN6V77LGPE3LVEMSNK4GTHUE"]
                               

                              } 

                            ],
                           "LLCQFLJ6UAKEEBFBWFN4GKX3HIM":[
                          
                           
                            {
                              
                                 "component_name": "html",
                                 "component_id": "LSLFLKBMALG4E7NL6GF2MYDJBBE",
                                 "file_name": [ "html", "html_SGRN6V77LGPE3LVEMSNK4GTHUE"]
                              

                              } 

                            ],
                           "LECS2THBXSHXULOJQSNWGZFGCFA":[
                          
                           
                            {
                              
                                 "component_name": "html",
                                 "component_id": "LGCQUS5EC5NOETKLCFMWWSKWJKY",
                                 "file_name": [ "html", "html_SGRN6V77LGPE3LVEMSNK4GTHUE"]
                              

                              } 

                            ],
                           "L4VFC5PMABPTUTNLJXSTPV6JIR4":[
                          
                           
                            {
                              
                                 "component_name": "html",
                                 "component_id": "LNYIB7B6ZXDTU7KSY7YTH7SHUPY",
                                 "file_name": [ "html", "html_SGRN6V77LGPE3LVEMSNK4GTHUE"]
                              

                              } 

                            ],
                           "LCAHQYACJKHJU7BA6TFRJA6YOPY":[
                          
                           
                            {
                              
                                 "component_name": "html",
                                 "component_id": "L7BMHFI7S4YEEHIT2N2ODFZ6XSI",
                                 "file_name": [ "html", "html_SGRN6V77LGPE3LVEMSNK4GTHUE"]
                              

                              } 

                            ],
                           "LTVTWTYWDRNKETGAAREJXADRVJE":[
                          
                           
                            {
                              
                                 "component_name": "html",
                                 "component_id": "LY4PLPUXTROSUPC35UXOTOPSAN4",
                                 "file_name": [ "html", "html_SGRN6V77LGPE3LVEMSNK4GTHUE"]
                              

                              } 

                            ],
                           "L5LSXZBJ6YR4UVC2X7CA2APU3AM":[
                          
                           
                            {
                              
                                 "component_name": "html",
                                 "component_id": "L376AKLQJH7ZUNDLVIASJQFZOVM",
                                 "file_name": [ "html", "html_SGRN6V77LGPE3LVEMSNK4GTHUE"]
                              

                              } 

                            ],
                           "L4QPAL4YJUV7U5JMQHXQQ2ZQXPU":[
                          
                           
                            {
                              
                                 "component_name": "html",
                                 "component_id": "LWSUVWJCP5ONETKBMARKU4IKDHI",
                                 "file_name": [ "html", "html_SGRN6V77LGPE3LVEMSNK4GTHUE"]
                              

                              } 

                            ],
                           "LGV3Q2VMBUPHUVP44OHY7KFFOAI":[
                          
                           
                            {
                              
                                 "component_name": "html",
                                 "component_id": "LQWWIRZQAO7YE7GPJ5WR72OLDGQ",
                                 "file_name": [ "html", "html_SGRN6V77LGPE3LVEMSNK4GTHUE"]
                              

                              } 

                            ],
                           "LDRO74D3WDTQEBNLOSKGTP2L7RY":[
                          
                           
                            {
                              
                                 "component_name": "html",
                                 "component_id": "LOC5LD3Q2PA4UFLMFMS4QTHC52M",
                                 "file_name": [ "html", "html_SGRN6V77LGPE3LVEMSNK4GTHUE"]
                              

                              } 

                            ],
                           "LWPDQ3WDAOUDUVB6W5V5FQJOSBY":[
                          
                           
                            {
                              
                                 "component_name": "html",
                                 "component_id": "LSKHPOF6JMX7U3NNKHWUJOQEVAE",
                                 "file_name": [ "html", "html_SGRN6V77LGPE3LVEMSNK4GTHUE"]
                              

                              } 

                            ],
                           "LAE7AMYMIEF2ULI77XJG3HERZC4":[
                          
                           
                            {
                              
                                 "component_name": "html",
                                 "component_id": "LKMWEE5Q5VHOUDHZ3ZWPM3ZWHMY",
                                 "file_name": [ "html", "html_SGRN6V77LGPE3LVEMSNK4GTHUE"]
                              

                              } 

                            ],
                           "L6TE3VLMRTMAU5EXIXCSAZ55RJU":[
                          
                           
                            {
                              
                                 "component_name": "html",
                                 "component_id": "LP4F6GGHX7BQUXGS5F4QR6D4HUI",
                                 "file_name": [ "html", "html_SGRN6V77LGPE3LVEMSNK4GTHUE"]
                              

                              } 

                            ],
                           "LBCH57NXFSAIERPEGAQRX2U3DOQ":[
                          
                           
                            {
                              
                                 "component_name": "section",
                                 "component_id": "LCFANTTW7GDLU3CGEJTYIHNMTVU",
                                 "file_name": [ "section", "section_SGRN6V77LGPE3LVEMSNK4GTHUE"]
                              

                              } ,
                            {
                              
                                 "component_name": "section",
                                 "component_id": "LAFS5M4ST2NIUTPSVO4DPGNJAKU",
                                 "file_name": [ "section", "section_SGRN6V77LGPE3LVEMSNK4GTHUE"]
                              

                              } 

                            ],
                           "LN4O24YOMUHUULLTFO2MLDVJTCM":[
                          
                           
                            {
                              
                                 "component_name": "question",
                                  "component_id": "L6SWZC2U3SBKU7MSA7G7OWHMOHM",
                                  "file_name": [ "question", "question_SGRN6V77LGPE3LVEMSNK4GTHUE"]
                               

                              } 

                            ],
                           "L2CD64RFCK7UEDBQTVAPARFYECA":[
                          
                           
                            {
                              
                                 "component_name": "html",
                                 "component_id": "LEABEBCOU6GMUHN562GIOXKKRFU",
                                 "file_name": [ "html", "html_SGRN6V77LGPE3LVEMSNK4GTHUE"]
                              

                              } 

                            ],
                           "LCPSSRVSNA74UDOKE4UQAL2GI64":[
                          
                           
                            {
                              
                                 "component_name": "html",
                                 "component_id": "LAI66EIZELC7U3LJ66N43FTJKSI",
                                 "file_name": [ "html", "html_SGRN6V77LGPE3LVEMSNK4GTHUE"]
                              

                              } 

                            ],
                           "LQXBAUMNS4QIUDG5XWSYA623ZWY":[
                          
                           
                            {
                              
                                 "component_name": "html",
                                 "component_id": "LFIVFQQJT75IU7BYNTBSEEYFAOE",
                                 "file_name": [ "html", "html_SGRN6V77LGPE3LVEMSNK4GTHUE"]
                              

                              } 

                            ],
                           "LYEAJ6VMAWNMUFBZCCAAGSNFDBE":[
                          
                           
                            {
                              
                                 "component_name": "html",
                                 "component_id": "LUGOFESV36FXEXB36HL43U32ZHE",
                                 "file_name": [ "html", "html_SGRN6V77LGPE3LVEMSNK4GTHUE"]
                              

                              } 

                            ],
                           "L37VRMO7HVOYELFOX4PMJ6PAJYY":[
                          
                           
                            {
                              
                                 "component_name": "html",
                                 "component_id": "LGJIBN3GQOEBETMXQLUP67I76IE",
                                 "file_name": [ "html", "html_SGRN6V77LGPE3LVEMSNK4GTHUE"]
                              

                              } 

                            ],
                           "L32YGMWEYFTRE7DRTLHFSEG34VQ":[
                          
                           
                            {
                              
                                 "component_name": "html",
                                 "component_id": "LEKV2VXXWK7JEBLH4PVV5K6OJOM",
                                 "file_name": [ "html", "html_SGRN6V77LGPE3LVEMSNK4GTHUE"]
                              

                              } 

                            ],
                           "L5CO5GOSXVX7ENIXEMVKILAOIHE":[
                          
                           
                            {
                              
                                 "component_name": "html",
                                 "component_id": "L77A4CA3KFGOERBMHIZKKURIU3U",
                                 "file_name": [ "html", "html_SGRN6V77LGPE3LVEMSNK4GTHUE"]
                              

                              } 

                            ],
                           "LY6L7K5UQDOPULCYJTSM7QSIWBY":[
                          
                           
                            {
                              
                                 "component_name": "html",
                                 "component_id": "LUNG2HNGC6PMEVLD6RWRMDONPFM",
                                 "file_name": [ "html", "html_SGRN6V77LGPE3LVEMSNK4GTHUE"]
                              

                              } 

                            ],
                           "LZGD2G6FITS2EZF4YF4UJ53H5RU":[
                          
                           
                            {
                              
                                 "component_name": "html",
                                 "component_id": "L4RESONHFGULUNJSTK6G2CHBYEM",
                                 "file_name": [ "html", "html_SGRN6V77LGPE3LVEMSNK4GTHUE"]
                              

                              } 

                            ],
                           "LE4VDZMAVQP2ETIOL5ELKT4P33M":[
                          
                           
                            {
                              
                                 "component_name": "html",
                                 "component_id": "L6S3XJAEFV72UDJF25PYC64S5LU",
                                 "file_name": [ "html", "html_SGRN6V77LGPE3LVEMSNK4GTHUE"]
                              

                              } 

                            ],
                           "LBLFLUYHXI7EU3DO4DLIRVIAZRA":[
                          
                           
                            {
                              
                                 "component_name": "html",
                                 "component_id": "LG2Q7HSZBGDFEVHXGX4DH3MNRTQ",
                                 "file_name": [ "html", "html_SGRN6V77LGPE3LVEMSNK4GTHUE"]
                              

                              } 

                            ],
                           "LLWR32P6ZQVBUXB3MBNBTLX22GE":[
                          
                           
                            {
                              
                                 "component_name": "html",
                                 "component_id": "L7JZ2HFYRVBBUZFQJNU2NLD6FJ4",
                                 "file_name": [ "html", "html_SGRN6V77LGPE3LVEMSNK4GTHUE"]
                              

                              } 

                            ],
                           "L4IGHBV3HQX7EHN6SZMAYX5HRHY":[
                          
                           
                            {
                              
                                 "component_name": "html",
                                 "component_id": "LLUFKG5DRVMEU7MILJD7VIDRHR4",
                                 "file_name": [ "html", "html_SGRN6V77LGPE3LVEMSNK4GTHUE"]
                              

                              } 

                            ],
                           "L753CT6N6FDSE7IBEP6HA5KZJMI":[
                          
                           
                            {
                              
                                 "component_name": "html",
                                 "component_id": "L6NOFNSGZTVZE5DTZF4NI3JPGRI",
                                 "file_name": [ "html", "html_SGRN6V77LGPE3LVEMSNK4GTHUE"]
                              

                              } 

                            ],
                           "LWWCESV2IK26UBNWANZWPDUIXLI":[
                          
                           
                            {
                              
                                 "component_name": "html",
                                 "component_id": "LWR6L6V3CPGSEXPTUPWICTZPF44",
                                 "file_name": [ "html", "html_SGRN6V77LGPE3LVEMSNK4GTHUE"]
                              

                              } 

                            ],
                           "LCTVWFWXVE6QU5EILAN5PQQZP3U":[
                          
                           
                            {
                              
                                 "component_name": "html",
                                 "component_id": "L4CGIN372K3WUZGDRHBIP7SBO6Y",
                                 "file_name": [ "html", "html_SGRN6V77LGPE3LVEMSNK4GTHUE"]
                              

                              } 

                            ],
                           "LMBS2F555VPQUDE47MYBM7IBZ4E":[
                          
                           
                            {
                              
                                 "component_name": "html",
                                 "component_id": "LQPTRS3J46T7E7JV5NZQNYJKAYE",
                                 "file_name": [ "html", "html_SGRN6V77LGPE3LVEMSNK4GTHUE"]
                              

                              } 

                            ],
                           "LMG2ICEMS3NIEBP564V7YOLUHOQ":[
                          
                           
                            {
                              
                                 "component_name": "html",
                                 "component_id": "LBQ3S6VC2NMBE3F4UTCQTZ5HG7M",
                                 "file_name": [ "html", "html_SGRN6V77LGPE3LVEMSNK4GTHUE"]
                              

                              } 

                            ],
                           "L32B73YBZ6RKUXAH2ET7GEHQXWM":[
                          
                           
                            {
                              
                                 "component_name": "html",
                                 "component_id": "LL3FIJ4BGOZRUVA3HZ5KRNAH2S4",
                                 "file_name": [ "html", "html_SGRN6V77LGPE3LVEMSNK4GTHUE"]
                              

                              } 

                            ],
                           "LGKEEAH24FV3EDK3C53TARFJOFM":[
                          
                           
                            {
                              
                                 "component_name": "html",
                                 "component_id": "LTB6NMN7BCDFEHDTHUY7OC7VBVU",
                                 "file_name": [ "html", "html_SGRN6V77LGPE3LVEMSNK4GTHUE"]
                              

                              } 

                            ],
                           "LWZ7CGXMFXNVE7JN5OP7KP7BLNQ":[
                          
                           
                            {
                              
                                 "component_name": "html",
                                 "component_id": "L3FSMRO2PABSUHFH66JYYNP4CKA",
                                 "file_name": [ "html", "html_SGRN6V77LGPE3LVEMSNK4GTHUE"]
                              

                              } 

                            ],
                           "LOH2NZMYDPFDE7FGB3AD57UYR44":[
                          
                           
                            {
                              
                                 "component_name": "html",
                                 "component_id": "LLUIYGRJL6IGULM2CHJ4LAQE4YI",
                                 "file_name": [ "html", "html_SGRN6V77LGPE3LVEMSNK4GTHUE"]
                              

                              } 

                            ],
                           "LXK454YRUDESEDGTNCW6JTLSAIA":[
                          
                           
                            {
                              
                                 "component_name": "question",
                                  "component_id": "L7KVUX6WFN3SUPMEEW2OQMD2SKI",
                                  "file_name": [ "question", "question_SGRN6V77LGPE3LVEMSNK4GTHUE"]
                               

                              } 

                            ],
                           "LW4W5C3GSS76UXKCMW6FGNZREQY":[
                          
                           
                            {
                              
                                 "component_name": "html",
                                 "component_id": "LTWZFH3WACQGUJAA4WAQMEHZGUE",
                                 "file_name": [ "html", "html_SGRN6V77LGPE3LVEMSNK4GTHUE"]
                              

                              } 

                            ],
                           "L7I5ATJH3PIHE5HNXTM5UIVOWKQ":[
                          
                           
                            {
                              
                                 "component_name": "html",
                                 "component_id": "LYV6UTBCE4XVE3F6W674XGDLDYM",
                                 "file_name": [ "html", "html_SGRN6V77LGPE3LVEMSNK4GTHUE"]
                              

                              } 

                            ],
                           "LSYJKAW3KVLTEXIL5MO55ZKHNXE":[
                          
                           
                            {
                              
                                 "component_name": "html",
                                 "component_id": "LRBIZRXTH2MAEFMSLUCPKYV6KDI",
                                 "file_name": [ "html", "html_SGRN6V77LGPE3LVEMSNK4GTHUE"]
                              

                              } 

                            ],
                           "L2XTRNYKI5GQEHEDYXUXBW4MGP4":[
                          
                           
                            {
                              
                                 "component_name": "html",
                                 "component_id": "LRB4CVP5YX6NERMDTB3ZZHGLLQQ",
                                 "file_name": [ "html", "html_SGRN6V77LGPE3LVEMSNK4GTHUE"]
                              

                              } 

                            ],
                           "LNBKUHUY2VMVURB245JEYFXGSH4":[
                          
                           
                            {
                              
                                 "component_name": "html",
                                 "component_id": "LIIPTCX6XZMRETLPK2QF7UHGDLU",
                                 "file_name": [ "html", "html_SGRN6V77LGPE3LVEMSNK4GTHUE"]
                              

                              } 

                            ],
                           "LY4WQKS3NLGMULDMWK637JIZX3Q":[
                          
                           
                            {
                              
                                 "component_name": "html",
                                 "component_id": "LIZ7KZQYBZO3E5IDUULKMGUCMSY",
                                 "file_name": [ "html", "html_SGRN6V77LGPE3LVEMSNK4GTHUE"]
                              

                              } 

                            ],
                           "LVOFN7N2T6Z6ETNTUY5UY7UU6XA":[
                          
                           
                            {
                              
                                 "component_name": "html",
                                 "component_id": "LXFVQJHL35JAU5OIAQG3ADAUTN4",
                                 "file_name": [ "html", "html_SGRN6V77LGPE3LVEMSNK4GTHUE"]
                              

                              } 

                            ],
                           "LYLL32KUONPYEXHIX76EO5WETWM":[
                          
                           
                            {
                              
                                 "component_name": "html",
                                 "component_id": "LDYTUNUDEO5FERFGVQ62AGNR3YA",
                                 "file_name": [ "html", "html_SGRN6V77LGPE3LVEMSNK4GTHUE"]
                              

                              } 

                            ],
                           "LVK3O7JS5UUIUJNUF723Z36XREY":[
                          
                           
                            {
                              
                                 "component_name": "html",
                                 "component_id": "LV3HDQM4MURKEFICPG5YE5H52UE",
                                 "file_name": [ "html", "html_SGRN6V77LGPE3LVEMSNK4GTHUE"]
                              

                              } 

                            ],
                           "LN57Q7AFDOAGENCOJV6CQ3IOB7A":[
                          
                           
                            {
                              
                                 "component_name": "html",
                                 "component_id": "LGDFHITPH7BHUVNLJJO6WFQA5AQ",
                                 "file_name": [ "html", "html_SGRN6V77LGPE3LVEMSNK4GTHUE"]
                              

                              } 

                            ],
                           "LFLIQPZVYNQEUHGTTC5E7D7OW6I":[
                          
                           
                            {
                              
                                 "component_name": "html",
                                 "component_id": "LTRW2GEQ73LVURMXWJRQBL77EXU",
                                 "file_name": [ "html", "html_SGRN6V77LGPE3LVEMSNK4GTHUE"]
                              

                              } 

                            ],
                           "LFX6E5YP3CA7ETIP23V5BMQXMGU":[
                          
                           
                            {
                              
                                 "component_name": "html",
                                 "component_id": "LGG7N7YYR2VVEVLWC7BCWCJGZPA",
                                 "file_name": [ "html", "html_SGRN6V77LGPE3LVEMSNK4GTHUE"]
                              

                              } 

                            ],
                           "LZK3LXRI6U72E7PGZ2J3XIRIPD4":[
                          
                           
                            {
                              
                                 "component_name": "html",
                                 "component_id": "LQHW37WI7UZEEFKEO6ZNWC47J5E",
                                 "file_name": [ "html", "html_SGRN6V77LGPE3LVEMSNK4GTHUE"]
                              

                              } 

                            ],
                           "LXXHP5JP5V3YE3ESAWMGDHPJ2UM":[
                          
                           
                            {
                              
                                 "component_name": "html",
                                 "component_id": "LDR7NLMCSCKIEDCH44WZHEM6GEI",
                                 "file_name": [ "html", "html_SGRN6V77LGPE3LVEMSNK4GTHUE"]
                              

                              } 

                            ],
                           "LXAV66SZKBFBURMEON5LZSC6UEE":[
                          
                           
                            {
                              
                                 "component_name": "html",
                                 "component_id": "LP7ICU5HHGTAUFJD3KU27RYCN2Q",
                                 "file_name": [ "html", "html_SGRN6V77LGPE3LVEMSNK4GTHUE"]
                              

                              } 

                            ],
                           "LPYJM425GWXIEHHH7ZEMCBUGYOM":[
                          
                           
                            {
                              
                                 "component_name": "html",
                                 "component_id": "LFXB4KPE4ISEEPDDUCRIHOBLRPY",
                                 "file_name": [ "html", "html_SGRN6V77LGPE3LVEMSNK4GTHUE"]
                              

                              } 

                            ],
                           "L7APZDL7335BU3CPSYJTRJRODUQ":[
                          
                           
                            {
                              
                                 "component_name": "html",
                                 "component_id": "LBN6HSLTAZ7MEJF7GSJXUA3MTK4",
                                 "file_name": [ "html", "html_SGRN6V77LGPE3LVEMSNK4GTHUE"]
                              

                              } 

                            ],
                           "LY4FG5FFW643EFHOL25JO6LNT4I":[
                          
                           
                            {
                              
                                 "component_name": "html",
                                 "component_id": "L6VNFOZH6ELYERKLOPNVQOYMGOM",
                                 "file_name": [ "html", "html_SGRN6V77LGPE3LVEMSNK4GTHUE"]
                              

                              } 

                            ],
                           "LINSDBZONCPZEHGUO6FOWDMLTEQ":[
                          
                           
                            {
                              
                                 "component_name": "html",
                                 "component_id": "LTPCIHMLPJH5UPBF4AONJFYYR2M",
                                 "file_name": [ "html", "html_SGRN6V77LGPE3LVEMSNK4GTHUE"]
                              

                              } 

                            ],
                           "LCEM4JUBS5D5UPJBCNI3RZK66AE":[
                          
                           
                            {
                              
                                 "component_name": "html",
                                 "component_id": "LF6R2TWV7G5RUDIB32R6LMUKSX4",
                                 "file_name": [ "html", "html_SGRN6V77LGPE3LVEMSNK4GTHUE"]
                              

                              } 

                            ],
                           "L4N7ERQYO5CGEBDISH3B7AT6ZDM":[
                          
                           
                            {
                              
                                 "component_name": "html",
                                 "component_id": "LDK5Y6ZZKZL5ELPQEFTDHNMA2SE",
                                 "file_name": [ "html", "html_SGRN6V77LGPE3LVEMSNK4GTHUE"]
                              

                              } 

                            ],
                           "LCVCFNPUBFYPU7DMWGEK2F5H6S4":[
                          
                           
                            {
                              
                                 "component_name": "html",
                                 "component_id": "L5SVSBEJHOA3EZMKIBLRQJBT6NY",
                                 "file_name": [ "html", "html_SGRN6V77LGPE3LVEMSNK4GTHUE"]
                              

                              } 

                            ],
                           "LROGFFRFQF6OUHNGPAKWGMTDKII":[
                          
                           
                            {
                              
                                 "component_name": "section",
                                 "component_id": "L2DESATWPVXYU5OCDHWVFQRWEKM",
                                 "file_name": [ "section", "section_SGRN6V77LGPE3LVEMSNK4GTHUE"]
                              

                              } ,
                            {
                              
                                 "component_name": "section",
                                 "component_id": "LMWKFHVNJ52WUVFG6US6FTOQV5I",
                                 "file_name": [ "section", "section_SGRN6V77LGPE3LVEMSNK4GTHUE"]
                              

                              } ,
                            {
                              
                                 "component_name": "section",
                                 "component_id": "LIZXSL2VGISQEDISDPKORIB7F6I",
                                 "file_name": [ "section", "section_SGRN6V77LGPE3LVEMSNK4GTHUE"]
                              

                              } ,
                            {
                              
                                 "component_name": "section",
                                 "component_id": "LJDOUZ7STCWSEVLAZ4XMYSESZ2M",
                                 "file_name": [ "section", "section_SGRN6V77LGPE3LVEMSNK4GTHUE"]
                              

                              } 

                            ],
                           "LMSPWOZYIDFVEXKSCKWF6JQXHFE":[
                          
                           
                            {
                              
                                 "component_name": "question",
                                  "component_id": "LMCXUGEI4ZC2UTO2MZBX7WGKMDQ",
                                  "file_name": [ "question", "question_SGRN6V77LGPE3LVEMSNK4GTHUE"]
                               

                              } 

                            ],
                           "LVQT7YOMUZMSUFOASYWYCPCIOKI":[
                          
                           
                            {
                              
                                 "component_name": "html",
                                 "component_id": "LULI7B3ZATSFENI5V6MHSRACB7Y",
                                 "file_name": [ "html", "html_SGRN6V77LGPE3LVEMSNK4GTHUE"]
                              

                              } 

                            ],
                           "LPLBG4V3UEXNEVD4ATGY4V6PINU":[
                          
                           
                            {
                              
                                 "component_name": "html",
                                 "component_id": "LWGE3GJKLY4JUNJCQIRTI2QCIOY",
                                 "file_name": [ "html", "html_SGRN6V77LGPE3LVEMSNK4GTHUE"]
                              

                              } 

                            ],
                           "L5DDT2BBYGWKEBCFL3ELVDQZUDI":[
                          
                           
                            {
                              
                                 "component_name": "html",
                                 "component_id": "LWUH3MOBXUYGEHHDRZDOKP2AF6E",
                                 "file_name": [ "html", "html_SGRN6V77LGPE3LVEMSNK4GTHUE"]
                              

                              } 

                            ],
                           "L2GV7C5S5FVRUXIYBPI43MPV2OY":[
                          
                           
                            {
                              
                                 "component_name": "html",
                                 "component_id": "LPVQWPFOUQTVE7DIPNO6YUWWYJI",
                                 "file_name": [ "html", "html_SGRN6V77LGPE3LVEMSNK4GTHUE"]
                              

                              } 

                            ],
                           "LE7SEATSMXYTE5IH3HIZ7CVUHV4":[
                          
                           
                            {
                              
                                 "component_name": "html",
                                 "component_id": "L6C4XQUGSXR7UPDO5MPV6YVRAAY",
                                 "file_name": [ "html", "html_SGRN6V77LGPE3LVEMSNK4GTHUE"]
                              

                              } 

                            ],
                           "LYIFEPHLGVOLU5MGS6BTHHOFTQI":[
                          
                           
                            {
                              
                                 "component_name": "html",
                                 "component_id": "LCVD6PIJCGRDEZGAKP4FJPF4J2I",
                                 "file_name": [ "html", "html_SGRN6V77LGPE3LVEMSNK4GTHUE"]
                              

                              } 

                            ],
                           "LMITJGMNXWCCEFNUKTTDOHNR3QI":[
                          
                           
                            {
                              
                                 "component_name": "html",
                                 "component_id": "LAYQFPYKFUKCUTJNZ7WZ6MFKEZU",
                                 "file_name": [ "html", "html_SGRN6V77LGPE3LVEMSNK4GTHUE"]
                              

                              } 

                            ],
                           "LY5R7WE5HT4NE7GECYZBF6YHR2A":[
                          
                           
                            {
                              
                                 "component_name": "html",
                                 "component_id": "LY47G5OBW7TNUPP2Q7IUOVTKSKA",
                                 "file_name": [ "html", "html_SGRN6V77LGPE3LVEMSNK4GTHUE"]
                              

                              } 

                            ],
                           "LDWWJMRTVMC5EJAYL6IYNCEXVDM":[
                          
                           
                            {
                              
                                 "component_name": "html",
                                 "component_id": "LEW4GPCJ6DFSUHPBKSMBMT5GU2A",
                                 "file_name": [ "html", "html_SGRN6V77LGPE3LVEMSNK4GTHUE"]
                              

                              } 

                            ],
                           "LXZWQSWDAQZAEXFB7EMY6V3R63A":[
                          
                           
                            {
                              
                                 "component_name": "html",
                                 "component_id": "LGOEGQWQU3B7EJK73YWZGG66FXQ",
                                 "file_name": [ "html", "html_SGRN6V77LGPE3LVEMSNK4GTHUE"]
                              

                              } 

                            ],
                           "LD7DKRCELXWUERLRB6XTCPN2RFM":[
                          
                           
                            {
                              
                                 "component_name": "html",
                                 "component_id": "LGMQAYZGE43FU5LRCVB7PJPFM4Y",
                                 "file_name": [ "html", "html_SGRN6V77LGPE3LVEMSNK4GTHUE"]
                              

                              } 

                            ],
                           "LHWBCMCHT3XGEZMCJTAOJBNO36A":[
                          
                           
                            {
                              
                                 "component_name": "html",
                                 "component_id": "LQBWH2HYFR36ETB6YX4OZCQR75E",
                                 "file_name": [ "html", "html_SGRN6V77LGPE3LVEMSNK4GTHUE"]
                              

                              } 

                            ],
                           "LASUJIPAP27WUTEVYRIAV2O5AQA":[
                          
                           
                            {
                              
                                 "component_name": "html",
                                 "component_id": "LV4HAZDALYOKEPNFOAZ37QDSZVA",
                                 "file_name": [ "html", "html_SGRN6V77LGPE3LVEMSNK4GTHUE"]
                              

                              } 

                            ],
                           "LA6QX6ZUXEFJEPJIQLVXAMNAD6M":[
                          
                           
                            {
                              
                                 "component_name": "html",
                                 "component_id": "LJ55HUCVOCFOUPPOKVMFU4QQG2Q",
                                 "file_name": [ "html", "html_SGRN6V77LGPE3LVEMSNK4GTHUE"]
                              

                              } 

                            ],
                           "LPMVCP6QWMGPUZFH3USNWNQEL5I":[
                          
                           
                            {
                              
                                 "component_name": "question",
                                  "component_id": "L4PKTOWAYYA3ENDKCUJ7HRPWEBE",
                                  "file_name": [ "question", "question_SGRN6V77LGPE3LVEMSNK4GTHUE"]
                               

                              } 

                            ],
                           "LZUEO5GWKRX3U5CRRH6QDEO3XLA":[
                          
                           
                            {
                              
                                 "component_name": "html",
                                 "component_id": "LIMBJTM5T32EEZKKNJR443RNOG4",
                                 "file_name": [ "html", "html_SGRN6V77LGPE3LVEMSNK4GTHUE"]
                              

                              } 

                            ],
                           "LMJ75ZM2SZLCUXIUMWT35GVOFNI":[
                          
                           
                            {
                              
                                 "component_name": "html",
                                 "component_id": "LFYVLEN54LJNUHOBW57TJPLTUNU",
                                 "file_name": [ "html", "html_SGRN6V77LGPE3LVEMSNK4GTHUE"]
                              

                              } 

                            ],
                           "L5XLU7FEMP2MUNCZ3QXSSCQOZAY":[
                          
                           
                            {
                              
                                 "component_name": "html",
                                 "component_id": "LR5FOV7IJ3GSU5H54LNUYPWMVTQ",
                                 "file_name": [ "html", "html_SGRN6V77LGPE3LVEMSNK4GTHUE"]
                              

                              } 

                            ],
                           "LEV32UZKXRWZUTFQBNTVFVC3WRU":[
                          
                           
                            {
                              
                                 "component_name": "html",
                                 "component_id": "LOKOLKZ4MAGXEDI47KDWWTT7PCU",
                                 "file_name": [ "html", "html_SGRN6V77LGPE3LVEMSNK4GTHUE"]
                              

                              } 

                            ],
                           "LUDB45J6BFKFEBOHFEWLAXUK4OA":[
                          
                           
                            {
                              
                                 "component_name": "html",
                                 "component_id": "LRTZQYTNVNWHULA2HQDAPP47K5Y",
                                 "file_name": [ "html", "html_SGRN6V77LGPE3LVEMSNK4GTHUE"]
                              

                              } 

                            ],
                           "LQYQL2VFYWEXU5BNGXCMS5OFAA4":[
                          
                           
                            {
                              
                                 "component_name": "html",
                                 "component_id": "LC5JYDYKYDGQENM55AARQV2UX6Q",
                                 "file_name": [ "html", "html_SGRN6V77LGPE3LVEMSNK4GTHUE"]
                              

                              } 

                            ],
                           "LHKCUBBJBVJRUDEOYYRT2GKREHQ":[
                          
                           
                            {
                              
                                 "component_name": "html",
                                 "component_id": "LLSXELUQJNNGUVMVKASNGMEKREE",
                                 "file_name": [ "html", "html_SGRN6V77LGPE3LVEMSNK4GTHUE"]
                              

                              } 

                            ],
                           "LTXVESLSNNQSULOMJ4HIFMJBAUI":[
                          
                           
                            {
                              
                                 "component_name": "html",
                                 "component_id": "LAX5Y777C55REHJZJDAZC6RNNCY",
                                 "file_name": [ "html", "html_SGRN6V77LGPE3LVEMSNK4GTHUE"]
                              

                              } 

                            ],
                           "LJILD6AQBYXTU7HWQGSMMD6WS7A":[
                          
                           
                            {
                              
                                 "component_name": "html",
                                 "component_id": "LIMKYDOM56OIUXEGM3VDC4RRAWQ",
                                 "file_name": [ "html", "html_SGRN6V77LGPE3LVEMSNK4GTHUE"]
                              

                              } 

                            ],
                           "LL2KPJRFRSTSE3HYQ7AZHLMEQM4":[
                          
                           
                            {
                              
                                 "component_name": "html",
                                 "component_id": "L4GDRYGRDYRLE7LR6OETAHO2R4M",
                                 "file_name": [ "html", "html_SGRN6V77LGPE3LVEMSNK4GTHUE"]
                              

                              } 

                            ],
                           "LPFVNJHYLLOHERIHMJDZFXOEYCE":[
                          
                           
                            {
                              
                                 "component_name": "html",
                                 "component_id": "LTTVX3ZBVDXIU3AFHEZOQ7ERJPE",
                                 "file_name": [ "html", "html_SGRN6V77LGPE3LVEMSNK4GTHUE"]
                              

                              } 

                            ],
                           "LGRQGT5PEZR2UHB3I6PDEVQWDLM":[
                          
                           
                            {
                              
                                 "component_name": "html",
                                 "component_id": "L4ZZI24FWFPJU5HTZAISDCSBBMU",
                                 "file_name": [ "html", "html_SGRN6V77LGPE3LVEMSNK4GTHUE"]
                              

                              } 

                            ],
                           "LI2Q4UTNXBBEUDDRKSSKCUK2EHA":[
                          
                           
                            {
                              
                                 "component_name": "html",
                                 "component_id": "LG53EP23SQUUE5JK434VAOEUGVU",
                                 "file_name": [ "html", "html_SGRN6V77LGPE3LVEMSNK4GTHUE"]
                              

                              } 

                            ],
                           "LEIDE3CNKACAEBD2KSLOC3LN5HE":[
                          
                           
                            {
                              
                                 "component_name": "html",
                                 "component_id": "LOLACTKGS5QNEZLWWM3QONG6T5I",
                                 "file_name": [ "html", "html_SGRN6V77LGPE3LVEMSNK4GTHUE"]
                              

                              } 

                            ],
                           "LJ7CJNSCE6MHEFIUBJEPIKJKT7A":[
                          
                           
                            {
                              
                                 "component_name": "question",
                                  "component_id": "LTJYD23RPZIOEDA4HXHUEQTN77Q",
                                  "file_name": [ "question", "question_SGRN6V77LGPE3LVEMSNK4GTHUE"]
                               

                              } 

                            ],
                           "L33UMO3FIP4FEHN23HH6GT2DADA":[
                          
                           
                            {
                              
                                 "component_name": "html",
                                 "component_id": "LS6RIOL4X2V3UTJZOJKB5ALNPVY",
                                 "file_name": [ "html", "html_SGRN6V77LGPE3LVEMSNK4GTHUE"]
                              

                              } 

                            ],
                           "LX2RZMQN6TLREFOFHEKRU2KHCME":[
                          
                           
                            {
                              
                                 "component_name": "html",
                                 "component_id": "LZWXJRWKIK7LEJHV6O5C7CWC5BI",
                                 "file_name": [ "html", "html_SGRN6V77LGPE3LVEMSNK4GTHUE"]
                              

                              } 

                            ],
                           "LTEY5NF5K36XUPLA3OGMPX3FQ34":[
                          
                           
                            {
                              
                                 "component_name": "html",
                                 "component_id": "LLX2R7RA72IHU3IBA5HJBVJIFFY",
                                 "file_name": [ "html", "html_SGRN6V77LGPE3LVEMSNK4GTHUE"]
                              

                              } 

                            ],
                           "LO4D6V3YMST6UTGKQAANVBTGYNY":[
                          
                           
                            {
                              
                                 "component_name": "html",
                                 "component_id": "LVY4QISHDXR6EJAK7CY7DTHJV2Q",
                                 "file_name": [ "html", "html_SGRN6V77LGPE3LVEMSNK4GTHUE"]
                              

                              } 

                            ],
                           "LZRCETLRRY3QUJJWWGVNCLCUCCY":[
                          
                           
                            {
                              
                                 "component_name": "html",
                                 "component_id": "LAKO2WDLZQCWUXEIBRSNPL5MUIM",
                                 "file_name": [ "html", "html_SGRN6V77LGPE3LVEMSNK4GTHUE"]
                              

                              } 

                            ],
                           "LOSMTTZQGRL6U7M5IVBOGVVDKXA":[
                          
                           
                            {
                              
                                 "component_name": "html",
                                 "component_id": "LU66NNC7GDGHULOPKRQHZJKXYKE",
                                 "file_name": [ "html", "html_SGRN6V77LGPE3LVEMSNK4GTHUE"]
                              

                              } 

                            ],
                           "LRQIQMD4IHUSE3PQ7FIWZNBC32Q":[
                          
                           
                            {
                              
                                 "component_name": "html",
                                 "component_id": "LUI2DCZNGCZKEBA2NAX5BL24MUU",
                                 "file_name": [ "html", "html_SGRN6V77LGPE3LVEMSNK4GTHUE"]
                              

                              } 

                            ],
                           "LGBPJJ4UG2K7UHFAVW2N4Z2K3OM":[
                          
                           
                            {
                              
                                 "component_name": "html",
                                 "component_id": "LORNSNY2TKITUZLPTWWEEQCNASQ",
                                 "file_name": [ "html", "html_SGRN6V77LGPE3LVEMSNK4GTHUE"]
                              

                              } 

                            ],
                           "LK7DTPQKO74QELL7C37R5DFOC7U":[
                          
                           
                            {
                              
                                 "component_name": "html",
                                 "component_id": "L7IH3QA5V33EEPGOB6OWFIFFNBI",
                                 "file_name": [ "html", "html_SGRN6V77LGPE3LVEMSNK4GTHUE"]
                              

                              } 

                            ],
                           "L5PKFWQUDN3QENJXZMF7AAM7LWE":[
                          
                           
                            {
                              
                                 "component_name": "html",
                                 "component_id": "LBV36EI37JCSEXNQUYM2ZT35JDA",
                                 "file_name": [ "html", "html_SGRN6V77LGPE3LVEMSNK4GTHUE"]
                              

                              } 

                            ],
                           "L3OPGV35XDDNEBAVV6TCWTQQQBI":[
                          
                           
                            {
                              
                                 "component_name": "html",
                                 "component_id": "L4JTLYGNSOB2UJIHR7J3V33BQRY",
                                 "file_name": [ "html", "html_SGRN6V77LGPE3LVEMSNK4GTHUE"]
                              

                              } 

                            ],
                           "L2OSDCAMRZDNUBIRKC3C4PY4XJY":[
                          
                           
                            {
                              
                                 "component_name": "html",
                                 "component_id": "LAAAXBEI4FEGUNE2P6TH5CDFGNI",
                                 "file_name": [ "html", "html_SGRN6V77LGPE3LVEMSNK4GTHUE"]
                              

                              } 

                            ],
                           "LPQZVAIMVDEHEFCUKIKHR6JBJRA":[
                          
                           
                            {
                              
                                 "component_name": "html",
                                 "component_id": "LXNFUZKLLEMZUPFUUMMOYD5HEVA",
                                 "file_name": [ "html", "html_SGRN6V77LGPE3LVEMSNK4GTHUE"]
                              

                              } 

                            ],
                           "LC6QDFRLUQHKEDCP4LKBZ66MQ6I":[
                          
                           
                            {
                              
                                 "component_name": "html",
                                 "component_id": "L5GK5LGMVNYXE5E55QZIIDAYPGE",
                                 "file_name": [ "html", "html_SGRN6V77LGPE3LVEMSNK4GTHUE"]
                              

                              } 

                            ],
                           "LFTQLBOA46C2EXJNUSSMVPHLVOE":[
                          
                           
                            {
                              
                                 "component_name": "question",
                                  "component_id": "LNVOHNACXVMWEFDQUT5HAEREJZ4",
                                  "file_name": [ "question", "question_SGRN6V77LGPE3LVEMSNK4GTHUE"]
                               

                              } 

                            ],
                           "LE5BQJBQCZHRUBJ4HFJROUDGXHY":[
                          
                           
                            {
                              
                                 "component_name": "html",
                                 "component_id": "L6HXZCYY5EYLEXJYEKR3EGJVGMQ",
                                 "file_name": [ "html", "html_SGRN6V77LGPE3LVEMSNK4GTHUE"]
                              

                              } 

                            ],
                           "LFNVRTERFIK6UBBAEO3YXNOYRQY":[
                          
                           
                            {
                              
                                 "component_name": "html",
                                 "component_id": "LTNUMHBNNZW7ERHF7RZHET7IRVY",
                                 "file_name": [ "html", "html_SGRN6V77LGPE3LVEMSNK4GTHUE"]
                              

                              } 

                            ],
                           "L36ZPPEWDF3UUDH2MXCUJV3MCDI":[
                          
                           
                            {
                              
                                 "component_name": "html",
                                 "component_id": "LT6MGPELMX3BEZK57VOKCJDH3K4",
                                 "file_name": [ "html", "html_SGRN6V77LGPE3LVEMSNK4GTHUE"]
                              

                              } 

                            ],
                           "LJXUGXVTB5ZHUNFRPGJHKHGHLCE":[
                          
                           
                            {
                              
                                 "component_name": "html",
                                 "component_id": "L6YUOM6B5TLNEZJTLW3TAOSL644",
                                 "file_name": [ "html", "html_SGRN6V77LGPE3LVEMSNK4GTHUE"]
                              

                              } 

                            ],
                           "LBGHKAPD7YF6ULKJP3OPKIRAFRU":[
                          
                           
                            {
                              
                                 "component_name": "html",
                                 "component_id": "LY2PFONC3OYLUBNG7NTTVVPGKGQ",
                                 "file_name": [ "html", "html_SGRN6V77LGPE3LVEMSNK4GTHUE"]
                              

                              } 

                            ],
                           "L5GH5MSYSDVPEXNCSZGG75FILWM":[
                          
                           
                            {
                              
                                 "component_name": "html",
                                 "component_id": "L67ANO4VC72TE7KUCNYOQT3LKVI",
                                 "file_name": [ "html", "html_SGRN6V77LGPE3LVEMSNK4GTHUE"]
                              

                              } 

                            ],
                           "LEII5E3MZLWWU5OHFBKIO5EJQLQ":[
                          
                           
                            {
                              
                                 "component_name": "html",
                                 "component_id": "LQU2DKEKQXSSEXPHKNWRMF543TQ",
                                 "file_name": [ "html", "html_SGRN6V77LGPE3LVEMSNK4GTHUE"]
                              

                              } 

                            ],
                           "LOCUER6YWFHNU3CMA6W6PWOBONY":[
                          
                           
                            {
                              
                                 "component_name": "html",
                                 "component_id": "LFT23MUPWWHUUPJD257KAJESZIQ",
                                 "file_name": [ "html", "html_SGRN6V77LGPE3LVEMSNK4GTHUE"]
                              

                              } 

                            ],
                           "LKLGVQM6CG7DUDIOLCH5UZZGPLY":[
                          
                           
                            {
                              
                                 "component_name": "html",
                                 "component_id": "LCUYFPQQ7DE2UDEZDSSULZT3THM",
                                 "file_name": [ "html", "html_SGRN6V77LGPE3LVEMSNK4GTHUE"]
                              

                              } 

                            ],
                           "LUFW4F6J5UKVE5AZEPUL3RBFM2A":[
                          
                           
                            {
                              
                                 "component_name": "html",
                                 "component_id": "LNI2UGUSHVZYEPE6CQ3ZMR3UF24",
                                 "file_name": [ "html", "html_SGRN6V77LGPE3LVEMSNK4GTHUE"]
                              

                              } 

                            ],
                           "LL7CWOWLXCZHENNWHJLS5H6BSG4":[
                          
                           
                            {
                              
                                 "component_name": "html",
                                 "component_id": "L435MYKTO2EREBBU6JEPUFEEMIQ",
                                 "file_name": [ "html", "html_SGRN6V77LGPE3LVEMSNK4GTHUE"]
                              

                              } 

                            ],
                           "LIR7JWGFOLXSUTERU7PVLUPBOXE":[
                          
                           
                            {
                              
                                 "component_name": "html",
                                 "component_id": "L3IQJCK5Z23KEFNZVFOGC7GP5GA",
                                 "file_name": [ "html", "html_SGRN6V77LGPE3LVEMSNK4GTHUE"]
                              

                              } 

                            ],
                           "LS772JHLVHIBEZNJK2CQGN7URL4":[
                          
                           
                            {
                              
                                 "component_name": "html",
                                 "component_id": "LQEFCP5XSNN4UHL6CQJAXPXKBP4",
                                 "file_name": [ "html", "html_SGRN6V77LGPE3LVEMSNK4GTHUE"]
                              

                              } 

                            ],
                           "LAOQ22ILTPVTUFHIMTWUMK5CDTE":[
                          
                           
                            {
                              
                                 "component_name": "html",
                                 "component_id": "L2M53WN2ROAWURJG5HJTEARIGVE",
                                 "file_name": [ "html", "html_SGRN6V77LGPE3LVEMSNK4GTHUE"]
                              

                              } 

                            ]

         }
      }

    