
      {
      "html": {
                  
                
                      "LN7YBSLWHCJCEHI5R22P2EZZMJ4": {
                            "data": {
                                "content": "Question statement goes here.",
                                "classes": "html-content-text"
                            }
                             
                        }
                      ,
                
                      "LEMUFTX2XD67E3B4IXW7SXZ43WU": {
                            "data": {
                                "content": "One",
                                "classes": "html-content-text"
                            }
                             
                        }
                      ,
                
                      "LA7WVCJPLMHMU7CR3EMCDLZ4CFA": {
                            "data": {
                                "content": "Two",
                                "classes": "html-content-text"
                            }
                             
                        }
                      ,
                
                      "LTNHIWKSHSODENOXEZPYMD5TO6U": {
                            "data": {
                                "content": "Three",
                                "classes": "html-content-text"
                            }
                             
                        }
                      ,
                
                      "LDWDJMEGIH4TEZNXIQTNA53PP5Q": {
                            "data": {
                                "content": "Four",
                                "classes": "html-content-text"
                            }
                             
                        }
                      ,
                
                      "LZNXJQ52TVDVEJEUEXU43OYCEKE": {
                            "data": {
                                "content": "Hint 1 goes here",
                                "classes": "html-content-text"
                            }
                             
                        }
                      ,
                
                      "LXJRRSMUB5KAURPOVVU3OFMZNGU": {
                            "data": {
                                "content": "Hint 2 goes here",
                                "classes": "html-content-text"
                            }
                             
                        }
                      ,
                
                      "LUPK6XO4D46EU3LRMMEXV3TDIAE": {
                            "data": {
                                "content": "Correct feedback goes here.",
                                "classes": "html-content-text"
                            }
                             
                        }
                      ,
                
                      "LQE5TNPZLOOFUPL7HZCNGOTLBBM": {
                            "data": {
                                "content": "Incorrect feedback goes here.",
                                "classes": "html-content-text"
                            }
                             
                        }
                      ,
                
                      "LNCME2TSEJDXUNN6LEHJ43HP43Q": {
                            "data": {
                                "content": "General feedback goes here.",
                                "classes": "html-content-text"
                            }
                             
                        }
                      ,
                
                      "LFFHKJCINC3XERPD4H2WRPXAMJM": {
                            "data": {
                                "content": "Partial feeback goes here",
                                "classes": "html-content-text"
                            }
                             
                        }
                      ,
                
                      "LU7KEIYYHSVKULIEH2ZFH267KC4": {
                            "data": {
                                "content": "Question statement goes here.",
                                "classes": "html-content-text"
                            }
                             
                        }
                      ,
                
                      "LWVTYTRPIVKHEBGWHPJZLN46COA": {
                            "data": {
                                "content": "One",
                                "classes": "html-content-text"
                            }
                             
                        }
                      ,
                
                      "LZWC26HUUFMFEVMYNMON2SWIWPE": {
                            "data": {
                                "content": "Two",
                                "classes": "html-content-text"
                            }
                             
                        }
                      ,
                
                      "LLBIRE6Y3ID6EDJ2F4OTIF3ZZEQ": {
                            "data": {
                                "content": "Three",
                                "classes": "html-content-text"
                            }
                             
                        }
                      ,
                
                      "LSXTVWGPVLR4UHBEHUBFFH6UR6A": {
                            "data": {
                                "content": "Four",
                                "classes": "html-content-text"
                            }
                             
                        }
                      ,
                
                      "LB7TJB4QAIR5U5MBK2LGWQAYOY4": {
                            "data": {
                                "content": "Hint 1 goes here",
                                "classes": "html-content-text"
                            }
                             
                        }
                      ,
                
                      "L2Q6T5OORKOBE5HBWW4RFE5M67M": {
                            "data": {
                                "content": "Hint 2 goes here",
                                "classes": "html-content-text"
                            }
                             
                        }
                      ,
                
                      "L6ADOK4UTRWSEJOIMFT4Q5XR7JY": {
                            "data": {
                                "content": "Correct feedback goes here.",
                                "classes": "html-content-text"
                            }
                             
                        }
                      ,
                
                      "LDI6ZSRKY7AUEDOFXU2NAKCVU4E": {
                            "data": {
                                "content": "Incorrect feedback goes here.",
                                "classes": "html-content-text"
                            }
                             
                        }
                      ,
                
                      "LJVTUDDBHLV6ELDE5YD4XTQUUYU": {
                            "data": {
                                "content": "General feedback goes here.",
                                "classes": "html-content-text"
                            }
                             
                        }
                      ,
                
                      "LT76U3U354IYUFIEXA5E3X5MM7Q": {
                            "data": {
                                "content": "Partial feeback goes here",
                                "classes": "html-content-text"
                            }
                             
                        }
                      ,
                
                      "LNHK7WXK3DURE3NTOGSVRPPPD2Q": {
                            "data": {
                                "content": "Question statement goes here.",
                                "classes": "html-content-text"
                            }
                             
                        }
                      ,
                
                      "LV63NAFEH366UZHTJX4S4I5FLO4": {
                            "data": {
                                "content": "One",
                                "classes": "html-content-text"
                            }
                             
                        }
                      ,
                
                      "LUYDEAT2MW5OULK56ZFSQMWT3PA": {
                            "data": {
                                "content": "Two",
                                "classes": "html-content-text"
                            }
                             
                        }
                      ,
                
                      "L3CLUJHNGRBNEXNNC5S6AS7QE7Q": {
                            "data": {
                                "content": "Three",
                                "classes": "html-content-text"
                            }
                             
                        }
                      ,
                
                      "L4NCWONMNAPPETGOEA3MEQ63ORQ": {
                            "data": {
                                "content": "Four",
                                "classes": "html-content-text"
                            }
                             
                        }
                      ,
                
                      "LVAFIYOYHDPBU3MCA7F7VZ72RVE": {
                            "data": {
                                "content": "Hint 1 goes here",
                                "classes": "html-content-text"
                            }
                             
                        }
                      ,
                
                      "LAW7OYOBY6YPUFFCFY7EYLW7UKA": {
                            "data": {
                                "content": "Hint 2 goes here",
                                "classes": "html-content-text"
                            }
                             
                        }
                      ,
                
                      "LT76TNWRG6XSUVO4BSMMA756ZVA": {
                            "data": {
                                "content": "Correct feedback goes here.",
                                "classes": "html-content-text"
                            }
                             
                        }
                      ,
                
                      "L4ZJ56UT5X7SETLHWS2B7Z43MME": {
                            "data": {
                                "content": "Incorrect feedback goes here.",
                                "classes": "html-content-text"
                            }
                             
                        }
                      ,
                
                      "L57YWJEX6LQQUPODSYKCCDRS2X4": {
                            "data": {
                                "content": "General feedback goes here.",
                                "classes": "html-content-text"
                            }
                             
                        }
                      ,
                
                      "LQLQ6NIVSLLLEJMRW7GJRVPQKMU": {
                            "data": {
                                "content": "Partial feeback goes here",
                                "classes": "html-content-text"
                            }
                             
                        }
                      ,
                
                      "LBTPPQHEB3C2EHCRZBVD4COWYLY": {
                            "data": {
                                "content": "Question statement goes here.",
                                "classes": "html-content-text"
                            }
                             
                        }
                      ,
                
                      "LFTEZJTMKZZ5UFPNOHHMT62SJ24": {
                            "data": {
                                "content": "One",
                                "classes": "html-content-text"
                            }
                             
                        }
                      ,
                
                      "L44BU5VD2LH2EDJSS3JGXHWEGTM": {
                            "data": {
                                "content": "Two",
                                "classes": "html-content-text"
                            }
                             
                        }
                      ,
                
                      "LC5FUSPYNRMBENHPGB6AZSMSDBM": {
                            "data": {
                                "content": "Three",
                                "classes": "html-content-text"
                            }
                             
                        }
                      ,
                
                      "LCP2W6NFDNRAUTIUYXDLI2XG554": {
                            "data": {
                                "content": "Four",
                                "classes": "html-content-text"
                            }
                             
                        }
                      ,
                
                      "LFBSZBTWMX4EEFF4TN4C2RQOYSM": {
                            "data": {
                                "content": "Hint 1 goes here",
                                "classes": "html-content-text"
                            }
                             
                        }
                      ,
                
                      "LFJZWPGNAORAEBEYU7JY2JSRLKI": {
                            "data": {
                                "content": "Hint 2 goes here",
                                "classes": "html-content-text"
                            }
                             
                        }
                      ,
                
                      "LWTCDLZUKJL3UNI4RB6XHN6VYXU": {
                            "data": {
                                "content": "Correct feedback goes here.",
                                "classes": "html-content-text"
                            }
                             
                        }
                      ,
                
                      "LK7ZQSB5BTRJEHB7CFPQBKBZTSM": {
                            "data": {
                                "content": "Incorrect feedback goes here.",
                                "classes": "html-content-text"
                            }
                             
                        }
                      ,
                
                      "LIGHL4RTYRU3E3ATJK55PBFZIKM": {
                            "data": {
                                "content": "General feedback goes here.",
                                "classes": "html-content-text"
                            }
                             
                        }
                      ,
                
                      "LYZPCHLLMCY4UNAX2ODHDY3N54Q": {
                            "data": {
                                "content": "Partial feeback goes here",
                                "classes": "html-content-text"
                            }
                             
                        }
                      ,
                
                      "L4FF5I5BVF27UHNAZDJJ4WNHEIU": {
                            "data": {
                                "content": "Question statement goes here.",
                                "classes": "html-content-text"
                            }
                             
                        }
                      ,
                
                      "LO34T7N5PPYKUPBGX4EFC46NYQY": {
                            "data": {
                                "content": "One",
                                "classes": "html-content-text"
                            }
                             
                        }
                      ,
                
                      "LJP4AF5H2AXWUPNH23UUBS5AQYU": {
                            "data": {
                                "content": "Two",
                                "classes": "html-content-text"
                            }
                             
                        }
                      ,
                
                      "LE7XXZCI6IKSEBK2ZE4YPVSPOOE": {
                            "data": {
                                "content": "Three",
                                "classes": "html-content-text"
                            }
                             
                        }
                      ,
                
                      "LE4BFEMZG4FJURHBBXFO5LSVI3Q": {
                            "data": {
                                "content": "Four",
                                "classes": "html-content-text"
                            }
                             
                        }
                      ,
                
                      "LG673JMCM726UDPJCFSPJSVRHEA": {
                            "data": {
                                "content": "Hint 1 goes here",
                                "classes": "html-content-text"
                            }
                             
                        }
                      ,
                
                      "LZJQKDALQ7SBEFPNLAYUKUVIZCI": {
                            "data": {
                                "content": "Hint 2 goes here",
                                "classes": "html-content-text"
                            }
                             
                        }
                      ,
                
                      "L7IMKQNENNJ6U5GLUIXDUZVRDY4": {
                            "data": {
                                "content": "Correct feedback goes here.",
                                "classes": "html-content-text"
                            }
                             
                        }
                      ,
                
                      "L362OI6IH6DSUZF3N3Y54FRSSZM": {
                            "data": {
                                "content": "Incorrect feedback goes here.",
                                "classes": "html-content-text"
                            }
                             
                        }
                      ,
                
                      "L43RZVPLBZN5E7M4GTPRBAODFVQ": {
                            "data": {
                                "content": "General feedback goes here.",
                                "classes": "html-content-text"
                            }
                             
                        }
                      ,
                
                      "LPIUSLGS5D6REVFSKZVPAPEWJEM": {
                            "data": {
                                "content": "Partial feeback goes here",
                                "classes": "html-content-text"
                            }
                             
                        }
                      ,
                
                      "LSLFLKBMALG4E7NL6GF2MYDJBBE": {
                            "data": {
                                "content": "Question statement goes here.",
                                "classes": "html-content-text"
                            }
                             
                        }
                      ,
                
                      "LGCQUS5EC5NOETKLCFMWWSKWJKY": {
                            "data": {
                                "content": "one",
                                "classes": "html-content-text"
                            }
                             
                        }
                      ,
                
                      "LNYIB7B6ZXDTU7KSY7YTH7SHUPY": {
                            "data": {
                                "content": "1",
                                "classes": "html-content-text"
                            }
                             
                        }
                      ,
                
                      "L7BMHFI7S4YEEHIT2N2ODFZ6XSI": {
                            "data": {
                                "content": "two",
                                "classes": "html-content-text"
                            }
                             
                        }
                      ,
                
                      "LY4PLPUXTROSUPC35UXOTOPSAN4": {
                            "data": {
                                "content": "2",
                                "classes": "html-content-text"
                            }
                             
                        }
                      ,
                
                      "L376AKLQJH7ZUNDLVIASJQFZOVM": {
                            "data": {
                                "content": "three",
                                "classes": "html-content-text"
                            }
                             
                        }
                      ,
                
                      "LWSUVWJCP5ONETKBMARKU4IKDHI": {
                            "data": {
                                "content": "3",
                                "classes": "html-content-text"
                            }
                             
                        }
                      ,
                
                      "LQWWIRZQAO7YE7GPJ5WR72OLDGQ": {
                            "data": {
                                "content": "Hint goes here",
                                "classes": "html-content-text"
                            }
                             
                        }
                      ,
                
                      "LOC5LD3Q2PA4UFLMFMS4QTHC52M": {
                            "data": {
                                "content": "General feedback goes here",
                                "classes": "html-content-text"
                            }
                             
                        }
                      ,
                
                      "LSKHPOF6JMX7U3NNKHWUJOQEVAE": {
                            "data": {
                                "content": "Correct feedback goes here.",
                                "classes": "html-content-text"
                            }
                             
                        }
                      ,
                
                      "LKMWEE5Q5VHOUDHZ3ZWPM3ZWHMY": {
                            "data": {
                                "content": "Incorrect feedback goes here",
                                "classes": "html-content-text"
                            }
                             
                        }
                      ,
                
                      "LP4F6GGHX7BQUXGS5F4QR6D4HUI": {
                            "data": {
                                "content": "Partial feedback goes here.",
                                "classes": "html-content-text"
                            }
                             
                        }
                      ,
                
                      "LEABEBCOU6GMUHN562GIOXKKRFU": {
                            "data": {
                                "content": "Classify the following.",
                                "classes": "html-content-text"
                            }
                             
                        }
                      ,
                
                      "LAI66EIZELC7U3LJ66N43FTJKSI": {
                            "data": {
                                "content": "Cat",
                                "classes": "html-content-text"
                            }
                             
                        }
                      ,
                
                      "LFIVFQQJT75IU7BYNTBSEEYFAOE": {
                            "data": {
                                "content": "Feedback goes here.",
                                "classes": "html-content-text"
                            }
                             
                        }
                      ,
                
                      "LUGOFESV36FXEXB36HL43U32ZHE": {
                            "data": {
                                "content": "Horse",
                                "classes": "html-content-text"
                            }
                             
                        }
                      ,
                
                      "LGJIBN3GQOEBETMXQLUP67I76IE": {
                            "data": {
                                "content": "Feedback goes here.",
                                "classes": "html-content-text"
                            }
                             
                        }
                      ,
                
                      "LEKV2VXXWK7JEBLH4PVV5K6OJOM": {
                            "data": {
                                "content": "Sheep",
                                "classes": "html-content-text"
                            }
                             
                        }
                      ,
                
                      "L77A4CA3KFGOERBMHIZKKURIU3U": {
                            "data": {
                                "content": "Feedback goes here.",
                                "classes": "html-content-text"
                            }
                             
                        }
                      ,
                
                      "LUNG2HNGC6PMEVLD6RWRMDONPFM": {
                            "data": {
                                "content": "Elephant",
                                "classes": "html-content-text"
                            }
                             
                        }
                      ,
                
                      "L4RESONHFGULUNJSTK6G2CHBYEM": {
                            "data": {
                                "content": "Feedback goes here.",
                                "classes": "html-content-text"
                            }
                             
                        }
                      ,
                
                      "L6S3XJAEFV72UDJF25PYC64S5LU": {
                            "data": {
                                "content": "Bird",
                                "classes": "html-content-text"
                            }
                             
                        }
                      ,
                
                      "LG2Q7HSZBGDFEVHXGX4DH3MNRTQ": {
                            "data": {
                                "content": "Feedback goes here.",
                                "classes": "html-content-text"
                            }
                             
                        }
                      ,
                
                      "L7JZ2HFYRVBBUZFQJNU2NLD6FJ4": {
                            "data": {
                                "content": "Butterfly",
                                "classes": "html-content-text"
                            }
                             
                        }
                      ,
                
                      "LLUFKG5DRVMEU7MILJD7VIDRHR4": {
                            "data": {
                                "content": "Feedback goes here.",
                                "classes": "html-content-text"
                            }
                             
                        }
                      ,
                
                      "L6NOFNSGZTVZE5DTZF4NI3JPGRI": {
                            "data": {
                                "content": "Bee",
                                "classes": "html-content-text"
                            }
                             
                        }
                      ,
                
                      "LWR6L6V3CPGSEXPTUPWICTZPF44": {
                            "data": {
                                "content": "Feedback goes here.",
                                "classes": "html-content-text"
                            }
                             
                        }
                      ,
                
                      "L4CGIN372K3WUZGDRHBIP7SBO6Y": {
                            "data": {
                                "content": "Bat",
                                "classes": "html-content-text"
                            }
                             
                        }
                      ,
                
                      "LQPTRS3J46T7E7JV5NZQNYJKAYE": {
                            "data": {
                                "content": "Feedback goes here.",
                                "classes": "html-content-text"
                            }
                             
                        }
                      ,
                
                      "LBQ3S6VC2NMBE3F4UTCQTZ5HG7M": {
                            "data": {
                                "content": "Hint goes here.",
                                "classes": "html-content-text"
                            }
                             
                        }
                      ,
                
                      "LL3FIJ4BGOZRUVA3HZ5KRNAH2S4": {
                            "data": {
                                "content": "Correct feedback goes here.",
                                "classes": "html-content-text"
                            }
                             
                        }
                      ,
                
                      "LTB6NMN7BCDFEHDTHUY7OC7VBVU": {
                            "data": {
                                "content": "&nbsp;<br/> Incorrect feedback goes here.",
                                "classes": "html-content-text"
                            }
                             
                        }
                      ,
                
                      "L3FSMRO2PABSUHFH66JYYNP4CKA": {
                            "data": {
                                "content": "&nbsp;General feedback goes here.",
                                "classes": "html-content-text"
                            }
                             
                        }
                      ,
                
                      "LLUIYGRJL6IGULM2CHJ4LAQE4YI": {
                            "data": {
                                "content": "&nbsp;Partial feedback goes here.",
                                "classes": "html-content-text"
                            }
                             
                        }
                      ,
                
                      "LTWZFH3WACQGUJAA4WAQMEHZGUE": {
                            "data": {
                                "content": "Classify the following.",
                                "classes": "html-content-text"
                            }
                             
                        }
                      ,
                
                      "LYV6UTBCE4XVE3F6W674XGDLDYM": {
                            "data": {
                                "content": "Cat",
                                "classes": "html-content-text"
                            }
                             
                        }
                      ,
                
                      "LRBIZRXTH2MAEFMSLUCPKYV6KDI": {
                            "data": {
                                "content": "Feedback goes here.",
                                "classes": "html-content-text"
                            }
                             
                        }
                      ,
                
                      "LRB4CVP5YX6NERMDTB3ZZHGLLQQ": {
                            "data": {
                                "content": "Horse",
                                "classes": "html-content-text"
                            }
                             
                        }
                      ,
                
                      "LIIPTCX6XZMRETLPK2QF7UHGDLU": {
                            "data": {
                                "content": "Feedback goes here.",
                                "classes": "html-content-text"
                            }
                             
                        }
                      ,
                
                      "LIZ7KZQYBZO3E5IDUULKMGUCMSY": {
                            "data": {
                                "content": "Sheep",
                                "classes": "html-content-text"
                            }
                             
                        }
                      ,
                
                      "LXFVQJHL35JAU5OIAQG3ADAUTN4": {
                            "data": {
                                "content": "Feedback goes here.",
                                "classes": "html-content-text"
                            }
                             
                        }
                      ,
                
                      "LDYTUNUDEO5FERFGVQ62AGNR3YA": {
                            "data": {
                                "content": "Elephant",
                                "classes": "html-content-text"
                            }
                             
                        }
                      ,
                
                      "LV3HDQM4MURKEFICPG5YE5H52UE": {
                            "data": {
                                "content": "Feedback goes here.",
                                "classes": "html-content-text"
                            }
                             
                        }
                      ,
                
                      "LGDFHITPH7BHUVNLJJO6WFQA5AQ": {
                            "data": {
                                "content": "Bird",
                                "classes": "html-content-text"
                            }
                             
                        }
                      ,
                
                      "LTRW2GEQ73LVURMXWJRQBL77EXU": {
                            "data": {
                                "content": "Feedback goes here.",
                                "classes": "html-content-text"
                            }
                             
                        }
                      ,
                
                      "LGG7N7YYR2VVEVLWC7BCWCJGZPA": {
                            "data": {
                                "content": "Butterfly",
                                "classes": "html-content-text"
                            }
                             
                        }
                      ,
                
                      "LQHW37WI7UZEEFKEO6ZNWC47J5E": {
                            "data": {
                                "content": "Feedback goes here.",
                                "classes": "html-content-text"
                            }
                             
                        }
                      ,
                
                      "LDR7NLMCSCKIEDCH44WZHEM6GEI": {
                            "data": {
                                "content": "Bee",
                                "classes": "html-content-text"
                            }
                             
                        }
                      ,
                
                      "LP7ICU5HHGTAUFJD3KU27RYCN2Q": {
                            "data": {
                                "content": "Feedback goes here.",
                                "classes": "html-content-text"
                            }
                             
                        }
                      ,
                
                      "LFXB4KPE4ISEEPDDUCRIHOBLRPY": {
                            "data": {
                                "content": "Bat",
                                "classes": "html-content-text"
                            }
                             
                        }
                      ,
                
                      "LBN6HSLTAZ7MEJF7GSJXUA3MTK4": {
                            "data": {
                                "content": "Feedback goes here.",
                                "classes": "html-content-text"
                            }
                             
                        }
                      ,
                
                      "L6VNFOZH6ELYERKLOPNVQOYMGOM": {
                            "data": {
                                "content": "Hint goes here.",
                                "classes": "html-content-text"
                            }
                             
                        }
                      ,
                
                      "LTPCIHMLPJH5UPBF4AONJFYYR2M": {
                            "data": {
                                "content": "Correct feedback goes here.",
                                "classes": "html-content-text"
                            }
                             
                        }
                      ,
                
                      "LF6R2TWV7G5RUDIB32R6LMUKSX4": {
                            "data": {
                                "content": "&nbsp;<br/> Incorrect feedback goes here.",
                                "classes": "html-content-text"
                            }
                             
                        }
                      ,
                
                      "LDK5Y6ZZKZL5ELPQEFTDHNMA2SE": {
                            "data": {
                                "content": "&nbsp;General feedback goes here.",
                                "classes": "html-content-text"
                            }
                             
                        }
                      ,
                
                      "L5SVSBEJHOA3EZMKIBLRQJBT6NY": {
                            "data": {
                                "content": "&nbsp;Partial feedback goes here.",
                                "classes": "html-content-text"
                            }
                             
                        }
                      ,
                
                      "LULI7B3ZATSFENI5V6MHSRACB7Y": {
                            "data": {
                                "content": "Classify the following.",
                                "classes": "html-content-text"
                            }
                             
                        }
                      ,
                
                      "LWGE3GJKLY4JUNJCQIRTI2QCIOY": {
                            "data": {
                                "content": "Cat",
                                "classes": "html-content-text"
                            }
                             
                        }
                      ,
                
                      "LWUH3MOBXUYGEHHDRZDOKP2AF6E": {
                            "data": {
                                "content": "Feedback goes here.",
                                "classes": "html-content-text"
                            }
                             
                        }
                      ,
                
                      "LPVQWPFOUQTVE7DIPNO6YUWWYJI": {
                            "data": {
                                "content": "Horse",
                                "classes": "html-content-text"
                            }
                             
                        }
                      ,
                
                      "L6C4XQUGSXR7UPDO5MPV6YVRAAY": {
                            "data": {
                                "content": "Feedback goes here.",
                                "classes": "html-content-text"
                            }
                             
                        }
                      ,
                
                      "LCVD6PIJCGRDEZGAKP4FJPF4J2I": {
                            "data": {
                                "content": "Bird",
                                "classes": "html-content-text"
                            }
                             
                        }
                      ,
                
                      "LAYQFPYKFUKCUTJNZ7WZ6MFKEZU": {
                            "data": {
                                "content": "Feedback goes here.",
                                "classes": "html-content-text"
                            }
                             
                        }
                      ,
                
                      "LY47G5OBW7TNUPP2Q7IUOVTKSKA": {
                            "data": {
                                "content": "Butterfly",
                                "classes": "html-content-text"
                            }
                             
                        }
                      ,
                
                      "LEW4GPCJ6DFSUHPBKSMBMT5GU2A": {
                            "data": {
                                "content": "Feedback goes here.",
                                "classes": "html-content-text"
                            }
                             
                        }
                      ,
                
                      "LGOEGQWQU3B7EJK73YWZGG66FXQ": {
                            "data": {
                                "content": "Hint goes here.",
                                "classes": "html-content-text"
                            }
                             
                        }
                      ,
                
                      "LGMQAYZGE43FU5LRCVB7PJPFM4Y": {
                            "data": {
                                "content": "Correct feedback goes here.",
                                "classes": "html-content-text"
                            }
                             
                        }
                      ,
                
                      "LQBWH2HYFR36ETB6YX4OZCQR75E": {
                            "data": {
                                "content": "&nbsp;<br/> Incorrect feedback goes here.",
                                "classes": "html-content-text"
                            }
                             
                        }
                      ,
                
                      "LV4HAZDALYOKEPNFOAZ37QDSZVA": {
                            "data": {
                                "content": "&nbsp;General feedback goes here.",
                                "classes": "html-content-text"
                            }
                             
                        }
                      ,
                
                      "LJ55HUCVOCFOUPPOKVMFU4QQG2Q": {
                            "data": {
                                "content": "&nbsp;Partial feedback goes here.",
                                "classes": "html-content-text"
                            }
                             
                        }
                      ,
                
                      "LIMBJTM5T32EEZKKNJR443RNOG4": {
                            "data": {
                                "content": "Classify the following.",
                                "classes": "html-content-text"
                            }
                             
                        }
                      ,
                
                      "LFYVLEN54LJNUHOBW57TJPLTUNU": {
                            "data": {
                                "content": "Cat",
                                "classes": "html-content-text"
                            }
                             
                        }
                      ,
                
                      "LR5FOV7IJ3GSU5H54LNUYPWMVTQ": {
                            "data": {
                                "content": "Feedback goes here.",
                                "classes": "html-content-text"
                            }
                             
                        }
                      ,
                
                      "LOKOLKZ4MAGXEDI47KDWWTT7PCU": {
                            "data": {
                                "content": "Horse",
                                "classes": "html-content-text"
                            }
                             
                        }
                      ,
                
                      "LRTZQYTNVNWHULA2HQDAPP47K5Y": {
                            "data": {
                                "content": "Feedback goes here.",
                                "classes": "html-content-text"
                            }
                             
                        }
                      ,
                
                      "LC5JYDYKYDGQENM55AARQV2UX6Q": {
                            "data": {
                                "content": "Bird",
                                "classes": "html-content-text"
                            }
                             
                        }
                      ,
                
                      "LLSXELUQJNNGUVMVKASNGMEKREE": {
                            "data": {
                                "content": "Feedback goes here.",
                                "classes": "html-content-text"
                            }
                             
                        }
                      ,
                
                      "LAX5Y777C55REHJZJDAZC6RNNCY": {
                            "data": {
                                "content": "Butterfly",
                                "classes": "html-content-text"
                            }
                             
                        }
                      ,
                
                      "LIMKYDOM56OIUXEGM3VDC4RRAWQ": {
                            "data": {
                                "content": "Feedback goes here.",
                                "classes": "html-content-text"
                            }
                             
                        }
                      ,
                
                      "L4GDRYGRDYRLE7LR6OETAHO2R4M": {
                            "data": {
                                "content": "Hint goes here.",
                                "classes": "html-content-text"
                            }
                             
                        }
                      ,
                
                      "LTTVX3ZBVDXIU3AFHEZOQ7ERJPE": {
                            "data": {
                                "content": "Correct feedback goes here.",
                                "classes": "html-content-text"
                            }
                             
                        }
                      ,
                
                      "L4ZZI24FWFPJU5HTZAISDCSBBMU": {
                            "data": {
                                "content": "&nbsp;<br/> Incorrect feedback goes here.",
                                "classes": "html-content-text"
                            }
                             
                        }
                      ,
                
                      "LG53EP23SQUUE5JK434VAOEUGVU": {
                            "data": {
                                "content": "&nbsp;General feedback goes here.",
                                "classes": "html-content-text"
                            }
                             
                        }
                      ,
                
                      "LOLACTKGS5QNEZLWWM3QONG6T5I": {
                            "data": {
                                "content": "&nbsp;Partial feedback goes here.",
                                "classes": "html-content-text"
                            }
                             
                        }
                      ,
                
                      "LS6RIOL4X2V3UTJZOJKB5ALNPVY": {
                            "data": {
                                "content": "Classify the following.",
                                "classes": "html-content-text"
                            }
                             
                        }
                      ,
                
                      "LZWXJRWKIK7LEJHV6O5C7CWC5BI": {
                            "data": {
                                "content": "Cat",
                                "classes": "html-content-text"
                            }
                             
                        }
                      ,
                
                      "LLX2R7RA72IHU3IBA5HJBVJIFFY": {
                            "data": {
                                "content": "Feedback goes here.",
                                "classes": "html-content-text"
                            }
                             
                        }
                      ,
                
                      "LVY4QISHDXR6EJAK7CY7DTHJV2Q": {
                            "data": {
                                "content": "Horse",
                                "classes": "html-content-text"
                            }
                             
                        }
                      ,
                
                      "LAKO2WDLZQCWUXEIBRSNPL5MUIM": {
                            "data": {
                                "content": "Feedback goes here.",
                                "classes": "html-content-text"
                            }
                             
                        }
                      ,
                
                      "LU66NNC7GDGHULOPKRQHZJKXYKE": {
                            "data": {
                                "content": "Bird",
                                "classes": "html-content-text"
                            }
                             
                        }
                      ,
                
                      "LUI2DCZNGCZKEBA2NAX5BL24MUU": {
                            "data": {
                                "content": "Feedback goes here.",
                                "classes": "html-content-text"
                            }
                             
                        }
                      ,
                
                      "LORNSNY2TKITUZLPTWWEEQCNASQ": {
                            "data": {
                                "content": "Butterfly",
                                "classes": "html-content-text"
                            }
                             
                        }
                      ,
                
                      "L7IH3QA5V33EEPGOB6OWFIFFNBI": {
                            "data": {
                                "content": "Feedback goes here.",
                                "classes": "html-content-text"
                            }
                             
                        }
                      ,
                
                      "LBV36EI37JCSEXNQUYM2ZT35JDA": {
                            "data": {
                                "content": "Hint goes here.",
                                "classes": "html-content-text"
                            }
                             
                        }
                      ,
                
                      "L4JTLYGNSOB2UJIHR7J3V33BQRY": {
                            "data": {
                                "content": "Correct feedback goes here.",
                                "classes": "html-content-text"
                            }
                             
                        }
                      ,
                
                      "LAAAXBEI4FEGUNE2P6TH5CDFGNI": {
                            "data": {
                                "content": "&nbsp;<br/> Incorrect feedback goes here.",
                                "classes": "html-content-text"
                            }
                             
                        }
                      ,
                
                      "LXNFUZKLLEMZUPFUUMMOYD5HEVA": {
                            "data": {
                                "content": "&nbsp;General feedback goes here.",
                                "classes": "html-content-text"
                            }
                             
                        }
                      ,
                
                      "L5GK5LGMVNYXE5E55QZIIDAYPGE": {
                            "data": {
                                "content": "&nbsp;Partial feedback goes here.",
                                "classes": "html-content-text"
                            }
                             
                        }
                      ,
                
                      "L6HXZCYY5EYLEXJYEKR3EGJVGMQ": {
                            "data": {
                                "content": "Classify the following.",
                                "classes": "html-content-text"
                            }
                             
                        }
                      ,
                
                      "LTNUMHBNNZW7ERHF7RZHET7IRVY": {
                            "data": {
                                "content": "Cat",
                                "classes": "html-content-text"
                            }
                             
                        }
                      ,
                
                      "LT6MGPELMX3BEZK57VOKCJDH3K4": {
                            "data": {
                                "content": "Feedback goes here.",
                                "classes": "html-content-text"
                            }
                             
                        }
                      ,
                
                      "L6YUOM6B5TLNEZJTLW3TAOSL644": {
                            "data": {
                                "content": "Horse",
                                "classes": "html-content-text"
                            }
                             
                        }
                      ,
                
                      "LY2PFONC3OYLUBNG7NTTVVPGKGQ": {
                            "data": {
                                "content": "Feedback goes here.",
                                "classes": "html-content-text"
                            }
                             
                        }
                      ,
                
                      "L67ANO4VC72TE7KUCNYOQT3LKVI": {
                            "data": {
                                "content": "Bird",
                                "classes": "html-content-text"
                            }
                             
                        }
                      ,
                
                      "LQU2DKEKQXSSEXPHKNWRMF543TQ": {
                            "data": {
                                "content": "Feedback goes here.",
                                "classes": "html-content-text"
                            }
                             
                        }
                      ,
                
                      "LFT23MUPWWHUUPJD257KAJESZIQ": {
                            "data": {
                                "content": "Butterfly",
                                "classes": "html-content-text"
                            }
                             
                        }
                      ,
                
                      "LCUYFPQQ7DE2UDEZDSSULZT3THM": {
                            "data": {
                                "content": "Feedback goes here.",
                                "classes": "html-content-text"
                            }
                             
                        }
                      ,
                
                      "LNI2UGUSHVZYEPE6CQ3ZMR3UF24": {
                            "data": {
                                "content": "Hint goes here.",
                                "classes": "html-content-text"
                            }
                             
                        }
                      ,
                
                      "L435MYKTO2EREBBU6JEPUFEEMIQ": {
                            "data": {
                                "content": "Correct feedback goes here.",
                                "classes": "html-content-text"
                            }
                             
                        }
                      ,
                
                      "L3IQJCK5Z23KEFNZVFOGC7GP5GA": {
                            "data": {
                                "content": "&nbsp;<br/> Incorrect feedback goes here.",
                                "classes": "html-content-text"
                            }
                             
                        }
                      ,
                
                      "LQEFCP5XSNN4UHL6CQJAXPXKBP4": {
                            "data": {
                                "content": "&nbsp;General feedback goes here.",
                                "classes": "html-content-text"
                            }
                             
                        }
                      ,
                
                      "L2M53WN2ROAWURJG5HJTEARIGVE": {
                            "data": {
                                "content": "&nbsp;Partial feedback goes here.",
                                "classes": "html-content-text"
                            }
                             
                        }
                      
         }
      }

    