

      {
      "audio": {
                  
                      "LUGD3OH37L7LEFFLXL6AQIE3Q4Y":
                                {
                                 "data": {
                                            "type": "simple",
                                      
                                            "autoplay": false,
                                            "url": "../../source/L2KTJYYQZITJE3FC7OUDQ7YFIHI/SampleAudio.mp3",
                                            "id": "L2KTJYYQZITJE3FC7OUDQ7YFIHI",
                                            "controls": {
                                                    "seekbar": true,
                                                    "volume": true,
                                                    "download": false,
                                                    "volume_level": false
                                                    },
                                           "position":null
                                        }
                                }
                                ,
                      "LXA7CG36525PELIACIPDWPM2LJQ":
                                {
                                 "data": {
                                            "type": "advance",
                                      
                                            "autoplay": false,
                                            "url": "../../source/LDB5V4E27RDYUNOVXOB5QPKZRFQ/SampleAudio.mp3",
                                            "id": "LDB5V4E27RDYUNOVXOB5QPKZRFQ",
                                            "controls": {
                                                    "seekbar": true,
                                                    "volume": true,
                                                    "download": true,
                                                    "volume_level": true
                                                    },
                                           "position":null
                                        }
                                }
                                
         }
      }

    