
                  {
                    "column": {
                    
                           "LVMYPKAFBRW2ERNWEWTQUAAPIGU":[
                          
                           
                            {
                              
                                    "component_name": "slide",
                                    "component_id": "LDMHRDVS3PTFUJEAKKY4SR66APU",
                                  "file_name": [ "slide", "slide_VKKRNIKB55PU7M3IVGJMACHSAY"]
                                 

                              } 

                            ],
                           "L575RLFB75ZEEVDZL4IVYVL7F6E":[
                          
                           
                            {
                              
                                 "component_name": "section",
                                 "component_id": "LXDYABP3HYMOU5P35NQJ3TXC4IM",
                                 "file_name": [ "section", "section_VKKRNIKB55PU7M3IVGJMACHSAY"]
                              

                              } 

                            ],
                           "L2XL7IB53ZEEE7G4SM3QPWQVXMU":[
                          
                           
                            {
                              
                                 "component_name": "section",
                                 "component_id": "LXTLMPHKQ4DUELGRVIAMGVYJ5M4",
                                 "file_name": [ "section", "section_VKKRNIKB55PU7M3IVGJMACHSAY"]
                              

                              } 

                            ],
                           "LCQR76RXVATOUZMRETYUNBK3ON4":[
                          
                           
                            {
                              
                                    "component_name": "table",
                                    "component_id": "LPNCMMAVIUWLEFJP6FTBFZEIUMU",
                                   "file_name": [ "table", "table_VKKRNIKB55PU7M3IVGJMACHSAY"] 
                                   

                              } 

                            ],
                           "LRUCQ6PRYU2DE3IN2VTIMO2MJU4":[
                          
                           
                            {
                              
                                 "component_name": "html",
                                 "component_id": "LQEYXXU2SKR6EXHMVQCNBO3HOWA",
                                 "file_name": [ "html", "html_VKKRNIKB55PU7M3IVGJMACHSAY"]
                              

                              } 

                            ],
                           "L5ERF5MEUVIRU7LHXQKTMN3QSOI":[
                          
                           
                            {
                              
                                 "component_name": "html",
                                 "component_id": "LM3DGJS5ZHLREHBTQMELDAGXIZQ",
                                 "file_name": [ "html", "html_VKKRNIKB55PU7M3IVGJMACHSAY"]
                              

                              } 

                            ],
                           "LG3XQB62R3OHUDB2Z6ZDUKND62M":[
                          
                           
                            {
                              
                                 "component_name": "html",
                                 "component_id": "LEAHQJEUIDEFU5AFER74FO75YCE",
                                 "file_name": [ "html", "html_VKKRNIKB55PU7M3IVGJMACHSAY"]
                              

                              } 

                            ],
                           "LY54R5AVTENFERIXDIEW2KBRI3A":[
                          
                           
                            {
                              
                                 "component_name": "html",
                                 "component_id": "LLQACYOEZE3ZEFI6GY5JPMQJ4DA",
                                 "file_name": [ "html", "html_VKKRNIKB55PU7M3IVGJMACHSAY"]
                              

                              } 

                            ],
                           "LLSNAZF4FNHPERDJXSGG7ZMDOWA":[
                          
                           
                            {
                              
                                 "component_name": "html",
                                 "component_id": "LJIR6Z4FJLOKETJMYB5VYPVKVWI",
                                 "file_name": [ "html", "html_VKKRNIKB55PU7M3IVGJMACHSAY"]
                              

                              } 

                            ],
                           "LWLTFZ66LJO4EVPBDYLR2GOZ2GY":[
                          
                           
                            {
                              
                                 "component_name": "html",
                                 "component_id": "LZIVHNAAYXIBUNDZFPX2XSGPHOM",
                                 "file_name": [ "html", "html_VKKRNIKB55PU7M3IVGJMACHSAY"]
                              

                              } 

                            ],
                           "L22JCW5USKBSEZOXO4CHEFRMGVY":[
                          
                           
                            {
                              
                                 "component_name": "html",
                                 "component_id": "LV5FNM6EN7U2EBN63XQDMDJSPCA",
                                 "file_name": [ "html", "html_VKKRNIKB55PU7M3IVGJMACHSAY"]
                              

                              } 

                            ],
                           "LZERYJ24DY2PU7GVNPXFKG6BFX4":[
                          
                           
                            {
                              
                                 "component_name": "html",
                                 "component_id": "LB7FSGGRW5NKUXOCWTY7PJCCAJE",
                                 "file_name": [ "html", "html_VKKRNIKB55PU7M3IVGJMACHSAY"]
                              

                              } 

                            ],
                           "LPWROLZL4AADEHJWOW6XZZC63PU":[
                          
                           
                            {
                              
                                 "component_name": "html",
                                 "component_id": "LLNWRBHDTWR7UXFZQRIT4RL3MII",
                                 "file_name": [ "html", "html_VKKRNIKB55PU7M3IVGJMACHSAY"]
                              

                              } 

                            ],
                           "LI332TKSCJ5ZUTBXJA7UOQCNI6Y":[
                          
                           
                            {
                              
                                 "component_name": "section",
                                 "component_id": "L3EH6UU5BARVURFTV4XFUEG72TU",
                                 "file_name": [ "section", "section_VKKRNIKB55PU7M3IVGJMACHSAY"]
                              

                              } 

                            ],
                           "L3TXOZZQBUJGE3IIAURLVZ62VSI":[
                          
                           
                            {
                              
                                    "component_name": "table",
                                    "component_id": "LK4GSBAA6GXLUPA2S5GKOAPKAXY",
                                   "file_name": [ "table", "table_VKKRNIKB55PU7M3IVGJMACHSAY"] 
                                   

                              } 

                            ],
                           "LXVGKR2L7SITUTBKMYXREVH6TKU":[
                          
                           
                            {
                              
                                 "component_name": "html",
                                 "component_id": "LIMB7SIZ4TDXEPFFBH7AMB5ZJO4",
                                 "file_name": [ "html", "html_VKKRNIKB55PU7M3IVGJMACHSAY"]
                              

                              } 

                            ],
                           "L5KWNXJPEESFEPA5ABZUVNT5DGY":[
                          
                           
                            {
                              
                                 "component_name": "html",
                                 "component_id": "LZEJQLMEZLDEU3KYSKWN77IVKXM",
                                 "file_name": [ "html", "html_VKKRNIKB55PU7M3IVGJMACHSAY"]
                              

                              } 

                            ],
                           "L2Q2P54BJQJSUBLFC3NVRMUDXVI":[
                          
                           
                            {
                              
                                 "component_name": "html",
                                 "component_id": "LI4BFBAS5GJPEVB5GPECCPFUCYA",
                                 "file_name": [ "html", "html_VKKRNIKB55PU7M3IVGJMACHSAY"]
                              

                              } 

                            ],
                           "LVPRXCVVDKY7EJGKRLOL3HK7YCU":[
                          
                           
                            {
                              
                                 "component_name": "html",
                                 "component_id": "L2CKAJ2PU5UYENN2H5MLQF34PB4",
                                 "file_name": [ "html", "html_VKKRNIKB55PU7M3IVGJMACHSAY"]
                              

                              } 

                            ],
                           "L4ZRURMHJCKCERGES4YRJYXLTEI":[
                          
                           
                            {
                              
                                 "component_name": "html",
                                 "component_id": "LUBRIXGTDOK5UJMQQYDNZMLAARQ",
                                 "file_name": [ "html", "html_VKKRNIKB55PU7M3IVGJMACHSAY"]
                              

                              } 

                            ],
                           "LQCG4KOW3ZYKENHZL77GYC3GOO4":[
                          
                           
                            {
                              
                                 "component_name": "html",
                                 "component_id": "LDI4PXKPUHAHEXP7BGY35CLOHPQ",
                                 "file_name": [ "html", "html_VKKRNIKB55PU7M3IVGJMACHSAY"]
                              

                              } 

                            ],
                           "LFL4VDSS3BI7ELILWOAEOX4DPQQ":[
                          
                           
                            {
                              
                                 "component_name": "html",
                                 "component_id": "LKUPZZDTKR7YUNPYPDCL26UGIVU",
                                 "file_name": [ "html", "html_VKKRNIKB55PU7M3IVGJMACHSAY"]
                              

                              } 

                            ],
                           "L4R5SNGJ4NRIE7OUPQH2QEOEH3Q":[
                          
                           
                            {
                              
                                 "component_name": "html",
                                 "component_id": "LHC3NBWIDATKEJA3RGO4STXQB3E",
                                 "file_name": [ "html", "html_VKKRNIKB55PU7M3IVGJMACHSAY"]
                              

                              } 

                            ],
                           "LMO2YXSBZEASUPB3ESDO2L5AXAI":[
                          
                           
                            {
                              
                                 "component_name": "html",
                                 "component_id": "LQ3DCYJBM6ZKUPEHNCAZNTZS2IU",
                                 "file_name": [ "html", "html_VKKRNIKB55PU7M3IVGJMACHSAY"]
                              

                              } 

                            ],
                           "LTV6TXQEQ5MRELI2X5RBSC4Q3BE":[
                          
                           
                            {
                              
                                 "component_name": "section",
                                 "component_id": "L753EVIEV34DUZNS5H5FGAXHRQY",
                                 "file_name": [ "section", "section_VKKRNIKB55PU7M3IVGJMACHSAY"]
                              

                              } 

                            ],
                           "LAY5EDMDOL4UEFGCDJULT6J3GNU":[
                          
                           
                            {
                              
                                    "component_name": "table",
                                    "component_id": "L73NZCB3VDE4ULEIF3CV4YCQ7VU",
                                   "file_name": [ "table", "table_VKKRNIKB55PU7M3IVGJMACHSAY"] 
                                   

                              } 

                            ],
                           "LHF35EH24TS2EPCZWJCXE3GTENI":[
                          
                           
                            {
                              
                                 "component_name": "html",
                                 "component_id": "L5TLOOOIBDVQU3EAB5ZPI7QESQY",
                                 "file_name": [ "html", "html_VKKRNIKB55PU7M3IVGJMACHSAY"]
                              

                              } 

                            ],
                           "LL2BCLAJFVLHUDOAGWUVIWBAPTM":[
                          
                           
                            {
                              
                                 "component_name": "html",
                                 "component_id": "LQ2IR65SFSY7EFLLU5CGOOCNIXE",
                                 "file_name": [ "html", "html_VKKRNIKB55PU7M3IVGJMACHSAY"]
                              

                              } 

                            ],
                           "L3JRLMQWGIIPELPPZNQ5D5EP3EM":[
                          
                           
                            {
                              
                                 "component_name": "html",
                                 "component_id": "L6DOFYMUOOBKEPBGNSVVNQWPNAU",
                                 "file_name": [ "html", "html_VKKRNIKB55PU7M3IVGJMACHSAY"]
                              

                              } 

                            ],
                           "LO3AZSZSZHDWURDWB5P2VMHOKLQ":[
                          
                           
                            {
                              
                                 "component_name": "html",
                                 "component_id": "LIOZ2XXVUDPHEXI3GSS6WZLMW5E",
                                 "file_name": [ "html", "html_VKKRNIKB55PU7M3IVGJMACHSAY"]
                              

                              } 

                            ],
                           "LTZEVK6ATND2EHLR3G5PGD5ULIY":[
                          
                           
                            {
                              
                                 "component_name": "html",
                                 "component_id": "LGK3H3F7OOSPE3HOSK4GVA22BDE",
                                 "file_name": [ "html", "html_VKKRNIKB55PU7M3IVGJMACHSAY"]
                              

                              } 

                            ],
                           "LYKQ2JEBPNFIEDB5RLZCG5TK4SA":[
                          
                           
                            {
                              
                                 "component_name": "html",
                                 "component_id": "L5WSTOKPTTQCEZMYTHOPHFTSDUM",
                                 "file_name": [ "html", "html_VKKRNIKB55PU7M3IVGJMACHSAY"]
                              

                              } 

                            ],
                           "LJM4ZDFAZBIAEFDYFWUXSDCBMIA":[
                          
                           
                            {
                              
                                 "component_name": "html",
                                 "component_id": "LDYRSX4M4FEZEDA6UNRAN62UI7M",
                                 "file_name": [ "html", "html_VKKRNIKB55PU7M3IVGJMACHSAY"]
                              

                              } 

                            ],
                           "L62SIXUETR4QE3HNBLAOW572CD4":[
                          
                           
                            {
                              
                                 "component_name": "html",
                                 "component_id": "L7POCBQFJ4OMUPJSFKK3ASXKDIY",
                                 "file_name": [ "html", "html_VKKRNIKB55PU7M3IVGJMACHSAY"]
                              

                              } 

                            ],
                           "L3HZGIKAP3B4UNICQIOTOJQHWPY":[
                          
                           
                            {
                              
                                 "component_name": "html",
                                 "component_id": "LG3SIGSZIHOQUHB6X26X3NRDFO4",
                                 "file_name": [ "html", "html_VKKRNIKB55PU7M3IVGJMACHSAY"]
                              

                              } 

                            ],
                           "LXZGRXI5GOM4E7ERYIBWF5ADHLQ":[
                          
                           
                            {
                              
                                 "component_name": "section",
                                 "component_id": "LUIU2L74YO57ETHNGQI32TISYCY",
                                 "file_name": [ "section", "section_VKKRNIKB55PU7M3IVGJMACHSAY"]
                              

                              } 

                            ],
                           "LBTGXHGVKETBEHKBUNIRPCD4ALQ":[
                          
                           
                            {
                              
                                    "component_name": "table",
                                    "component_id": "LTBS7AWWSESBUXFXA67E7SG5PSM",
                                   "file_name": [ "table", "table_VKKRNIKB55PU7M3IVGJMACHSAY"] 
                                   

                              } 

                            ],
                           "LAGYS7S4FZS6UNMN224MOX2UBBE":[
                          
                           
                            {
                              
                                 "component_name": "html",
                                 "component_id": "LXPLS6JBQMLRULLMG6D7HB3UBPA",
                                 "file_name": [ "html", "html_VKKRNIKB55PU7M3IVGJMACHSAY"]
                              

                              } 

                            ],
                           "LAOF72NPY6MKEZJGOYIHGILSZHE":[
                          
                           
                            {
                              
                                 "component_name": "html",
                                 "component_id": "LGK2NNZGVDOYENJGARQOAJABKUQ",
                                 "file_name": [ "html", "html_VKKRNIKB55PU7M3IVGJMACHSAY"]
                              

                              } 

                            ],
                           "LOSTMA5XDAT2U3PPW24IQTESXBA":[
                          
                           
                            {
                              
                                 "component_name": "html",
                                 "component_id": "LCY25NFHGVRFUZHL76JOCNSKTHQ",
                                 "file_name": [ "html", "html_VKKRNIKB55PU7M3IVGJMACHSAY"]
                              

                              } 

                            ],
                           "LCWOLG35MV42EPPNYXM4KA6QMKU":[
                          
                           
                            {
                              
                                 "component_name": "html",
                                 "component_id": "LIVLTXZFITONE3OYK2OAKWRH4AE",
                                 "file_name": [ "html", "html_VKKRNIKB55PU7M3IVGJMACHSAY"]
                              

                              } 

                            ],
                           "LRSMASUWIDMWEDIOW6Z4ZQMXDSE":[
                          
                           
                            {
                              
                                 "component_name": "html",
                                 "component_id": "LPPEOC7JOVEOU3MCBLSRKPFXA7Q",
                                 "file_name": [ "html", "html_VKKRNIKB55PU7M3IVGJMACHSAY"]
                              

                              } 

                            ],
                           "LRCSX3EIWGCSUFC2KUG4BBXQEO4":[
                          
                           
                            {
                              
                                 "component_name": "html",
                                 "component_id": "LKD672WKBD25UXLIZIXPD6VWSLI",
                                 "file_name": [ "html", "html_VKKRNIKB55PU7M3IVGJMACHSAY"]
                              

                              } 

                            ],
                           "LBKWNWATDTCPE5L6YGBA7WQLD7Q":[
                          
                           
                            {
                              
                                 "component_name": "html",
                                 "component_id": "L7UXL5H4CCIZELN3VPCVDNTNUKY",
                                 "file_name": [ "html", "html_VKKRNIKB55PU7M3IVGJMACHSAY"]
                              

                              } 

                            ],
                           "LFUPM7W2TOEJEPFAKPLQSXJV45M":[
                          
                           
                            {
                              
                                 "component_name": "html",
                                 "component_id": "L57EHJYAOZM7EHNVIDOSMTKHGOE",
                                 "file_name": [ "html", "html_VKKRNIKB55PU7M3IVGJMACHSAY"]
                              

                              } 

                            ],
                           "LN7PHOUJWEJBUXGX6YVWU55Q5IU":[
                          
                           
                            {
                              
                                 "component_name": "html",
                                 "component_id": "LNNHJTQ667KDUDLZWAAETK63LEA",
                                 "file_name": [ "html", "html_VKKRNIKB55PU7M3IVGJMACHSAY"]
                              

                              } 

                            ],
                           "LT74BWZP3FBMEFKOAO3HVDY5VXA":[
                          
                           
                            {
                              
                                 "component_name": "section",
                                 "component_id": "L52TEORWL2WIUTHJLILYP762XIU",
                                 "file_name": [ "section", "section_VKKRNIKB55PU7M3IVGJMACHSAY"]
                              

                              } 

                            ],
                           "L7B53V3T6FEAUTFX4RQUSCRWOIE":[
                          
                           
                            {
                              
                                    "component_name": "game",
                                    "component_id": "LAJUENHYUT4PEVIPXJCXVTJJ4PM",
                                  "file_name": [ "spin_wheel", "spin_wheel_VKKRNIKB55PU7M3IVGJMACHSAY"]  
                                  

                              } 

                            ],
                           "LCUTFSGFVQX7URKC5IP2YQFLPFA":[
                          
                           
                            {
                              
                                 "component_name": "html",
                                 "component_id": "LVNJYLGKURCIEVBGCCNOBMEA2FE",
                                 "file_name": [ "html", "html_VKKRNIKB55PU7M3IVGJMACHSAY"]
                              

                              } 

                            ],
                           "LXASNRAXJBH3UDGJZ4TVJC6BNOE":[
                          
                           
                            {
                              
                                 "component_name": "html",
                                 "component_id": "LHFZGRH6O5WJUBAWGG4ISQZCG3E",
                                 "file_name": [ "html", "html_VKKRNIKB55PU7M3IVGJMACHSAY"]
                              

                              } 

                            ],
                           "LNRSGG4KEJ5HUBLFPHKB7YOAUZE":[
                          
                           
                            {
                              
                                 "component_name": "html",
                                 "component_id": "LNWEJM6J6JLXEXK5D6KSRUGC4OQ",
                                 "file_name": [ "html", "html_VKKRNIKB55PU7M3IVGJMACHSAY"]
                              

                              } 

                            ],
                           "LUC7F7VJYYB6UBNTVCBPVJQQHBA":[
                          
                           
                            {
                              
                                 "component_name": "html",
                                 "component_id": "LTJ425S2JKHMUNDMHKEOPQLO6YA",
                                 "file_name": [ "html", "html_VKKRNIKB55PU7M3IVGJMACHSAY"]
                              

                              } 

                            ],
                           "L4PYBPW7XICLEZJKCSTHMZJBRBU":[
                          
                           
                            {
                              
                                 "component_name": "html",
                                 "component_id": "L6RKUAPGZMOKEJNFZSBOXV4OJ3Q",
                                 "file_name": [ "html", "html_VKKRNIKB55PU7M3IVGJMACHSAY"]
                              

                              } 

                            ],
                           "LHGM6AHQCOQ4ETJLZ6LEQCCIGXM":[
                          
                           
                            {
                              
                                 "component_name": "html",
                                 "component_id": "L3E7JPOVAQNSUHN46W652TZDKF4",
                                 "file_name": [ "html", "html_VKKRNIKB55PU7M3IVGJMACHSAY"]
                              

                              } 

                            ],
                           "L7Q662KYGPN7E3MFZ2GDANONN4I":[
                          
                           
                            {
                              
                                 "component_name": "html",
                                 "component_id": "LLPXKIT5KOMXE3BDKJTTB7F6OME",
                                 "file_name": [ "html", "html_VKKRNIKB55PU7M3IVGJMACHSAY"]
                              

                              } 

                            ],
                           "LGKNS7EEX5SAULBTTLXD5IWJHKM":[
                          
                           
                            {
                              
                                 "component_name": "html",
                                 "component_id": "LEHA2BAS53CXEFM7TFVTAIVGHDQ",
                                 "file_name": [ "html", "html_VKKRNIKB55PU7M3IVGJMACHSAY"]
                              

                              } 

                            ],
                           "LIOBR4OQ2MCOE3PAXJZX23EN264":[
                          
                           
                            {
                              
                                 "component_name": "html",
                                 "component_id": "LTKA37MTF6RXUZDJMCCY6WU6VBM",
                                 "file_name": [ "html", "html_VKKRNIKB55PU7M3IVGJMACHSAY"]
                              

                              } 

                            ],
                           "LRJNMGOQ3Y2BEZIAWZRAUWFC5GU":[
                          
                           
                            {
                              
                                 "component_name": "html",
                                 "component_id": "LZT33UCCVOJBURDYO2LNQUQIE5Q",
                                 "file_name": [ "html", "html_VKKRNIKB55PU7M3IVGJMACHSAY"]
                              

                              } 

                            ],
                           "LDQHF5ANYQFLUXHPIRIS7QPEJXM":[
                          
                           
                            {
                              
                                 "component_name": "html",
                                 "component_id": "L4W6LBYXFEBBUVDGMQFB24SI64M",
                                 "file_name": [ "html", "html_VKKRNIKB55PU7M3IVGJMACHSAY"]
                              

                              } 

                            ],
                           "L6BMG62TGAUQU3KLGXYN6GT65DM":[
                          
                           
                            {
                              
                                 "component_name": "html",
                                 "component_id": "LTYS3G546ZL4U3MXAI6RA2LXKFM",
                                 "file_name": [ "html", "html_VKKRNIKB55PU7M3IVGJMACHSAY"]
                              

                              } 

                            ],
                           "LWDSISONLE3FEXBRCN73KS2IOPQ":[
                          
                           
                            {
                              
                                 "component_name": "html",
                                 "component_id": "LVMF7ACOCWACEBLGXOGVGP2JREQ",
                                 "file_name": [ "html", "html_VKKRNIKB55PU7M3IVGJMACHSAY"]
                              

                              } 

                            ],
                           "LN4NNNKKQWW4EXCLILYK6D5KYLU":[
                          
                           
                            {
                              
                                 "component_name": "html",
                                 "component_id": "L23CTEINGI52ERNKOCEZPL2GAJI",
                                 "file_name": [ "html", "html_VKKRNIKB55PU7M3IVGJMACHSAY"]
                              

                              } 

                            ],
                           "LH7BTGXFEFP5UXFYM5RR4R3Y6ZE":[
                          
                           
                            {
                              
                                 "component_name": "html",
                                 "component_id": "LRSRUBKFWJDAEFKETUHRG2IKFLA",
                                 "file_name": [ "html", "html_VKKRNIKB55PU7M3IVGJMACHSAY"]
                              

                              } 

                            ],
                           "LAKUYKSODHYMUZHSV2D7TOAH7SI":[
                          
                           
                            {
                              
                                 "component_name": "html",
                                 "component_id": "LHXSUITUZH75ETGOBJAMR22BVAU",
                                 "file_name": [ "html", "html_VKKRNIKB55PU7M3IVGJMACHSAY"]
                              

                              } 

                            ],
                           "LABRHI7RWN2OELIEPQCCLCMVNWI":[
                          
                           
                            {
                              
                                 "component_name": "html",
                                 "component_id": "L6JFIRTRJYTQU5AKUQJYTCTVASI",
                                 "file_name": [ "html", "html_VKKRNIKB55PU7M3IVGJMACHSAY"]
                              

                              } 

                            ],
                           "LK66OWFUQ7CXEPF67YW6R6KMEMY":[
                          
                           
                            {
                              
                                 "component_name": "html",
                                 "component_id": "L6QTAG2SC55WUXGSPNN7TDKIZ4E",
                                 "file_name": [ "html", "html_VKKRNIKB55PU7M3IVGJMACHSAY"]
                              

                              } 

                            ],
                           "L33FVQWSM7YOUTM5TPHHOQZ2U3A":[
                          
                           
                            {
                              
                                 "component_name": "html",
                                 "component_id": "LOA2KVI6T32WU5PU2T7JTIHEAOI",
                                 "file_name": [ "html", "html_VKKRNIKB55PU7M3IVGJMACHSAY"]
                              

                              } 

                            ],
                           "LMSR6MWY5JEGERMNBZWZ5T7KYIU":[
                          
                           
                            {
                              
                                 "component_name": "html",
                                 "component_id": "LU5UCIYEPS4TEFB4IFV3YYV6YUE",
                                 "file_name": [ "html", "html_VKKRNIKB55PU7M3IVGJMACHSAY"]
                              

                              } 

                            ],
                           "LVLWEO63NNQXEXMOW6MUCVUYM54":[
                          
                           
                            {
                              
                                 "component_name": "section",
                                 "component_id": "LHRI7M3ZTYWWULL4KSHMABIM6FE",
                                 "file_name": [ "section", "section_VKKRNIKB55PU7M3IVGJMACHSAY"]
                              

                              } 

                            ],
                           "LQB7IYKFCE6GUXNIQKFVD3YNT4U":[
                          
                           
                            {
                              
                                    "component_name": "game",
                                    "component_id": "LYEDVHZW3U3QEPNNU3ALGLAGNQY",
                                  "file_name": [ "planet", "planet_VKKRNIKB55PU7M3IVGJMACHSAY"]  
                                  

                              } 

                            ],
                           "LLWBCOLLIQWLETCMOZOQF75J2FI":[
                          
                           
                            {
                              
                                 "component_name": "html",
                                 "component_id": "L6RXSY72NTDSEFFV34AHWEO7T54",
                                 "file_name": [ "html", "html_VKKRNIKB55PU7M3IVGJMACHSAY"]
                              

                              } 

                            ],
                           "LDEXTAQXSECPEZDKBUMUMYT5ZGA":[
                          
                           
                            {
                              
                                 "component_name": "html",
                                 "component_id": "LTP6ZN4YXDDSUTM5G4454TW5YKA",
                                 "file_name": [ "html", "html_VKKRNIKB55PU7M3IVGJMACHSAY"]
                              

                              } 

                            ],
                           "L3FKI3ODSLJUEBIMEQ7UM6H4HUM":[
                          
                           
                            {
                              
                                 "component_name": "html",
                                 "component_id": "LADJOWPKYPDME3MGZH36LNEZHGE",
                                 "file_name": [ "html", "html_VKKRNIKB55PU7M3IVGJMACHSAY"]
                              

                              } 

                            ],
                           "LEKVHAOBFZDLUDBHV5ABHL3TVGA":[
                          
                           
                            {
                              
                                 "component_name": "html",
                                 "component_id": "LUBHYKN6VDLBEBKK5HS7EPJNHAM",
                                 "file_name": [ "html", "html_VKKRNIKB55PU7M3IVGJMACHSAY"]
                              

                              } 

                            ],
                           "L4IZPM4ODQEJUDLK6TOLSZF34CA":[
                          
                           
                            {
                              
                                 "component_name": "html",
                                 "component_id": "LB5BTEF7LSW6U7CBQUZLANQOGFA",
                                 "file_name": [ "html", "html_VKKRNIKB55PU7M3IVGJMACHSAY"]
                              

                              } 

                            ],
                           "LQ5DHEG2E7HWUHCZYBSLEFU3RSE":[
                          
                           
                            {
                              
                                 "component_name": "html",
                                 "component_id": "LQ7PZ2PR2WXIUPDUOKT66GOIJQY",
                                 "file_name": [ "html", "html_VKKRNIKB55PU7M3IVGJMACHSAY"]
                              

                              } 

                            ],
                           "LRLS7BDWPCFWUNCFCEPFIOWF52A":[
                          
                           
                            {
                              
                                 "component_name": "html",
                                 "component_id": "L4EW5ZB33FMSERDMV4ZMBSJUCRM",
                                 "file_name": [ "html", "html_VKKRNIKB55PU7M3IVGJMACHSAY"]
                              

                              } 

                            ],
                           "LGNFV2FAYV6GUDLGFJGF2YKM2WM":[
                          
                           
                            {
                              
                                 "component_name": "html",
                                 "component_id": "LLYWOCMGBLS5EZJXVOJQ6IUF5AM",
                                 "file_name": [ "html", "html_VKKRNIKB55PU7M3IVGJMACHSAY"]
                              

                              } 

                            ],
                           "LXPMIWBYI3K6EZCJPNAPOP2JDZM":[
                          
                           
                            {
                              
                                 "component_name": "html",
                                 "component_id": "LWYBXX5HLD6SELNJLEEGC3QT6KA",
                                 "file_name": [ "html", "html_VKKRNIKB55PU7M3IVGJMACHSAY"]
                              

                              } 

                            ],
                           "LQU4NDAI77XRUVF7USDZC4X2Z4Q":[
                          
                           
                            {
                              
                                 "component_name": "html",
                                 "component_id": "LNJL3RINOY7OE7IGADLWABRYTZQ",
                                 "file_name": [ "html", "html_VKKRNIKB55PU7M3IVGJMACHSAY"]
                              

                              } 

                            ],
                           "L5FQ2E2NRFRTERNFWFXRSEN3N2A":[
                          
                           
                            {
                              
                                 "component_name": "html",
                                 "component_id": "LR7CSRZISHLNEPEJMFSPJ677XC4",
                                 "file_name": [ "html", "html_VKKRNIKB55PU7M3IVGJMACHSAY"]
                              

                              } 

                            ],
                           "LWHIGPNZ653ME7LI5MY4TTRS7DM":[
                          
                           
                            {
                              
                                 "component_name": "html",
                                 "component_id": "LM7MUNMAH33LURDSVW3LCA4477Y",
                                 "file_name": [ "html", "html_VKKRNIKB55PU7M3IVGJMACHSAY"]
                              

                              } 

                            ],
                           "LN4YPP6KDPCJUZDKMEO5HHKG4HQ":[
                          
                           
                            {
                              
                                 "component_name": "html",
                                 "component_id": "L2PBYDD4TWZREPNPZMFOY4IH3WA",
                                 "file_name": [ "html", "html_VKKRNIKB55PU7M3IVGJMACHSAY"]
                              

                              } 

                            ],
                           "LHVJ5HIVEXB4EZOUACW5VKRGD2M":[
                          
                           
                            {
                              
                                 "component_name": "html",
                                 "component_id": "LCPQBU7LLNRLE3PL22Q4ZNKYPYI",
                                 "file_name": [ "html", "html_VKKRNIKB55PU7M3IVGJMACHSAY"]
                              

                              } 

                            ],
                           "LUYWWH7LZ7YDE7IQGFIKPCHABNM":[
                          
                           
                            {
                              
                                 "component_name": "html",
                                 "component_id": "LYHSLF4FXGRBENNDC4PKZ2AR2IE",
                                 "file_name": [ "html", "html_VKKRNIKB55PU7M3IVGJMACHSAY"]
                              

                              } 

                            ],
                           "LYZSVZP2TWBAUZPQH4JVVJKWKG4":[
                          
                           
                            {
                              
                                 "component_name": "html",
                                 "component_id": "LMBWG5GLH4QSU5MKAIRIPOESFEI",
                                 "file_name": [ "html", "html_VKKRNIKB55PU7M3IVGJMACHSAY"]
                              

                              } 

                            ],
                           "L2PHNB6BQ7SFE7HNCZJBJ5G4U3U":[
                          
                           
                            {
                              
                                 "component_name": "html",
                                 "component_id": "LBDRDFRVX53QU7BNMT3EM3YNBCA",
                                 "file_name": [ "html", "html_VKKRNIKB55PU7M3IVGJMACHSAY"]
                              

                              } 

                            ],
                           "LPRFKISGEERBE7GLEUEF4VO33KM":[
                          
                           
                            {
                              
                                 "component_name": "html",
                                 "component_id": "LQTIDCLPBTYRELC4GDZXC2PEH3Q",
                                 "file_name": [ "html", "html_VKKRNIKB55PU7M3IVGJMACHSAY"]
                              

                              } 

                            ],
                           "LNGMLSNGHNPYEVO5UVEQS4I7UIE":[
                          
                           
                            {
                              
                                 "component_name": "html",
                                 "component_id": "LR2IQONDYYDGUNHGATWXXWHXSPA",
                                 "file_name": [ "html", "html_VKKRNIKB55PU7M3IVGJMACHSAY"]
                              

                              } 

                            ],
                           "LW5KJGARMQIEU7IU4ZMRAJNNRBE":[
                          
                           
                            {
                              
                                 "component_name": "html",
                                 "component_id": "L7R6C2OE7TUIEJHGGCL3CDTZFGU",
                                 "file_name": [ "html", "html_VKKRNIKB55PU7M3IVGJMACHSAY"]
                              

                              } 

                            ],
                           "L75ZB6UJ7FWIUNO6FJ6ZT2T67UM":[
                          
                           
                            {
                              
                                 "component_name": "section",
                                 "component_id": "LO2NECMYXD2XELANINH5UU7O6XU",
                                 "file_name": [ "section", "section_VKKRNIKB55PU7M3IVGJMACHSAY"]
                              

                              } 

                            ],
                           "LD42LWK7BVQEUHD2WRRRTKHJF5M":[
                          
                           
                            {
                              
                                    "component_name": "game",
                                    "component_id": "LD7QILUBF5REUZKHFOAGGFWDGY4",
                                  "file_name": [ "balloon", "balloon_VKKRNIKB55PU7M3IVGJMACHSAY"]  
                                  

                              } 

                            ],
                           "LIRI7WOJCCXAULOARXYQQU3QS2U":[
                          
                           
                            {
                              
                                 "component_name": "html",
                                 "component_id": "LF3T3KSKQWNIEFEHIREFW6QN77U",
                                 "file_name": [ "html", "html_VKKRNIKB55PU7M3IVGJMACHSAY"]
                              

                              } 

                            ],
                           "LPZT252E4G77E3P2UIQKRPYZSWM":[
                          
                           
                            {
                              
                                 "component_name": "html",
                                 "component_id": "L3OCCEFZCH42EVDO44JXL6KKCXA",
                                 "file_name": [ "html", "html_VKKRNIKB55PU7M3IVGJMACHSAY"]
                              

                              } 

                            ],
                           "L7PY5WZHRVTVURD3BLV3HZS77H4":[
                          
                           
                            {
                              
                                 "component_name": "html",
                                 "component_id": "LFC5X4ZMG5HGEJJBX6PEIGRGKGM",
                                 "file_name": [ "html", "html_VKKRNIKB55PU7M3IVGJMACHSAY"]
                              

                              } 

                            ],
                           "LZFSFFFCPVTUEVCAQ3Q563533CA":[
                          
                           
                            {
                              
                                 "component_name": "html",
                                 "component_id": "LRAZ7ZDQWUCUE5LWJTZOOLIMJSE",
                                 "file_name": [ "html", "html_VKKRNIKB55PU7M3IVGJMACHSAY"]
                              

                              } 

                            ],
                           "LQWTI22Z23WMENLIHLOXH4Z2PSA":[
                          
                           
                            {
                              
                                 "component_name": "html",
                                 "component_id": "LURVLEDZBSYMUNNCBOZQQN5525A",
                                 "file_name": [ "html", "html_VKKRNIKB55PU7M3IVGJMACHSAY"]
                              

                              } 

                            ],
                           "LBECJC627GWRE3K4NISUFTW67SQ":[
                          
                           
                            {
                              
                                 "component_name": "html",
                                 "component_id": "LO6ATZQFC7W5EXIFOEBU64634DY",
                                 "file_name": [ "html", "html_VKKRNIKB55PU7M3IVGJMACHSAY"]
                              

                              } 

                            ],
                           "LT6QUZ34E6K6UDJLHXZV44GLXWI":[
                          
                           
                            {
                              
                                 "component_name": "html",
                                 "component_id": "LADQAE26SEMOULL5KJ7TGABFMVM",
                                 "file_name": [ "html", "html_VKKRNIKB55PU7M3IVGJMACHSAY"]
                              

                              } 

                            ],
                           "LQF6LC46OTMJULGS7WMSBHYYEA4":[
                          
                           
                            {
                              
                                 "component_name": "html",
                                 "component_id": "L5TV6GQ6VJJVUNKNR4CA7KSZYAU",
                                 "file_name": [ "html", "html_VKKRNIKB55PU7M3IVGJMACHSAY"]
                              

                              } 

                            ],
                           "L4VN4ILUFNW6UHHY5UXTAVMD2TE":[
                          
                           
                            {
                              
                                 "component_name": "html",
                                 "component_id": "LBD2GQW6TDALE3KTI3QRN5KV2RU",
                                 "file_name": [ "html", "html_VKKRNIKB55PU7M3IVGJMACHSAY"]
                              

                              } 

                            ],
                           "LCK2NALYYX5NEBEKU5N4KZRP4XM":[
                          
                           
                            {
                              
                                 "component_name": "html",
                                 "component_id": "LOZRNPKFB6B6UFE44WKGR725LVU",
                                 "file_name": [ "html", "html_VKKRNIKB55PU7M3IVGJMACHSAY"]
                              

                              } 

                            ],
                           "L3GGQOGH5M2DUBHMWBGGNAX3RRI":[
                          
                           
                            {
                              
                                 "component_name": "html",
                                 "component_id": "LBXMFWGRMOMRUFOSFLI6HAYPOSU",
                                 "file_name": [ "html", "html_VKKRNIKB55PU7M3IVGJMACHSAY"]
                              

                              } 

                            ],
                           "L6CYTT62XP6YUBEYVL35NLF7XT4":[
                          
                           
                            {
                              
                                 "component_name": "html",
                                 "component_id": "LUYOYJ56ATPGEVPVVOOUHBPKLTM",
                                 "file_name": [ "html", "html_VKKRNIKB55PU7M3IVGJMACHSAY"]
                              

                              } 

                            ],
                           "LWFKDZTF26LXEVDSQKPG3BDTTIA":[
                          
                           
                            {
                              
                                 "component_name": "html",
                                 "component_id": "L6CHJY26WWGTEXDKBFL5YGMN2QE",
                                 "file_name": [ "html", "html_VKKRNIKB55PU7M3IVGJMACHSAY"]
                              

                              } 

                            ],
                           "LJPYJU73M6DTEXCSYJSIANVMCAI":[
                          
                           
                            {
                              
                                 "component_name": "html",
                                 "component_id": "L3EZ76JS55VSE3HKY7TZPUYKI3M",
                                 "file_name": [ "html", "html_VKKRNIKB55PU7M3IVGJMACHSAY"]
                              

                              } 

                            ],
                           "LRYVLYYTU653ENIDBCEDCKGABZU":[
                          
                           
                            {
                              
                                 "component_name": "html",
                                 "component_id": "LTAR3YRIYYLHE5HMGJWXMBD54XQ",
                                 "file_name": [ "html", "html_VKKRNIKB55PU7M3IVGJMACHSAY"]
                              

                              } 

                            ],
                           "LQ3I4GUV3ZWYEFC4YDUO75SPBBE":[
                          
                           
                            {
                              
                                 "component_name": "html",
                                 "component_id": "L2PJ5G5F6IHEEBJGKZUQQ27OTGQ",
                                 "file_name": [ "html", "html_VKKRNIKB55PU7M3IVGJMACHSAY"]
                              

                              } 

                            ],
                           "LIXA66LBRHFBEPCARBCGOZEDRDI":[
                          
                           
                            {
                              
                                 "component_name": "html",
                                 "component_id": "LKM2QQS5MT7EETKORIO7GQE5FCQ",
                                 "file_name": [ "html", "html_VKKRNIKB55PU7M3IVGJMACHSAY"]
                              

                              } 

                            ],
                           "L5NGSH4LVMUKU3PEYI32XHBDXHA":[
                          
                           
                            {
                              
                                 "component_name": "html",
                                 "component_id": "LT66QP6D6E6AUJLVLQJTBQAWWRQ",
                                 "file_name": [ "html", "html_VKKRNIKB55PU7M3IVGJMACHSAY"]
                              

                              } 

                            ],
                           "L2DMI3GVBDXWUHN6LUALQMLEDRY":[
                          
                           
                            {
                              
                                 "component_name": "html",
                                 "component_id": "LJTSK4ZMZMIPUZPNGA4I6P4YVKM",
                                 "file_name": [ "html", "html_VKKRNIKB55PU7M3IVGJMACHSAY"]
                              

                              } 

                            ],
                           "LBUU4VR3SDZIEXHC7H6TVE7DZXQ":[
                          
                           
                            {
                              
                                 "component_name": "html",
                                 "component_id": "LXLYDJYWVCZCU7OLIXLIPK4GBZI",
                                 "file_name": [ "html", "html_VKKRNIKB55PU7M3IVGJMACHSAY"]
                              

                              } 

                            ],
                           "LBZZRGZARHDTETF4QYYQHUW77EM":[
                          
                           
                            {
                              
                                 "component_name": "section",
                                 "component_id": "LL7BVNZU4UGKUTNMLUX5DQZ2EXM",
                                 "file_name": [ "section", "section_VKKRNIKB55PU7M3IVGJMACHSAY"]
                              

                              } 

                            ],
                           "LYG2B2LUY5NJU5JAOVDNG7ZO4BE":[
                          
                           
                            {
                              
                                    "component_name": "game",
                                    "component_id": "LWIJFKEHKRQVE7MI7ZHQ7NLTNLI",
                                  "file_name": [ "popping_matter", "popping_matter_VKKRNIKB55PU7M3IVGJMACHSAY"]  
                                  

                              } 

                            ],
                           "LQQOU4447VMBEXE6POYUYIWODL4":[
                          
                           
                            {
                              
                                 "component_name": "html",
                                 "component_id": "LJ5DPZAKUC6EEXEPV2WGKDXRUCM",
                                 "file_name": [ "html", "html_VKKRNIKB55PU7M3IVGJMACHSAY"]
                              

                              } 

                            ],
                           "L2S7J57575ZUUFOWQDJB2GMMWUY":[
                          
                           
                            {
                              
                                 "component_name": "html",
                                 "component_id": "LSZWHKBI2ZLWEFKW42HT7DVAHNE",
                                 "file_name": [ "html", "html_VKKRNIKB55PU7M3IVGJMACHSAY"]
                              

                              } 

                            ],
                           "LCOJ6WMD4SYAU3KJQM5FONWBJ2Q":[
                          
                           
                            {
                              
                                 "component_name": "html",
                                 "component_id": "LJ5IY6GMXXVRELCK523W6S7NJBY",
                                 "file_name": [ "html", "html_VKKRNIKB55PU7M3IVGJMACHSAY"]
                              

                              } 

                            ],
                           "LBTWH37UFZIAUPNUMOUKCWM4F4Y":[
                          
                           
                            {
                              
                                 "component_name": "html",
                                 "component_id": "LEJTICBSFTNIUPOEYKCTXOZGNSU",
                                 "file_name": [ "html", "html_VKKRNIKB55PU7M3IVGJMACHSAY"]
                              

                              } 

                            ],
                           "LCIS6ZYH2CZKUJLEKH3MRISZZ2E":[
                          
                           
                            {
                              
                                 "component_name": "html",
                                 "component_id": "LK6XXAZP5AUPUTLECDOJEPZVVXE",
                                 "file_name": [ "html", "html_VKKRNIKB55PU7M3IVGJMACHSAY"]
                              

                              } 

                            ],
                           "LMAKU6JIFUOJEVOPOVXRSMUR5RY":[
                          
                           
                            {
                              
                                 "component_name": "html",
                                 "component_id": "LAAHRINNEVJOE3DWD4GW7DW4P2I",
                                 "file_name": [ "html", "html_VKKRNIKB55PU7M3IVGJMACHSAY"]
                              

                              } 

                            ],
                           "LSJJ2JR22XESU7KI6ZR44IDHBLA":[
                          
                           
                            {
                              
                                 "component_name": "html",
                                 "component_id": "LZA55ZOWUH3ZERM3JUIW6E2LJ2A",
                                 "file_name": [ "html", "html_VKKRNIKB55PU7M3IVGJMACHSAY"]
                              

                              } 

                            ],
                           "L3QKHSR3VCFPUVP4KOUHO7OITKM":[
                          
                           
                            {
                              
                                 "component_name": "html",
                                 "component_id": "L35QJ4SXV2SCU3ELG3LWJ5XQ2CU",
                                 "file_name": [ "html", "html_VKKRNIKB55PU7M3IVGJMACHSAY"]
                              

                              } 

                            ],
                           "LXEKXGEOVAEREHE2UE77LPTZ53I":[
                          
                           
                            {
                              
                                 "component_name": "html",
                                 "component_id": "L6BJSORXV4XMUPLHPOM2HTQTNNI",
                                 "file_name": [ "html", "html_VKKRNIKB55PU7M3IVGJMACHSAY"]
                              

                              } 

                            ],
                           "LX245Q2OBIEEEJPVMIVMQRMPSHA":[
                          
                           
                            {
                              
                                 "component_name": "html",
                                 "component_id": "LUA2W3EW3KHKUDOGRSZSRAZ6BLM",
                                 "file_name": [ "html", "html_VKKRNIKB55PU7M3IVGJMACHSAY"]
                              

                              } 

                            ],
                           "LKJ2VUMXPFYYUTOTLBPSQ2VWDQ4":[
                          
                           
                            {
                              
                                 "component_name": "html",
                                 "component_id": "LS7GSUZFVLK4UNBNY4ZTWBWE5QE",
                                 "file_name": [ "html", "html_VKKRNIKB55PU7M3IVGJMACHSAY"]
                              

                              } 

                            ],
                           "LJTBKZ2BTTWNEFADZO74JJUKMEU":[
                          
                           
                            {
                              
                                 "component_name": "html",
                                 "component_id": "L4NBF2IY6YRVULMITVCHHA5OTWM",
                                 "file_name": [ "html", "html_VKKRNIKB55PU7M3IVGJMACHSAY"]
                              

                              } 

                            ],
                           "L57KNYHNYPRBEFERNWX2XMHK36Q":[
                          
                           
                            {
                              
                                 "component_name": "html",
                                 "component_id": "LTBF4FE4QZ7BEHJ5EY7NWCQCDI4",
                                 "file_name": [ "html", "html_VKKRNIKB55PU7M3IVGJMACHSAY"]
                              

                              } 

                            ],
                           "LK5JHSZMPVZBETMQZZ343R6MVJQ":[
                          
                           
                            {
                              
                                 "component_name": "html",
                                 "component_id": "LRINPHGVQCC2UFAK7MSJAQZSXY4",
                                 "file_name": [ "html", "html_VKKRNIKB55PU7M3IVGJMACHSAY"]
                              

                              } 

                            ],
                           "LSZEA2SMLO5LEVE62WDYORPX6W4":[
                          
                           
                            {
                              
                                 "component_name": "html",
                                 "component_id": "LQSW3OKLOBDNETPTA5VCGNVGUQE",
                                 "file_name": [ "html", "html_VKKRNIKB55PU7M3IVGJMACHSAY"]
                              

                              } 

                            ],
                           "LUMBHNZZ3ZNYE7KLJGL6UDLTDCM":[
                          
                           
                            {
                              
                                 "component_name": "html",
                                 "component_id": "LAQCYUV4ECRLUPLPG6YR5CSVWTI",
                                 "file_name": [ "html", "html_VKKRNIKB55PU7M3IVGJMACHSAY"]
                              

                              } 

                            ],
                           "LO5EXMYSCHMGEJD6QQNABV5ZPMM":[
                          
                           
                            {
                              
                                 "component_name": "html",
                                 "component_id": "LNRPGLRUAPMFUNE2RFN6FWZQHTM",
                                 "file_name": [ "html", "html_VKKRNIKB55PU7M3IVGJMACHSAY"]
                              

                              } 

                            ],
                           "L3RL2GRUQY6MUPHEJLYY4AE3RDQ":[
                          
                           
                            {
                              
                                 "component_name": "html",
                                 "component_id": "LZ6PZTHOK4IRU7BV5S22XOUJP6Q",
                                 "file_name": [ "html", "html_VKKRNIKB55PU7M3IVGJMACHSAY"]
                              

                              } 

                            ],
                           "LVMKOLWO3J7PU5EIZNM6NM2LIGQ":[
                          
                           
                            {
                              
                                 "component_name": "html",
                                 "component_id": "LRBT2SQGQ2WOETNJ4TDEQZA3KHA",
                                 "file_name": [ "html", "html_VKKRNIKB55PU7M3IVGJMACHSAY"]
                              

                              } 

                            ],
                           "LQEYVMCJRTQIE3BATH5BGCINKXU":[
                          
                           
                            {
                              
                                 "component_name": "html",
                                 "component_id": "LRTEXS7KPTKMEVJQ3C23IRGRI7A",
                                 "file_name": [ "html", "html_VKKRNIKB55PU7M3IVGJMACHSAY"]
                              

                              } 

                            ],
                           "LQP2UQ4KNLG7UNBDOVQ36NA6RYA":[
                          
                           
                            {
                              
                                 "component_name": "html",
                                 "component_id": "LJLHBJYWYRB4U5CT62ZH5BTPCFY",
                                 "file_name": [ "html", "html_VKKRNIKB55PU7M3IVGJMACHSAY"]
                              

                              } 

                            ],
                           "LHQ4SCVEFQOQEFFH3ZUVHUUVT4I":[
                          
                           
                            {
                              
                                 "component_name": "section",
                                 "component_id": "LFY4EJM4QUEGUHICBJGMUNUQOZI",
                                 "file_name": [ "section", "section_VKKRNIKB55PU7M3IVGJMACHSAY"]
                              

                              } ,
                            {
                              
                                 "component_name": "section",
                                 "component_id": "LWX2P6XREICKEHC4KZVAM6XWM2U",
                                 "file_name": [ "section", "section_VKKRNIKB55PU7M3IVGJMACHSAY"]
                              

                              } ,
                            {
                              
                                 "component_name": "section",
                                 "component_id": "LKSWQUWMWK3EEZOKH6HGXT2T5AA",
                                 "file_name": [ "section", "section_VKKRNIKB55PU7M3IVGJMACHSAY"]
                              

                              } 

                            ],
                           "LKQFXKYM4HGUEZDJVIJLDX535KI":[
                          
                           
                            {
                              
                                    "component_name": "memory_flip",
                                    "component_id": "LVJDLMQZT3KKEZG24EXBYX6ZDHA",
                                  "file_name": [ "memory_flip", "memory_flip_VKKRNIKB55PU7M3IVGJMACHSAY"]                            
                               

                              } 

                            ],
                           "LY6QKQ47RHYHE3LNDUVKQSXC2G4":[
                          
                           
                            {
                              
                                 "component_name": "html",
                                 "component_id": "LCTV7H6VS5J2UNEPZNSAY5HHRHM",
                                 "file_name": [ "html", "html_VKKRNIKB55PU7M3IVGJMACHSAY"]
                              

                              } 

                            ],
                           "LCHEXI6CCFRUULLRK4J7LMRWLME":[
                          
                           
                            {
                              
                                 "component_name": "html",
                                 "component_id": "LMMWGHJ5INGHULHILLB2Y7LZ3W4",
                                 "file_name": [ "html", "html_VKKRNIKB55PU7M3IVGJMACHSAY"]
                              

                              } 

                            ],
                           "L5QUFUBEQPBNUDE5MQZCXBLVPYU":[
                          
                           
                            {
                              
                                 "component_name": "html",
                                 "component_id": "LW3I3QRVSGUZE3PHTE5WM7E7ATE",
                                 "file_name": [ "html", "html_VKKRNIKB55PU7M3IVGJMACHSAY"]
                              

                              } 

                            ],
                           "LZRJQ5FHZ6YEULPLF4SSJ7KO6IM":[
                          
                           
                            {
                              
                                 "component_name": "html",
                                 "component_id": "LZYP2QUNAAAYUZFH6K75VRBDDCU",
                                 "file_name": [ "html", "html_VKKRNIKB55PU7M3IVGJMACHSAY"]
                              

                              } 

                            ],
                           "LCHV5V2HDK7VUNB2UPXW6C7Z6YM":[
                          
                           
                            {
                              
                                    "component_name": "memory_flip",
                                    "component_id": "L3HHT5DCFQIRUTOILXF64PMSFVA",
                                  "file_name": [ "memory_flip", "memory_flip_VKKRNIKB55PU7M3IVGJMACHSAY"]                            
                               

                              } 

                            ],
                           "L6RSYNAJ7FNWEPHGOCQTPY5JKVY":[
                          
                           
                            {
                              
                                 "component_name": "html",
                                 "component_id": "LZWPUU64HBDQUPHRMQFFZIYKWL4",
                                 "file_name": [ "html", "html_VKKRNIKB55PU7M3IVGJMACHSAY"]
                              

                              } 

                            ],
                           "LEYGZBDFLDBCUJNVSBE7SAEP7E4":[
                          
                           
                            {
                              
                                 "component_name": "html",
                                 "component_id": "LHWMD64NO3HHUZBCS5SCW6LJMCE",
                                 "file_name": [ "html", "html_VKKRNIKB55PU7M3IVGJMACHSAY"]
                              

                              } 

                            ],
                           "L75MZPRXGCJVE5LTV62ZKGLOFIE":[
                          
                           
                            {
                              
                                 "component_name": "html",
                                 "component_id": "LSIVMQ2B3RYJUFBDLPEP3AHAUTI",
                                 "file_name": [ "html", "html_VKKRNIKB55PU7M3IVGJMACHSAY"]
                              

                              } 

                            ],
                           "LJ7CPOA5NXKAUBM4HW3IIASZ4KU":[
                          
                           
                            {
                              
                                 "component_name": "html",
                                 "component_id": "LNSKSGLBPOLLUXGGCBMF3UZ7LHY",
                                 "file_name": [ "html", "html_VKKRNIKB55PU7M3IVGJMACHSAY"]
                              

                              } 

                            ],
                           "LGFXIQLJBANXULMLZOZUNSKUCS4":[
                          
                           
                            {
                              
                                    "component_name": "memory_flip",
                                    "component_id": "LXOVPHNCQKK3UFDHVOURGO7MEEA",
                                  "file_name": [ "memory_flip", "memory_flip_VKKRNIKB55PU7M3IVGJMACHSAY"]                            
                               

                              } 

                            ],
                           "LFI2QQCDV2PDURFEF75LQBRJLDY":[
                          
                           
                            {
                              
                                 "component_name": "html",
                                 "component_id": "LWX3M7TIDQLMEBL3IAXTMAWN2WY",
                                 "file_name": [ "html", "html_VKKRNIKB55PU7M3IVGJMACHSAY"]
                              

                              } 

                            ],
                           "L6FQ6GRRWKKQELNE5ZGN6II5M3I":[
                          
                           
                            {
                              
                                 "component_name": "html",
                                 "component_id": "LODB3UPEVZD2UNKWGKINBVTHBZQ",
                                 "file_name": [ "html", "html_VKKRNIKB55PU7M3IVGJMACHSAY"]
                              

                              } 

                            ],
                           "LEWJTMYY66YWUTMQLBGL7MLBDY4":[
                          
                           
                            {
                              
                                 "component_name": "html",
                                 "component_id": "LINV54ONLJ7JEVBTOY54SWCXVMA",
                                 "file_name": [ "html", "html_VKKRNIKB55PU7M3IVGJMACHSAY"]
                              

                              } 

                            ],
                           "LBAYYMI3W7E6UZMRWHTAVKUGNAA":[
                          
                           
                            {
                              
                                 "component_name": "html",
                                 "component_id": "LHIWT6MO4AQIE3HU43HKYAEW7UM",
                                 "file_name": [ "html", "html_VKKRNIKB55PU7M3IVGJMACHSAY"]
                              

                              } 

                            ],
                           "L4LJC2BUY5EBEZM2RKMESNKC25I":[
                          
                           
                            {
                              
                                 "component_name": "section",
                                 "component_id": "LICVOMVLHMAFEZC2O2QYQM7MTX4",
                                 "file_name": [ "section", "section_VKKRNIKB55PU7M3IVGJMACHSAY"]
                              

                              } 

                            ],
                           "LTJRARYXHZIJUBEGF66Z2JMYUGQ":[
                          
                           
                            {
                              
                                 "component_name": "section",
                                 "component_id": "LRWDVVGXOC6GERKDLMZXALKNVWA",
                                 "file_name": [ "section", "section_VKKRNIKB55PU7M3IVGJMACHSAY"]
                              

                              } 

                            ],
                           "LESRQDAYKLN5EHH6ODB4IGRO7V4":[
                          
                           
                            {
                              
                                 "component_name": "section",
                                 "component_id": "LEUY644QKBOAUZM5FCV2ZRUF3QE",
                                 "file_name": [ "section", "section_VKKRNIKB55PU7M3IVGJMACHSAY"]
                              

                              } 

                            ],
                           "LP55QRHUV5CIUXERXALB7NY2W3Q":[
                          
                           
                            {
                              
                                 "component_name": "image",
                                  "component_id": "LX3VODZZLQNFEDPKNSZUONZ6OAQ",
                                  "file_name": [ "image", "image_VKKRNIKB55PU7M3IVGJMACHSAY"]
                               

                              } 

                            ],
                           "LYOFAEE7S26ZETJCV6LWYNWYZ7Y":[
                          
                           
                            {
                              
                                 "component_name": "section",
                                 "component_id": "LGFAR62A3GPOUBC2VY6NN44PU5U",
                                 "file_name": [ "section", "section_VKKRNIKB55PU7M3IVGJMACHSAY"]
                              

                              } 

                            ],
                           "L2XLOC3E23FOUHCNQONXL5S4XFY":[
                          
                           
                            {
                              
                                 "component_name": "image",
                                  "component_id": "L5NWHE55FTXXEXGLIB3RUDFGLAM",
                                  "file_name": [ "image", "image_VKKRNIKB55PU7M3IVGJMACHSAY"]
                               

                              } 

                            ],
                           "LWFIZI45JAMUURIKHR3M5US5ETY":[
                          
                           
                            {
                              
                                 "component_name": "section",
                                 "component_id": "LVNOSGLHF2BNUHG3QDJQNPQM56E",
                                 "file_name": [ "section", "section_VKKRNIKB55PU7M3IVGJMACHSAY"]
                              

                              } 

                            ],
                           "LIQZOMK2QPQTEBCDTM5JWXETVNY":[
                          
                           
                            {
                              
                                 "component_name": "image",
                                  "component_id": "LZSYFYQ6JOZBEPNDHABNNZ44G6U",
                                  "file_name": [ "image", "image_VKKRNIKB55PU7M3IVGJMACHSAY"]
                               

                              } 

                            ],
                           "LM2UI2ZN5VYGERLES5GJUJSYMC4":[
                          
                           
                            {
                              
                                 "component_name": "section",
                                 "component_id": "LSZCL4ITZGRKE3DBTGMROATKVFQ",
                                 "file_name": [ "section", "section_VKKRNIKB55PU7M3IVGJMACHSAY"]
                              

                              } 

                            ],
                           "LFNJS6SKXK5BUNOWOXALM2HWHTQ":[
                          
                           
                            {
                              
                                 "component_name": "image",
                                  "component_id": "LURJZG2JVL5DUVPUA6P6MFYQMSI",
                                  "file_name": [ "image", "image_VKKRNIKB55PU7M3IVGJMACHSAY"]
                               

                              } 

                            ],
                           "LKXZ3UHZSG6PURIPFFHOD7WK5JU":[
                          
                           
                            {
                              
                                 "component_name": "section",
                                 "component_id": "LJSEU35LSHA5EFANPGZOAWHTECE",
                                 "file_name": [ "section", "section_VKKRNIKB55PU7M3IVGJMACHSAY"]
                              

                              } 

                            ],
                           "LA7V2R5FQYPBUVCWED7X4WYPW7M":[
                          
                           
                            {
                              
                                 "component_name": "section",
                                 "component_id": "LCP7VAPABT4GEXF2AWSUGR5AVMA",
                                 "file_name": [ "section", "section_VKKRNIKB55PU7M3IVGJMACHSAY"]
                              

                              } 

                            ],
                           "L6QQUTIPCZV7EXMX3LCW2RGQWDU":[
                          
                           
                            {
                              
                                 "component_name": "audio",
                                  "component_id": "LUGD3OH37L7LEFFLXL6AQIE3Q4Y",
                                  "file_name": [ "audio", "audio_VKKRNIKB55PU7M3IVGJMACHSAY"]
                               

                              } 

                            ],
                           "LDRIKMWEHOC6UVGTW5YEGKUS2T4":[
                          
                           
                            {
                              
                                 "component_name": "section",
                                 "component_id": "LSYMWCEKZHYEEBFDTDSW5XAQEO4",
                                 "file_name": [ "section", "section_VKKRNIKB55PU7M3IVGJMACHSAY"]
                              

                              } 

                            ],
                           "LWLRYMJJ62DFELFCGQAYD4RZY5U":[
                          
                           
                            {
                              
                                 "component_name": "audio",
                                  "component_id": "LXA7CG36525PELIACIPDWPM2LJQ",
                                  "file_name": [ "audio", "audio_VKKRNIKB55PU7M3IVGJMACHSAY"]
                               

                              } 

                            ],
                           "LX3YDF2RZGV4UVC4IV4XWLJ7TNM":[
                          
                           
                            {
                              
                                 "component_name": "section",
                                 "component_id": "LWYEEKKXOLH5E7OZFOW6SNRL6QU",
                                 "file_name": [ "section", "section_VKKRNIKB55PU7M3IVGJMACHSAY"]
                              

                              } 

                            ],
                           "LMANVUZKC5FBEZL25BZFPWYXPFI":[
                          
                           
                            {
                              
                                 "component_name": "audio_recorder",
                                  "component_id": "LJNGF6POIGGYUBDRV5JJHVVFP4E",
                                  "file_name": [""]
                               

                              } 

                            ],
                           "LVM7TPLQXVNGEFPMYXTOO5DTLL4":[
                          
                           
                            {
                              
                                 "component_name": "section",
                                 "component_id": "LPHQGMK632SRUXDSJ7V5XNUJ6RU",
                                 "file_name": [ "section", "section_VKKRNIKB55PU7M3IVGJMACHSAY"]
                              

                              } ,
                            {
                              
                                 "component_name": "section",
                                 "component_id": "L34GFBGV6R3CE5KCWJZQCLGHTSE",
                                 "file_name": [ "section", "section_VKKRNIKB55PU7M3IVGJMACHSAY"]
                              

                              } 

                            ],
                           "LA6JU4SWDQEAUVPEG44DVWLPZ7I":[
                          
                           
                            {
                              
                                 "component_name": "html",
                                 "component_id": "LLIRIM3QSEQ6UTMTVAZ7AOFFNWY",
                                 "file_name": [ "html", "html_VKKRNIKB55PU7M3IVGJMACHSAY"]
                              

                              } 

                            ],
                           "LSM4ZRMDNLR2UFGCJLSOF4QU254":[
                          
                           
                            {
                              
                                 "component_name": "html",
                                 "component_id": "L2DN7G2LKASDUZBCXGLESVMQFQM",
                                 "file_name": [ "html", "html_VKKRNIKB55PU7M3IVGJMACHSAY"]
                              

                              } 

                            ],
                           "LGNO6T5WNW4QUNG57STCLQJQAHE":[
                          
                           

                            ],
                           "L6Y3RTC274E3URJJL2H4XP367T4":[
                          
                           
                            {
                              
                                 "component_name": "section",
                                 "component_id": "LF5SMWD733HFUDJM47OWH4GLF3Q",
                                 "file_name": [ "section", "section_VKKRNIKB55PU7M3IVGJMACHSAY"]
                              

                              } 

                            ],
                           "LN75DZ3BFO2HUZKPEER3U7JXGWI":[
                          
                           
                            {
                              
                                    "component_name": "tool",
                                    "component_id": "L44K5O2JLRFHU3LAY5X3WQDVITM",
                                  "file_name": [ "tool", "tool_VKKRNIKB55PU7M3IVGJMACHSAY"]                            
                               

                              } 

                            ],
                           "LVKWSCMIUCTTUTKV7GRRNARIQNA":[
                          
                           
                            {
                              
                                 "component_name": "html",
                                 "component_id": "LZC23Y7G5YRIUFFEWM5UKI7BYR4",
                                 "file_name": [ "html", "html_VKKRNIKB55PU7M3IVGJMACHSAY"]
                              

                              } 

                            ],
                           "LXIJYAMTOKQ4EPKUON7PTBEOUEA":[
                          
                           
                            {
                              
                                    "component_name": "tool",
                                    "component_id": "LGOGCCUJCJMDUZJ5DZGGBZESEJI",
                                  "file_name": [ "tool", "tool_VKKRNIKB55PU7M3IVGJMACHSAY"]                            
                               

                              } 

                            ],
                           "LCNOYAJYNLDVEFPK2PEBJY7MXLM":[
                          
                           
                            {
                              
                                 "component_name": "html",
                                 "component_id": "L6DVOBURHM67ELOYTZX4K7DTPBY",
                                 "file_name": [ "html", "html_VKKRNIKB55PU7M3IVGJMACHSAY"]
                              

                              } 

                            ],
                           "LN7BCDD3DKW6UNPFCDSY4GPNOS4":[
                          
                           
                            {
                              
                                    "component_name": "tool",
                                    "component_id": "LPOYTWQBI5CTEFKPRACB3ULVOPM",
                                  "file_name": [ "tool", "tool_VKKRNIKB55PU7M3IVGJMACHSAY"]                            
                               

                              } 

                            ],
                           "LPMXURTUVTQVU3CFEDS2GSC4CIQ":[
                          
                           
                            {
                              
                                 "component_name": "html",
                                 "component_id": "LSLWHBFYA7CKUJP7V6CCVR2M6IA",
                                 "file_name": [ "html", "html_VKKRNIKB55PU7M3IVGJMACHSAY"]
                              

                              } 

                            ],
                           "LRK3IBQQLG63EPMMXSH5VI6Y3MA":[
                          
                           
                            {
                              
                                    "component_name": "tool",
                                    "component_id": "LJLVGXQKXWKPEVA7NGBTEFZQ7RE",
                                  "file_name": [ "tool", "tool_VKKRNIKB55PU7M3IVGJMACHSAY"]                            
                               

                              } 

                            ],
                           "LAKIM7LQOWSIUDBH6H4MHSGGLGY":[
                          
                           
                            {
                              
                                 "component_name": "html",
                                 "component_id": "L26OUHX5IY45UPM7LNNDMDLDXA4",
                                 "file_name": [ "html", "html_VKKRNIKB55PU7M3IVGJMACHSAY"]
                              

                              } 

                            ]

         }
      }

    