
      {
      "html": {
                  
                
                      "LQEYXXU2SKR6EXHMVQCNBO3HOWA": {
                            "data": {
                                "content": "Header 1",
                                "classes": "html-content-text"
                            }
                             
                        }
                      ,
                
                      "LM3DGJS5ZHLREHBTQMELDAGXIZQ": {
                            "data": {
                                "content": "Header 2",
                                "classes": "html-content-text"
                            }
                             
                        }
                      ,
                
                      "LEAHQJEUIDEFU5AFER74FO75YCE": {
                            "data": {
                                "content": "Header 3",
                                "classes": "html-content-text"
                            }
                             
                        }
                      ,
                
                      "LLQACYOEZE3ZEFI6GY5JPMQJ4DA": {
                            "data": {
                                "content": "data 1",
                                "classes": "html-content-text"
                            }
                             
                        }
                      ,
                
                      "LJIR6Z4FJLOKETJMYB5VYPVKVWI": {
                            "data": {
                                "content": "data 2",
                                "classes": "html-content-text"
                            }
                             
                        }
                      ,
                
                      "LZIVHNAAYXIBUNDZFPX2XSGPHOM": {
                            "data": {
                                "content": "data 3",
                                "classes": "html-content-text"
                            }
                             
                        }
                      ,
                
                      "LV5FNM6EN7U2EBN63XQDMDJSPCA": {
                            "data": {
                                "content": "data 1",
                                "classes": "html-content-text"
                            }
                             
                        }
                      ,
                
                      "LB7FSGGRW5NKUXOCWTY7PJCCAJE": {
                            "data": {
                                "content": "data 2",
                                "classes": "html-content-text"
                            }
                             
                        }
                      ,
                
                      "LLNWRBHDTWR7UXFZQRIT4RL3MII": {
                            "data": {
                                "content": "data 3",
                                "classes": "html-content-text"
                            }
                             
                        }
                      ,
                
                      "LIMB7SIZ4TDXEPFFBH7AMB5ZJO4": {
                            "data": {
                                "content": "Header 1",
                                "classes": "html-content-text"
                            }
                             
                        }
                      ,
                
                      "LZEJQLMEZLDEU3KYSKWN77IVKXM": {
                            "data": {
                                "content": "Header 2",
                                "classes": "html-content-text"
                            }
                             
                        }
                      ,
                
                      "LI4BFBAS5GJPEVB5GPECCPFUCYA": {
                            "data": {
                                "content": "Header 3",
                                "classes": "html-content-text"
                            }
                             
                        }
                      ,
                
                      "L2CKAJ2PU5UYENN2H5MLQF34PB4": {
                            "data": {
                                "content": "data 1",
                                "classes": "html-content-text"
                            }
                             
                        }
                      ,
                
                      "LUBRIXGTDOK5UJMQQYDNZMLAARQ": {
                            "data": {
                                "content": "data 2",
                                "classes": "html-content-text"
                            }
                             
                        }
                      ,
                
                      "LDI4PXKPUHAHEXP7BGY35CLOHPQ": {
                            "data": {
                                "content": "data 3",
                                "classes": "html-content-text"
                            }
                             
                        }
                      ,
                
                      "LKUPZZDTKR7YUNPYPDCL26UGIVU": {
                            "data": {
                                "content": "data 1",
                                "classes": "html-content-text"
                            }
                             
                        }
                      ,
                
                      "LHC3NBWIDATKEJA3RGO4STXQB3E": {
                            "data": {
                                "content": "data 2",
                                "classes": "html-content-text"
                            }
                             
                        }
                      ,
                
                      "LQ3DCYJBM6ZKUPEHNCAZNTZS2IU": {
                            "data": {
                                "content": "data 3",
                                "classes": "html-content-text"
                            }
                             
                        }
                      ,
                
                      "L5TLOOOIBDVQU3EAB5ZPI7QESQY": {
                            "data": {
                                "content": "Header 1",
                                "classes": "html-content-text"
                            }
                             
                        }
                      ,
                
                      "LQ2IR65SFSY7EFLLU5CGOOCNIXE": {
                            "data": {
                                "content": "Header 2",
                                "classes": "html-content-text"
                            }
                             
                        }
                      ,
                
                      "L6DOFYMUOOBKEPBGNSVVNQWPNAU": {
                            "data": {
                                "content": "Header 3",
                                "classes": "html-content-text"
                            }
                             
                        }
                      ,
                
                      "LIOZ2XXVUDPHEXI3GSS6WZLMW5E": {
                            "data": {
                                "content": "data 1",
                                "classes": "html-content-text"
                            }
                             
                        }
                      ,
                
                      "LGK3H3F7OOSPE3HOSK4GVA22BDE": {
                            "data": {
                                "content": "data 2",
                                "classes": "html-content-text"
                            }
                             
                        }
                      ,
                
                      "L5WSTOKPTTQCEZMYTHOPHFTSDUM": {
                            "data": {
                                "content": "data 3",
                                "classes": "html-content-text"
                            }
                             
                        }
                      ,
                
                      "LDYRSX4M4FEZEDA6UNRAN62UI7M": {
                            "data": {
                                "content": "data 1",
                                "classes": "html-content-text"
                            }
                             
                        }
                      ,
                
                      "L7POCBQFJ4OMUPJSFKK3ASXKDIY": {
                            "data": {
                                "content": "data 2",
                                "classes": "html-content-text"
                            }
                             
                        }
                      ,
                
                      "LG3SIGSZIHOQUHB6X26X3NRDFO4": {
                            "data": {
                                "content": "data 3",
                                "classes": "html-content-text"
                            }
                             
                        }
                      ,
                
                      "LXPLS6JBQMLRULLMG6D7HB3UBPA": {
                            "data": {
                                "content": "Header 1",
                                "classes": "html-content-text"
                            }
                             
                        }
                      ,
                
                      "LGK2NNZGVDOYENJGARQOAJABKUQ": {
                            "data": {
                                "content": "Header 2",
                                "classes": "html-content-text"
                            }
                             
                        }
                      ,
                
                      "LCY25NFHGVRFUZHL76JOCNSKTHQ": {
                            "data": {
                                "content": "Header 3",
                                "classes": "html-content-text"
                            }
                             
                        }
                      ,
                
                      "LIVLTXZFITONE3OYK2OAKWRH4AE": {
                            "data": {
                                "content": "data 1",
                                "classes": "html-content-text"
                            }
                             
                        }
                      ,
                
                      "LPPEOC7JOVEOU3MCBLSRKPFXA7Q": {
                            "data": {
                                "content": "data 2",
                                "classes": "html-content-text"
                            }
                             
                        }
                      ,
                
                      "LKD672WKBD25UXLIZIXPD6VWSLI": {
                            "data": {
                                "content": "data 3",
                                "classes": "html-content-text"
                            }
                             
                        }
                      ,
                
                      "L7UXL5H4CCIZELN3VPCVDNTNUKY": {
                            "data": {
                                "content": "data 1",
                                "classes": "html-content-text"
                            }
                             
                        }
                      ,
                
                      "L57EHJYAOZM7EHNVIDOSMTKHGOE": {
                            "data": {
                                "content": "data 2",
                                "classes": "html-content-text"
                            }
                             
                        }
                      ,
                
                      "LNNHJTQ667KDUDLZWAAETK63LEA": {
                            "data": {
                                "content": "data 3",
                                "classes": "html-content-text"
                            }
                             
                        }
                      ,
                
                      "LVNJYLGKURCIEVBGCCNOBMEA2FE": {
                            "data": {
                                "content": "Question statement goes here.",
                                "classes": "html-content-text"
                            }
                             
                        }
                      ,
                
                      "LHFZGRH6O5WJUBAWGG4ISQZCG3E": {
                            "data": {
                                "content": "Correct",
                                "classes": "html-content-text"
                            }
                             
                        }
                      ,
                
                      "LNWEJM6J6JLXEXK5D6KSRUGC4OQ": {
                            "data": {
                                "content": "Wrong",
                                "classes": "html-content-text"
                            }
                             
                        }
                      ,
                
                      "LTJ425S2JKHMUNDMHKEOPQLO6YA": {
                            "data": {
                                "content": "Wrong",
                                "classes": "html-content-text"
                            }
                             
                        }
                      ,
                
                      "L6RKUAPGZMOKEJNFZSBOXV4OJ3Q": {
                            "data": {
                                "content": "Wrong",
                                "classes": "html-content-text"
                            }
                             
                        }
                      ,
                
                      "L3E7JPOVAQNSUHN46W652TZDKF4": {
                            "data": {
                                "content": "Question statement goes here.",
                                "classes": "html-content-text"
                            }
                             
                        }
                      ,
                
                      "LLPXKIT5KOMXE3BDKJTTB7F6OME": {
                            "data": {
                                "content": "Correct",
                                "classes": "html-content-text"
                            }
                             
                        }
                      ,
                
                      "LEHA2BAS53CXEFM7TFVTAIVGHDQ": {
                            "data": {
                                "content": "Wrong",
                                "classes": "html-content-text"
                            }
                             
                        }
                      ,
                
                      "LTKA37MTF6RXUZDJMCCY6WU6VBM": {
                            "data": {
                                "content": "Wrong",
                                "classes": "html-content-text"
                            }
                             
                        }
                      ,
                
                      "LZT33UCCVOJBURDYO2LNQUQIE5Q": {
                            "data": {
                                "content": "Wrong",
                                "classes": "html-content-text"
                            }
                             
                        }
                      ,
                
                      "L4W6LBYXFEBBUVDGMQFB24SI64M": {
                            "data": {
                                "content": "Question statement goes here.",
                                "classes": "html-content-text"
                            }
                             
                        }
                      ,
                
                      "LTYS3G546ZL4U3MXAI6RA2LXKFM": {
                            "data": {
                                "content": "Correct",
                                "classes": "html-content-text"
                            }
                             
                        }
                      ,
                
                      "LVMF7ACOCWACEBLGXOGVGP2JREQ": {
                            "data": {
                                "content": "Wrong",
                                "classes": "html-content-text"
                            }
                             
                        }
                      ,
                
                      "L23CTEINGI52ERNKOCEZPL2GAJI": {
                            "data": {
                                "content": "Wrong",
                                "classes": "html-content-text"
                            }
                             
                        }
                      ,
                
                      "LRSRUBKFWJDAEFKETUHRG2IKFLA": {
                            "data": {
                                "content": "Wrong",
                                "classes": "html-content-text"
                            }
                             
                        }
                      ,
                
                      "LHXSUITUZH75ETGOBJAMR22BVAU": {
                            "data": {
                                "content": "Question statement goes here.",
                                "classes": "html-content-text"
                            }
                             
                        }
                      ,
                
                      "L6JFIRTRJYTQU5AKUQJYTCTVASI": {
                            "data": {
                                "content": "Correct",
                                "classes": "html-content-text"
                            }
                             
                        }
                      ,
                
                      "L6QTAG2SC55WUXGSPNN7TDKIZ4E": {
                            "data": {
                                "content": "Wrong",
                                "classes": "html-content-text"
                            }
                             
                        }
                      ,
                
                      "LOA2KVI6T32WU5PU2T7JTIHEAOI": {
                            "data": {
                                "content": "Wrong",
                                "classes": "html-content-text"
                            }
                             
                        }
                      ,
                
                      "LU5UCIYEPS4TEFB4IFV3YYV6YUE": {
                            "data": {
                                "content": "Wrong",
                                "classes": "html-content-text"
                            }
                             
                        }
                      ,
                
                      "L6RXSY72NTDSEFFV34AHWEO7T54": {
                            "data": {
                                "content": "Question statement goes here.",
                                "classes": "html-content-text"
                            }
                             
                        }
                      ,
                
                      "LTP6ZN4YXDDSUTM5G4454TW5YKA": {
                            "data": {
                                "content": "Correct",
                                "classes": "html-content-text"
                            }
                             
                        }
                      ,
                
                      "LADJOWPKYPDME3MGZH36LNEZHGE": {
                            "data": {
                                "content": "Wrong",
                                "classes": "html-content-text"
                            }
                             
                        }
                      ,
                
                      "LUBHYKN6VDLBEBKK5HS7EPJNHAM": {
                            "data": {
                                "content": "Wrong",
                                "classes": "html-content-text"
                            }
                             
                        }
                      ,
                
                      "LB5BTEF7LSW6U7CBQUZLANQOGFA": {
                            "data": {
                                "content": "Wrong",
                                "classes": "html-content-text"
                            }
                             
                        }
                      ,
                
                      "LQ7PZ2PR2WXIUPDUOKT66GOIJQY": {
                            "data": {
                                "content": "Question statement goes here.",
                                "classes": "html-content-text"
                            }
                             
                        }
                      ,
                
                      "L4EW5ZB33FMSERDMV4ZMBSJUCRM": {
                            "data": {
                                "content": "Correct",
                                "classes": "html-content-text"
                            }
                             
                        }
                      ,
                
                      "LLYWOCMGBLS5EZJXVOJQ6IUF5AM": {
                            "data": {
                                "content": "Wrong",
                                "classes": "html-content-text"
                            }
                             
                        }
                      ,
                
                      "LWYBXX5HLD6SELNJLEEGC3QT6KA": {
                            "data": {
                                "content": "Wrong",
                                "classes": "html-content-text"
                            }
                             
                        }
                      ,
                
                      "LNJL3RINOY7OE7IGADLWABRYTZQ": {
                            "data": {
                                "content": "Wrong",
                                "classes": "html-content-text"
                            }
                             
                        }
                      ,
                
                      "LR7CSRZISHLNEPEJMFSPJ677XC4": {
                            "data": {
                                "content": "Question statement goes here.",
                                "classes": "html-content-text"
                            }
                             
                        }
                      ,
                
                      "LM7MUNMAH33LURDSVW3LCA4477Y": {
                            "data": {
                                "content": "Correct",
                                "classes": "html-content-text"
                            }
                             
                        }
                      ,
                
                      "L2PBYDD4TWZREPNPZMFOY4IH3WA": {
                            "data": {
                                "content": "Wrong",
                                "classes": "html-content-text"
                            }
                             
                        }
                      ,
                
                      "LCPQBU7LLNRLE3PL22Q4ZNKYPYI": {
                            "data": {
                                "content": "Wrong",
                                "classes": "html-content-text"
                            }
                             
                        }
                      ,
                
                      "LYHSLF4FXGRBENNDC4PKZ2AR2IE": {
                            "data": {
                                "content": "Wrong",
                                "classes": "html-content-text"
                            }
                             
                        }
                      ,
                
                      "LMBWG5GLH4QSU5MKAIRIPOESFEI": {
                            "data": {
                                "content": "Question statement goes here.",
                                "classes": "html-content-text"
                            }
                             
                        }
                      ,
                
                      "LBDRDFRVX53QU7BNMT3EM3YNBCA": {
                            "data": {
                                "content": "Correct",
                                "classes": "html-content-text"
                            }
                             
                        }
                      ,
                
                      "LQTIDCLPBTYRELC4GDZXC2PEH3Q": {
                            "data": {
                                "content": "Wrong",
                                "classes": "html-content-text"
                            }
                             
                        }
                      ,
                
                      "LR2IQONDYYDGUNHGATWXXWHXSPA": {
                            "data": {
                                "content": "Wrong",
                                "classes": "html-content-text"
                            }
                             
                        }
                      ,
                
                      "L7R6C2OE7TUIEJHGGCL3CDTZFGU": {
                            "data": {
                                "content": "Wrong",
                                "classes": "html-content-text"
                            }
                             
                        }
                      ,
                
                      "LF3T3KSKQWNIEFEHIREFW6QN77U": {
                            "data": {
                                "content": "Question statement goes here.",
                                "classes": "html-content-text"
                            }
                             
                        }
                      ,
                
                      "L3OCCEFZCH42EVDO44JXL6KKCXA": {
                            "data": {
                                "content": "Correct",
                                "classes": "html-content-text"
                            }
                             
                        }
                      ,
                
                      "LFC5X4ZMG5HGEJJBX6PEIGRGKGM": {
                            "data": {
                                "content": "Wrong",
                                "classes": "html-content-text"
                            }
                             
                        }
                      ,
                
                      "LRAZ7ZDQWUCUE5LWJTZOOLIMJSE": {
                            "data": {
                                "content": "Wrong",
                                "classes": "html-content-text"
                            }
                             
                        }
                      ,
                
                      "LURVLEDZBSYMUNNCBOZQQN5525A": {
                            "data": {
                                "content": "Wrong",
                                "classes": "html-content-text"
                            }
                             
                        }
                      ,
                
                      "LO6ATZQFC7W5EXIFOEBU64634DY": {
                            "data": {
                                "content": "Question statement goes here.",
                                "classes": "html-content-text"
                            }
                             
                        }
                      ,
                
                      "LADQAE26SEMOULL5KJ7TGABFMVM": {
                            "data": {
                                "content": "Correct",
                                "classes": "html-content-text"
                            }
                             
                        }
                      ,
                
                      "L5TV6GQ6VJJVUNKNR4CA7KSZYAU": {
                            "data": {
                                "content": "Wrong",
                                "classes": "html-content-text"
                            }
                             
                        }
                      ,
                
                      "LBD2GQW6TDALE3KTI3QRN5KV2RU": {
                            "data": {
                                "content": "Wrong",
                                "classes": "html-content-text"
                            }
                             
                        }
                      ,
                
                      "LOZRNPKFB6B6UFE44WKGR725LVU": {
                            "data": {
                                "content": "Wrong",
                                "classes": "html-content-text"
                            }
                             
                        }
                      ,
                
                      "LBXMFWGRMOMRUFOSFLI6HAYPOSU": {
                            "data": {
                                "content": "Question statement goes here.",
                                "classes": "html-content-text"
                            }
                             
                        }
                      ,
                
                      "LUYOYJ56ATPGEVPVVOOUHBPKLTM": {
                            "data": {
                                "content": "Correct",
                                "classes": "html-content-text"
                            }
                             
                        }
                      ,
                
                      "L6CHJY26WWGTEXDKBFL5YGMN2QE": {
                            "data": {
                                "content": "Wrong",
                                "classes": "html-content-text"
                            }
                             
                        }
                      ,
                
                      "L3EZ76JS55VSE3HKY7TZPUYKI3M": {
                            "data": {
                                "content": "Wrong",
                                "classes": "html-content-text"
                            }
                             
                        }
                      ,
                
                      "LTAR3YRIYYLHE5HMGJWXMBD54XQ": {
                            "data": {
                                "content": "Wrong",
                                "classes": "html-content-text"
                            }
                             
                        }
                      ,
                
                      "L2PJ5G5F6IHEEBJGKZUQQ27OTGQ": {
                            "data": {
                                "content": "Question statement goes here.",
                                "classes": "html-content-text"
                            }
                             
                        }
                      ,
                
                      "LKM2QQS5MT7EETKORIO7GQE5FCQ": {
                            "data": {
                                "content": "Correct",
                                "classes": "html-content-text"
                            }
                             
                        }
                      ,
                
                      "LT66QP6D6E6AUJLVLQJTBQAWWRQ": {
                            "data": {
                                "content": "Wrong",
                                "classes": "html-content-text"
                            }
                             
                        }
                      ,
                
                      "LJTSK4ZMZMIPUZPNGA4I6P4YVKM": {
                            "data": {
                                "content": "Wrong",
                                "classes": "html-content-text"
                            }
                             
                        }
                      ,
                
                      "LXLYDJYWVCZCU7OLIXLIPK4GBZI": {
                            "data": {
                                "content": "Wrong",
                                "classes": "html-content-text"
                            }
                             
                        }
                      ,
                
                      "LJ5DPZAKUC6EEXEPV2WGKDXRUCM": {
                            "data": {
                                "content": "Question statement goes here.",
                                "classes": "html-content-text"
                            }
                             
                        }
                      ,
                
                      "LSZWHKBI2ZLWEFKW42HT7DVAHNE": {
                            "data": {
                                "content": "Correct",
                                "classes": "html-content-text"
                            }
                             
                        }
                      ,
                
                      "LJ5IY6GMXXVRELCK523W6S7NJBY": {
                            "data": {
                                "content": "Wrong",
                                "classes": "html-content-text"
                            }
                             
                        }
                      ,
                
                      "LEJTICBSFTNIUPOEYKCTXOZGNSU": {
                            "data": {
                                "content": "Wrong",
                                "classes": "html-content-text"
                            }
                             
                        }
                      ,
                
                      "LK6XXAZP5AUPUTLECDOJEPZVVXE": {
                            "data": {
                                "content": "Wrong",
                                "classes": "html-content-text"
                            }
                             
                        }
                      ,
                
                      "LAAHRINNEVJOE3DWD4GW7DW4P2I": {
                            "data": {
                                "content": "This is an info. Please continue.",
                                "classes": "html-content-text"
                            }
                             
                        }
                      ,
                
                      "LZA55ZOWUH3ZERM3JUIW6E2LJ2A": {
                            "data": {
                                "content": "Question statement goes here.",
                                "classes": "html-content-text"
                            }
                             
                        }
                      ,
                
                      "L35QJ4SXV2SCU3ELG3LWJ5XQ2CU": {
                            "data": {
                                "content": "Correct",
                                "classes": "html-content-text"
                            }
                             
                        }
                      ,
                
                      "L6BJSORXV4XMUPLHPOM2HTQTNNI": {
                            "data": {
                                "content": "Wrong",
                                "classes": "html-content-text"
                            }
                             
                        }
                      ,
                
                      "LUA2W3EW3KHKUDOGRSZSRAZ6BLM": {
                            "data": {
                                "content": "Wrong",
                                "classes": "html-content-text"
                            }
                             
                        }
                      ,
                
                      "LS7GSUZFVLK4UNBNY4ZTWBWE5QE": {
                            "data": {
                                "content": "Wrong",
                                "classes": "html-content-text"
                            }
                             
                        }
                      ,
                
                      "L4NBF2IY6YRVULMITVCHHA5OTWM": {
                            "data": {
                                "content": "Question statement goes here.",
                                "classes": "html-content-text"
                            }
                             
                        }
                      ,
                
                      "LTBF4FE4QZ7BEHJ5EY7NWCQCDI4": {
                            "data": {
                                "content": "Correct",
                                "classes": "html-content-text"
                            }
                             
                        }
                      ,
                
                      "LRINPHGVQCC2UFAK7MSJAQZSXY4": {
                            "data": {
                                "content": "Wrong",
                                "classes": "html-content-text"
                            }
                             
                        }
                      ,
                
                      "LQSW3OKLOBDNETPTA5VCGNVGUQE": {
                            "data": {
                                "content": "Wrong",
                                "classes": "html-content-text"
                            }
                             
                        }
                      ,
                
                      "LAQCYUV4ECRLUPLPG6YR5CSVWTI": {
                            "data": {
                                "content": "Wrong",
                                "classes": "html-content-text"
                            }
                             
                        }
                      ,
                
                      "LNRPGLRUAPMFUNE2RFN6FWZQHTM": {
                            "data": {
                                "content": "Question statement goes here.",
                                "classes": "html-content-text"
                            }
                             
                        }
                      ,
                
                      "LZ6PZTHOK4IRU7BV5S22XOUJP6Q": {
                            "data": {
                                "content": "Correct",
                                "classes": "html-content-text"
                            }
                             
                        }
                      ,
                
                      "LRBT2SQGQ2WOETNJ4TDEQZA3KHA": {
                            "data": {
                                "content": "Wrong",
                                "classes": "html-content-text"
                            }
                             
                        }
                      ,
                
                      "LRTEXS7KPTKMEVJQ3C23IRGRI7A": {
                            "data": {
                                "content": "Wrong",
                                "classes": "html-content-text"
                            }
                             
                        }
                      ,
                
                      "LJLHBJYWYRB4U5CT62ZH5BTPCFY": {
                            "data": {
                                "content": "Wrong",
                                "classes": "html-content-text"
                            }
                             
                        }
                      ,
                
                      "LCTV7H6VS5J2UNEPZNSAY5HHRHM": {
                            "data": {
                                "content": "One",
                                "classes": "html-content-text"
                            }
                             
                        }
                      ,
                
                      "LMMWGHJ5INGHULHILLB2Y7LZ3W4": {
                            "data": {
                                "content": "1",
                                "classes": "html-content-text"
                            }
                             
                        }
                      ,
                
                      "LW3I3QRVSGUZE3PHTE5WM7E7ATE": {
                            "data": {
                                "content": "two",
                                "classes": "html-content-text"
                            }
                             
                        }
                      ,
                
                      "LZYP2QUNAAAYUZFH6K75VRBDDCU": {
                            "data": {
                                "content": "2",
                                "classes": "html-content-text"
                            }
                             
                        }
                      ,
                
                      "LZWPUU64HBDQUPHRMQFFZIYKWL4": {
                            "data": {
                                "content": "One",
                                "classes": "html-content-text"
                            }
                             
                        }
                      ,
                
                      "LHWMD64NO3HHUZBCS5SCW6LJMCE": {
                            "data": {
                                "content": "1",
                                "classes": "html-content-text"
                            }
                             
                        }
                      ,
                
                      "LSIVMQ2B3RYJUFBDLPEP3AHAUTI": {
                            "data": {
                                "content": "two",
                                "classes": "html-content-text"
                            }
                             
                        }
                      ,
                
                      "LNSKSGLBPOLLUXGGCBMF3UZ7LHY": {
                            "data": {
                                "content": "2",
                                "classes": "html-content-text"
                            }
                             
                        }
                      ,
                
                      "LWX3M7TIDQLMEBL3IAXTMAWN2WY": {
                            "data": {
                                "content": "One",
                                "classes": "html-content-text"
                            }
                             
                        }
                      ,
                
                      "LODB3UPEVZD2UNKWGKINBVTHBZQ": {
                            "data": {
                                "content": "1",
                                "classes": "html-content-text"
                            }
                             
                        }
                      ,
                
                      "LINV54ONLJ7JEVBTOY54SWCXVMA": {
                            "data": {
                                "content": "two",
                                "classes": "html-content-text"
                            }
                             
                        }
                      ,
                
                      "LHIWT6MO4AQIE3HU43HKYAEW7UM": {
                            "data": {
                                "content": "2",
                                "classes": "html-content-text"
                            }
                             
                        }
                      ,
                
                      "LLIRIM3QSEQ6UTMTVAZ7AOFFNWY": {
                            "data": {
                                "content": "<span class=\"jsx_tooltip\">Lorem ipsum</span>&nbsp;dolor sit amet consectetur adipisicing elit. Esse deserunt explicabo eveniet iure quas distinctio quis voluptatibus, nihil repellat sapiente quae rerum assumenda nesciunt ipsam. A, aperiam? Reiciendis, nobis dolorem?",
                                "classes": "html-content-text"
                            }
                             ,

                              
                                 "tooltip_id": "LAIH4DDKGIJGU7CKY4LB5XK5QBA"
                              ,
                                  "tooltip":[
                                        
                                            {
                                            "id": "LUPOIYOJ75ZBUHJJ4LHODALPJFI",
                                            "data": {
                                                  "component_name": "tooltip",
                                                  "component_id": "LUPOIYOJ75ZBUHJJ4LHODALPJFI",
                                                  "file_name": [ "tooltip", "tooltip_VKKRNIKB55PU7M3IVGJMACHSAY"]
                                              } 
                                            }
                                        ]
                              
                        }
                      ,
                
                      "L2DN7G2LKASDUZBCXGLESVMQFQM": {
                            "data": {
                                "content": "It&rsquo;s the most-used dummy text excerpt out there.",
                                "classes": "html-content-text"
                            }
                             
                        }
                      ,
                
                      "LZC23Y7G5YRIUFFEWM5UKI7BYR4": {
                            "data": {
                                "content": "Lorem ipsum dolor sit amet consectetur adipisicing elit. Esse deserunt explicabo eveniet iure quas distinctio quis voluptatibus, nihil repellat sapiente quae rerum assumenda nesciunt ipsam. A, aperiam? Reiciendis, nobis dolorem?",
                                "classes": "html-content-text"
                            }
                             
                        }
                      ,
                
                      "L6DVOBURHM67ELOYTZX4K7DTPBY": {
                            "data": {
                                "content": "Lorem ipsum dolor sit amet consectetur adipisicing elit. Esse deserunt explicabo eveniet iure quas distinctio quis voluptatibus, nihil repellat sapiente quae rerum assumenda nesciunt ipsam. A, aperiam? Reiciendis, nobis dolorem?",
                                "classes": "html-content-text"
                            }
                             
                        }
                      ,
                
                      "LSLWHBFYA7CKUJP7V6CCVR2M6IA": {
                            "data": {
                                "content": "Lorem ipsum dolor sit amet consectetur adipisicing elit. Esse deserunt explicabo eveniet iure quas distinctio quis voluptatibus, nihil repellat sapiente quae rerum assumenda nesciunt ipsam. A, aperiam? Reiciendis, nobis dolorem?",
                                "classes": "html-content-text"
                            }
                             
                        }
                      ,
                
                      "L26OUHX5IY45UPM7LNNDMDLDXA4": {
                            "data": {
                                "content": "Lorem ipsum dolor sit amet consectetur adipisicing elit. Esse deserunt explicabo eveniet iure quas distinctio quis voluptatibus, nihil repellat sapiente quae rerum assumenda nesciunt ipsam. A, aperiam? Reiciendis, nobis dolorem?",
                                "classes": "html-content-text"
                            }
                             
                        }
                      
         }
      }

    