
      {
      "image": {
                  
                
                      "LX3VODZZLQNFEDPKNSZUONZ6OAQ": {
                            "data": {
                                "url": "../../source/LX3VODZZLQNFEDPKNSZUONZ6OAQ/10-Best-Indoor-Plants-Gear-Patrol-lead-full (2).jpg",
                                "style": "square",
                                "width":
                                              null
                                            ,
                                "border": {
                                          "width": "",
                                          "color": "#cccccc"
                                          },
                                 "popup": false,
                                 "source": "",
                                 "type": "",
                                 "author": "",
                                 "position": null,
                                 "ratio": null
                                   }
                                   }
                                ,
                
                      "L5NWHE55FTXXEXGLIB3RUDFGLAM": {
                            "data": {
                                "url": "../../source/L5NWHE55FTXXEXGLIB3RUDFGLAM/10-Best-Indoor-Plants-Gear-Patrol-lead-full (2).jpg",
                                "style": "rounded-square",
                                "width":
                                              null
                                            ,
                                "border": {
                                          "width": "",
                                          "color": "#cccccc"
                                          },
                                 "popup": false,
                                 "source": "",
                                 "type": "",
                                 "author": "",
                                 "position": null,
                                 "ratio": null
                                   }
                                   }
                                ,
                
                      "LZSYFYQ6JOZBEPNDHABNNZ44G6U": {
                            "data": {
                                "url": "../../source/LZSYFYQ6JOZBEPNDHABNNZ44G6U/10-Best-Indoor-Plants-Gear-Patrol-lead-full (2).jpg",
                                "style": "circle",
                                "width":
                                              null
                                            ,
                                "border": {
                                          "width": "",
                                          "color": "#cccccc"
                                          },
                                 "popup": false,
                                 "source": "",
                                 "type": "",
                                 "author": "",
                                 "position": null,
                                 "ratio": null
                                   }
                                   }
                                ,
                
                      "LURJZG2JVL5DUVPUA6P6MFYQMSI": {
                            "data": {
                                "url": "../../source/LURJZG2JVL5DUVPUA6P6MFYQMSI/10-Best-Indoor-Plants-Gear-Patrol-lead-full (2).jpg",
                                "style": "rounded-square",
                                "width":
                                              null
                                            ,
                                "border": {
                                          "width": 1,
                                          "color": "#cccccc"
                                          },
                                 "popup": true,
                                 "source": "",
                                 "type": "",
                                 "author": "",
                                 "position": null,
                                 "ratio": null
                                   }
                                   }
                                  
         }
      }

    