
                         {
                         "page":
                             {
                                 "page_id": 0,
                                 "page_title": "Template 4",
                                 "page_direction": "ltr",
                                 "subject_color": "#00abdc",
                                 "subject_name":"English",
                                
                                 "content": [
                                    
                                     {
                                         "component_name": "section",
                                         "component_id": "LAT323EJ24IVERJU3MDDO5YNS7U",
                                         "file_name": [ "section", "section_VKKRNIKB55PU7M3IVGJMACHSAY"]
                                     }
                                 ]
                            }
                          }
                          
    