

{
   "question": {

   
                      "LLFAKL3XOPRXUJG5H3THDYMQFZE":{
                        "type": "radio",
                        "submit_counter": false,
                        "column": 2,
                        "submit_limit": 2,
                        "feedback_type": 
                                                "incorrect"
                                              ,
                        "theme":"",
                        
                               "animation": null,
                            
                        "statement": {
                            "content": [
                                {
                                    "component_name": "section",
                                    "component_id": "L6YLVVR7CGRYUDDHKBJHKMEI6CM",
                                     "file_name": [ "section", "section_VKKRNIKB55PU7M3IVGJMACHSAY"]
                                }
                            ]
                            
                        },
                      
                     "options": [
                     
                         {   "id": "LE6KMNG34SYQEVHNSW64HDQLRNA",
                             "option_id": 0,
                             "is_correct": true,
                             "statement": {
                                 "component_name": "section",
                                 "component_id": "LSEEKHRYJMPLUNHQLFHQX3CJGHI",
                                 "file_name": [ "section", "section_VKKRNIKB55PU7M3IVGJMACHSAY"]
                              },
                              "feedback": {
                                 "component_name": "section",
                                 "component_id": "",
                                  "file_name": [ "section", "section_VKKRNIKB55PU7M3IVGJMACHSAY"]
                            }
                          } ,
                         {   "id": "L6ABWKYTMVDIE7KWNPWOXNXXIEQ",
                             "option_id": 1,
                             "is_correct": false,
                             "statement": {
                                 "component_name": "section",
                                 "component_id": "LDLTO5MHE64IELITFO3RZL7SDAM",
                                 "file_name": [ "section", "section_VKKRNIKB55PU7M3IVGJMACHSAY"]
                              },
                              "feedback": {
                                 "component_name": "section",
                                 "component_id": "",
                                  "file_name": [ "section", "section_VKKRNIKB55PU7M3IVGJMACHSAY"]
                            }
                          } ,
                         {   "id": "LXVWT6LUFUW7ULCAW4N3OLLVZMQ",
                             "option_id": 2,
                             "is_correct": false,
                             "statement": {
                                 "component_name": "section",
                                 "component_id": "LZ6XPDFA4A7GU5FLTSSCVZF7XFY",
                                 "file_name": [ "section", "section_VKKRNIKB55PU7M3IVGJMACHSAY"]
                              },
                              "feedback": {
                                 "component_name": "section",
                                 "component_id": "",
                                  "file_name": [ "section", "section_VKKRNIKB55PU7M3IVGJMACHSAY"]
                            }
                          } ,
                         {   "id": "LAUZ2H45KIVEELCJHDO7I5MP74E",
                             "option_id": 3,
                             "is_correct": false,
                             "statement": {
                                 "component_name": "section",
                                 "component_id": "LOBEQZEL46U7EJCUKFQAZTNE2IY",
                                 "file_name": [ "section", "section_VKKRNIKB55PU7M3IVGJMACHSAY"]
                              },
                              "feedback": {
                                 "component_name": "section",
                                 "component_id": "",
                                  "file_name": [ "section", "section_VKKRNIKB55PU7M3IVGJMACHSAY"]
                            }
                          }  
                        ],
                      "feedback": {
                                    
                                  },
                          "hints": [
                              
                                  ],
                        "submit": {
                                      "text": "Submit"
                                  }
              } ,
                      "LUFFOZIL5RGSE3NOKBNGRME5EEE":{
                        "type": "radio",
                        "submit_counter": false,
                        "column": 2,
                        "submit_limit": 2,
                        "feedback_type": 
                                                "incorrect"
                                              ,
                        "theme":"",
                        
                               "animation": null,
                            
                        "statement": {
                            "content": [
                                {
                                    "component_name": "section",
                                    "component_id": "LEUASNEPBWE5ERKWFVY3GTVHVZY",
                                     "file_name": [ "section", "section_VKKRNIKB55PU7M3IVGJMACHSAY"]
                                }
                            ]
                            
                        },
                      
                     "options": [
                     
                         {   "id": "LTFK3BC4MWBFEFKLLZYNWCRMAUI",
                             "option_id": 0,
                             "is_correct": true,
                             "statement": {
                                 "component_name": "section",
                                 "component_id": "L4LA2H32AW4YU5L2XMFFHGYHOIQ",
                                 "file_name": [ "section", "section_VKKRNIKB55PU7M3IVGJMACHSAY"]
                              },
                              "feedback": {
                                 "component_name": "section",
                                 "component_id": "",
                                  "file_name": [ "section", "section_VKKRNIKB55PU7M3IVGJMACHSAY"]
                            }
                          } ,
                         {   "id": "L5XQAGGUUJHGEVFIPMI2GM2UMTA",
                             "option_id": 1,
                             "is_correct": false,
                             "statement": {
                                 "component_name": "section",
                                 "component_id": "L36TIWARLGRUEZEKVLYX7KT7KWU",
                                 "file_name": [ "section", "section_VKKRNIKB55PU7M3IVGJMACHSAY"]
                              },
                              "feedback": {
                                 "component_name": "section",
                                 "component_id": "",
                                  "file_name": [ "section", "section_VKKRNIKB55PU7M3IVGJMACHSAY"]
                            }
                          } ,
                         {   "id": "LDINDTETNNNFE5B3VFPPDQ2W56E",
                             "option_id": 2,
                             "is_correct": false,
                             "statement": {
                                 "component_name": "section",
                                 "component_id": "LM2CREL2UY46UTIS6QPPZ4KCOHM",
                                 "file_name": [ "section", "section_VKKRNIKB55PU7M3IVGJMACHSAY"]
                              },
                              "feedback": {
                                 "component_name": "section",
                                 "component_id": "",
                                  "file_name": [ "section", "section_VKKRNIKB55PU7M3IVGJMACHSAY"]
                            }
                          } ,
                         {   "id": "LBCAORK45SIVETLDQ5YZ2LOHBEE",
                             "option_id": 3,
                             "is_correct": false,
                             "statement": {
                                 "component_name": "section",
                                 "component_id": "LLP2MIQWCEZEELAOP52F3NDJLFU",
                                 "file_name": [ "section", "section_VKKRNIKB55PU7M3IVGJMACHSAY"]
                              },
                              "feedback": {
                                 "component_name": "section",
                                 "component_id": "",
                                  "file_name": [ "section", "section_VKKRNIKB55PU7M3IVGJMACHSAY"]
                            }
                          }  
                        ],
                      "feedback": {
                                    
                                  },
                          "hints": [
                              
                                  ],
                        "submit": {
                                      "text": "Submit"
                                  }
              } ,
                      "LHTGB3Y6LYDFU3PXNSZAKBHAQIY":{
                        "type": "radio",
                        "submit_counter": false,
                        "column": 2,
                        "submit_limit": 2,
                        "feedback_type": 
                                                "incorrect"
                                              ,
                        "theme":"",
                        
                               "animation": null,
                            
                        "statement": {
                            "content": [
                                {
                                    "component_name": "section",
                                    "component_id": "LNYC3GBMED2HUVPQWOL5SDZRIWY",
                                     "file_name": [ "section", "section_VKKRNIKB55PU7M3IVGJMACHSAY"]
                                }
                            ]
                            
                        },
                      
                     "options": [
                     
                         {   "id": "LFXL6HJGHBPKU7P4FCTWKQRGIFI",
                             "option_id": 0,
                             "is_correct": true,
                             "statement": {
                                 "component_name": "section",
                                 "component_id": "LZZ2E3QFJZ2ZUPENH7MVG2GPMSA",
                                 "file_name": [ "section", "section_VKKRNIKB55PU7M3IVGJMACHSAY"]
                              },
                              "feedback": {
                                 "component_name": "section",
                                 "component_id": "",
                                  "file_name": [ "section", "section_VKKRNIKB55PU7M3IVGJMACHSAY"]
                            }
                          } ,
                         {   "id": "L7LGV6SOW6HJUJGZU3T2KDPCPFE",
                             "option_id": 1,
                             "is_correct": false,
                             "statement": {
                                 "component_name": "section",
                                 "component_id": "LMTCJCIFXGWYU5IBIAK6SFRW5T4",
                                 "file_name": [ "section", "section_VKKRNIKB55PU7M3IVGJMACHSAY"]
                              },
                              "feedback": {
                                 "component_name": "section",
                                 "component_id": "",
                                  "file_name": [ "section", "section_VKKRNIKB55PU7M3IVGJMACHSAY"]
                            }
                          } ,
                         {   "id": "LINLY2NUGDHYUDD6VQGZ264WX2M",
                             "option_id": 2,
                             "is_correct": false,
                             "statement": {
                                 "component_name": "section",
                                 "component_id": "L3XMBR2M7XEHURJHM6INT4YGS34",
                                 "file_name": [ "section", "section_VKKRNIKB55PU7M3IVGJMACHSAY"]
                              },
                              "feedback": {
                                 "component_name": "section",
                                 "component_id": "",
                                  "file_name": [ "section", "section_VKKRNIKB55PU7M3IVGJMACHSAY"]
                            }
                          } ,
                         {   "id": "LHNLMIT325XNEPJZROM5MAXUNIY",
                             "option_id": 3,
                             "is_correct": false,
                             "statement": {
                                 "component_name": "section",
                                 "component_id": "LVJIGUANT3IUEXJZ5TPDV5RQYFQ",
                                 "file_name": [ "section", "section_VKKRNIKB55PU7M3IVGJMACHSAY"]
                              },
                              "feedback": {
                                 "component_name": "section",
                                 "component_id": "",
                                  "file_name": [ "section", "section_VKKRNIKB55PU7M3IVGJMACHSAY"]
                            }
                          }  
                        ],
                      "feedback": {
                                    
                                  },
                          "hints": [
                              
                                  ],
                        "submit": {
                                      "text": "Submit"
                                  }
              } ,
                      "L63ZABJKQSQRU5JLCO7UA3ZSCPY":{
                        "type": "radio",
                        "submit_counter": false,
                        "column": 2,
                        "submit_limit": 2,
                        "feedback_type": 
                                                "incorrect"
                                              ,
                        "theme":"",
                        
                               "animation": null,
                            
                        "statement": {
                            "content": [
                                {
                                    "component_name": "section",
                                    "component_id": "LNM6VPFSECFAU5BH4KLNLEJC2YQ",
                                     "file_name": [ "section", "section_VKKRNIKB55PU7M3IVGJMACHSAY"]
                                }
                            ]
                            
                        },
                      
                     "options": [
                     
                         {   "id": "LHQBUV5NANAIE5KMZKFA4ICDXJQ",
                             "option_id": 0,
                             "is_correct": true,
                             "statement": {
                                 "component_name": "section",
                                 "component_id": "LKJKGO75RUZYE3FAQCXVTSO6BAI",
                                 "file_name": [ "section", "section_VKKRNIKB55PU7M3IVGJMACHSAY"]
                              },
                              "feedback": {
                                 "component_name": "section",
                                 "component_id": "",
                                  "file_name": [ "section", "section_VKKRNIKB55PU7M3IVGJMACHSAY"]
                            }
                          } ,
                         {   "id": "LPKZW26OAO54UTOZJHHZQNOW3QI",
                             "option_id": 1,
                             "is_correct": false,
                             "statement": {
                                 "component_name": "section",
                                 "component_id": "LWSGVVD7TPEBU3PXJ6SYGF5NHV4",
                                 "file_name": [ "section", "section_VKKRNIKB55PU7M3IVGJMACHSAY"]
                              },
                              "feedback": {
                                 "component_name": "section",
                                 "component_id": "",
                                  "file_name": [ "section", "section_VKKRNIKB55PU7M3IVGJMACHSAY"]
                            }
                          } ,
                         {   "id": "LDU2GT27KLUMERAZP4WL4THLPLE",
                             "option_id": 2,
                             "is_correct": false,
                             "statement": {
                                 "component_name": "section",
                                 "component_id": "LKH76IQ6BPPZEJIIUTPYWLO34TE",
                                 "file_name": [ "section", "section_VKKRNIKB55PU7M3IVGJMACHSAY"]
                              },
                              "feedback": {
                                 "component_name": "section",
                                 "component_id": "",
                                  "file_name": [ "section", "section_VKKRNIKB55PU7M3IVGJMACHSAY"]
                            }
                          } ,
                         {   "id": "LD4756ZQ42UFEVLA5CIPVMOHP6Q",
                             "option_id": 3,
                             "is_correct": false,
                             "statement": {
                                 "component_name": "section",
                                 "component_id": "LYW7SUHXFWF7UJFKNZGM4I33SOQ",
                                 "file_name": [ "section", "section_VKKRNIKB55PU7M3IVGJMACHSAY"]
                              },
                              "feedback": {
                                 "component_name": "section",
                                 "component_id": "",
                                  "file_name": [ "section", "section_VKKRNIKB55PU7M3IVGJMACHSAY"]
                            }
                          }  
                        ],
                      "feedback": {
                                    
                                  },
                          "hints": [
                              
                                  ],
                        "submit": {
                                      "text": "Submit"
                                  }
              } ,
                      "LBVOZTGXW5AMEDJBACJMPJRK574":{
                        "type": "radio",
                        "submit_counter": false,
                        "column": 2,
                        "submit_limit": 2,
                        "feedback_type": 
                                                "incorrect"
                                              ,
                        "theme":"",
                        
                               "animation": null,
                            
                        "statement": {
                            "content": [
                                {
                                    "component_name": "section",
                                    "component_id": "LIJJCXIYIKMCUBGEQHPJ4K7SZZ4",
                                     "file_name": [ "section", "section_VKKRNIKB55PU7M3IVGJMACHSAY"]
                                }
                            ]
                            
                        },
                      
                     "options": [
                     
                         {   "id": "LE6N767CJKJAEHALIA5N3WE7TAQ",
                             "option_id": 0,
                             "is_correct": true,
                             "statement": {
                                 "component_name": "section",
                                 "component_id": "LNOLFQ34MYXRUDPM73LKVK73HZQ",
                                 "file_name": [ "section", "section_VKKRNIKB55PU7M3IVGJMACHSAY"]
                              },
                              "feedback": {
                                 "component_name": "section",
                                 "component_id": "",
                                  "file_name": [ "section", "section_VKKRNIKB55PU7M3IVGJMACHSAY"]
                            }
                          } ,
                         {   "id": "LSOCTPOD46F2EVEOVFG45YRJEN4",
                             "option_id": 1,
                             "is_correct": false,
                             "statement": {
                                 "component_name": "section",
                                 "component_id": "LAXVZFRNIHKYEVFBU3RJE3RGREQ",
                                 "file_name": [ "section", "section_VKKRNIKB55PU7M3IVGJMACHSAY"]
                              },
                              "feedback": {
                                 "component_name": "section",
                                 "component_id": "",
                                  "file_name": [ "section", "section_VKKRNIKB55PU7M3IVGJMACHSAY"]
                            }
                          } ,
                         {   "id": "LL3DA4XGE7VGENJPXGY24IVCZOE",
                             "option_id": 2,
                             "is_correct": false,
                             "statement": {
                                 "component_name": "section",
                                 "component_id": "LB65MINLCISWEJO2QKHYOW2233M",
                                 "file_name": [ "section", "section_VKKRNIKB55PU7M3IVGJMACHSAY"]
                              },
                              "feedback": {
                                 "component_name": "section",
                                 "component_id": "",
                                  "file_name": [ "section", "section_VKKRNIKB55PU7M3IVGJMACHSAY"]
                            }
                          } ,
                         {   "id": "L7EJYTFGR4TGUZKGF4CGE4NDXGQ",
                             "option_id": 3,
                             "is_correct": false,
                             "statement": {
                                 "component_name": "section",
                                 "component_id": "LADTYT5ZRW6ZEVMM2BEIUQUUSFU",
                                 "file_name": [ "section", "section_VKKRNIKB55PU7M3IVGJMACHSAY"]
                              },
                              "feedback": {
                                 "component_name": "section",
                                 "component_id": "",
                                  "file_name": [ "section", "section_VKKRNIKB55PU7M3IVGJMACHSAY"]
                            }
                          }  
                        ],
                      "feedback": {
                                    
                                  },
                          "hints": [
                              
                                  ],
                        "submit": {
                                      "text": "Submit"
                                  }
              } ,
                      "L2K35YJPNADBE3PJO4SW47ZZBMY":{
                        "type": "radio",
                        "submit_counter": false,
                        "column": 2,
                        "submit_limit": 2,
                        "feedback_type": 
                                                "incorrect"
                                              ,
                        "theme":"",
                        
                               "animation": null,
                            
                        "statement": {
                            "content": [
                                {
                                    "component_name": "section",
                                    "component_id": "L4TVKQT5B7BKUPJT5KDSR6TBSIQ",
                                     "file_name": [ "section", "section_VKKRNIKB55PU7M3IVGJMACHSAY"]
                                }
                            ]
                            
                        },
                      
                     "options": [
                     
                         {   "id": "LOYMQYWUPHWJUFJO625H2HBLSWY",
                             "option_id": 0,
                             "is_correct": true,
                             "statement": {
                                 "component_name": "section",
                                 "component_id": "LQSHNRW2GULCUXIYUTVD5SBBUKY",
                                 "file_name": [ "section", "section_VKKRNIKB55PU7M3IVGJMACHSAY"]
                              },
                              "feedback": {
                                 "component_name": "section",
                                 "component_id": "",
                                  "file_name": [ "section", "section_VKKRNIKB55PU7M3IVGJMACHSAY"]
                            }
                          } ,
                         {   "id": "LASRWIVSA54JUNLIPE25L4GIIXM",
                             "option_id": 1,
                             "is_correct": false,
                             "statement": {
                                 "component_name": "section",
                                 "component_id": "L3OXOYNJQGVHE7C5NR4GXKOB3ZQ",
                                 "file_name": [ "section", "section_VKKRNIKB55PU7M3IVGJMACHSAY"]
                              },
                              "feedback": {
                                 "component_name": "section",
                                 "component_id": "",
                                  "file_name": [ "section", "section_VKKRNIKB55PU7M3IVGJMACHSAY"]
                            }
                          } ,
                         {   "id": "LJQDGELDITTVUNC6BWCYV5G274I",
                             "option_id": 2,
                             "is_correct": false,
                             "statement": {
                                 "component_name": "section",
                                 "component_id": "L3CTUPV6WZHYUBHP4PQEMHISRVY",
                                 "file_name": [ "section", "section_VKKRNIKB55PU7M3IVGJMACHSAY"]
                              },
                              "feedback": {
                                 "component_name": "section",
                                 "component_id": "",
                                  "file_name": [ "section", "section_VKKRNIKB55PU7M3IVGJMACHSAY"]
                            }
                          } ,
                         {   "id": "LIQQ2HXWEMPZUZKZ5RPBYOOLSLQ",
                             "option_id": 3,
                             "is_correct": false,
                             "statement": {
                                 "component_name": "section",
                                 "component_id": "LVSDHBBF4I6JUVHUIQZYSB3R55I",
                                 "file_name": [ "section", "section_VKKRNIKB55PU7M3IVGJMACHSAY"]
                              },
                              "feedback": {
                                 "component_name": "section",
                                 "component_id": "",
                                  "file_name": [ "section", "section_VKKRNIKB55PU7M3IVGJMACHSAY"]
                            }
                          }  
                        ],
                      "feedback": {
                                    
                                  },
                          "hints": [
                              
                                  ],
                        "submit": {
                                      "text": "Submit"
                                  }
              } ,
                      "LQ7E6T4XNPWAUVKJTC7NJSXY4BM":{
                        "type": "radio",
                        "submit_counter": false,
                        "column": 2,
                        "submit_limit": 2,
                        "feedback_type": 
                                                "incorrect"
                                              ,
                        "theme":"",
                        
                               "animation": null,
                            
                        "statement": {
                            "content": [
                                {
                                    "component_name": "section",
                                    "component_id": "L5ZYLIVXOC5HUBB43FVY7GANR5I",
                                     "file_name": [ "section", "section_VKKRNIKB55PU7M3IVGJMACHSAY"]
                                }
                            ]
                            
                        },
                      
                     "options": [
                     
                         {   "id": "L5GHODR7GSAYERJTYNGJ73OSRHI",
                             "option_id": 0,
                             "is_correct": true,
                             "statement": {
                                 "component_name": "section",
                                 "component_id": "L7STWXNNBNTLERJEY2ZLXM6RVHA",
                                 "file_name": [ "section", "section_VKKRNIKB55PU7M3IVGJMACHSAY"]
                              },
                              "feedback": {
                                 "component_name": "section",
                                 "component_id": "",
                                  "file_name": [ "section", "section_VKKRNIKB55PU7M3IVGJMACHSAY"]
                            }
                          } ,
                         {   "id": "LWAK5TFHINN3EJPTPRLDG7FLS5U",
                             "option_id": 1,
                             "is_correct": false,
                             "statement": {
                                 "component_name": "section",
                                 "component_id": "LBSQIRMY55GREDKYE6HTHNCST6A",
                                 "file_name": [ "section", "section_VKKRNIKB55PU7M3IVGJMACHSAY"]
                              },
                              "feedback": {
                                 "component_name": "section",
                                 "component_id": "",
                                  "file_name": [ "section", "section_VKKRNIKB55PU7M3IVGJMACHSAY"]
                            }
                          } ,
                         {   "id": "LPPJFPW4JTSVELFBJGJTLCRQPW4",
                             "option_id": 2,
                             "is_correct": false,
                             "statement": {
                                 "component_name": "section",
                                 "component_id": "LHMUYRKANPY3E7OX2HBTU2DIZP4",
                                 "file_name": [ "section", "section_VKKRNIKB55PU7M3IVGJMACHSAY"]
                              },
                              "feedback": {
                                 "component_name": "section",
                                 "component_id": "",
                                  "file_name": [ "section", "section_VKKRNIKB55PU7M3IVGJMACHSAY"]
                            }
                          } ,
                         {   "id": "LFDJFFPMWHBAUBPOQVOEFKM4BSE",
                             "option_id": 3,
                             "is_correct": false,
                             "statement": {
                                 "component_name": "section",
                                 "component_id": "LJFVLCDCHSHNEXMMX567RWRRPVM",
                                 "file_name": [ "section", "section_VKKRNIKB55PU7M3IVGJMACHSAY"]
                              },
                              "feedback": {
                                 "component_name": "section",
                                 "component_id": "",
                                  "file_name": [ "section", "section_VKKRNIKB55PU7M3IVGJMACHSAY"]
                            }
                          }  
                        ],
                      "feedback": {
                                    
                                  },
                          "hints": [
                              
                                  ],
                        "submit": {
                                      "text": "Submit"
                                  }
              } ,
                      "LV6MKGRVWZDHEPDUPC3PPNNIZEI":{
                        "type": "radio",
                        "submit_counter": false,
                        "column": 2,
                        "submit_limit": 2,
                        "feedback_type": 
                                                "incorrect"
                                              ,
                        "theme":"",
                        
                               "animation": null,
                            
                        "statement": {
                            "content": [
                                {
                                    "component_name": "section",
                                    "component_id": "LXTLDEVCFJ6EUXKFJR6HFCJZXIM",
                                     "file_name": [ "section", "section_VKKRNIKB55PU7M3IVGJMACHSAY"]
                                }
                            ]
                            
                        },
                      
                     "options": [
                     
                         {   "id": "L7RAS7JJXB53UPM2XBDQSULBEC4",
                             "option_id": 0,
                             "is_correct": true,
                             "statement": {
                                 "component_name": "section",
                                 "component_id": "LFFTW7N7JYILUPCUWH3MCUHZ554",
                                 "file_name": [ "section", "section_VKKRNIKB55PU7M3IVGJMACHSAY"]
                              },
                              "feedback": {
                                 "component_name": "section",
                                 "component_id": "",
                                  "file_name": [ "section", "section_VKKRNIKB55PU7M3IVGJMACHSAY"]
                            }
                          } ,
                         {   "id": "LXA4OTS7VM54UDCEBWGCPV7NYCI",
                             "option_id": 1,
                             "is_correct": false,
                             "statement": {
                                 "component_name": "section",
                                 "component_id": "LWSUCZLIRI37UDH3KK7LTAR3OTE",
                                 "file_name": [ "section", "section_VKKRNIKB55PU7M3IVGJMACHSAY"]
                              },
                              "feedback": {
                                 "component_name": "section",
                                 "component_id": "",
                                  "file_name": [ "section", "section_VKKRNIKB55PU7M3IVGJMACHSAY"]
                            }
                          } ,
                         {   "id": "L4TK5QURKYZ6EXAPCJ4QH47AVKA",
                             "option_id": 2,
                             "is_correct": false,
                             "statement": {
                                 "component_name": "section",
                                 "component_id": "LMCIDIIH3WRWUFP4E7CBXUSGRHE",
                                 "file_name": [ "section", "section_VKKRNIKB55PU7M3IVGJMACHSAY"]
                              },
                              "feedback": {
                                 "component_name": "section",
                                 "component_id": "",
                                  "file_name": [ "section", "section_VKKRNIKB55PU7M3IVGJMACHSAY"]
                            }
                          } ,
                         {   "id": "LDBR364SQB7TE7NOUNITP5WP6ME",
                             "option_id": 3,
                             "is_correct": false,
                             "statement": {
                                 "component_name": "section",
                                 "component_id": "LUEFUTKPFPODU7C6SF4ZY5TZSKY",
                                 "file_name": [ "section", "section_VKKRNIKB55PU7M3IVGJMACHSAY"]
                              },
                              "feedback": {
                                 "component_name": "section",
                                 "component_id": "",
                                  "file_name": [ "section", "section_VKKRNIKB55PU7M3IVGJMACHSAY"]
                            }
                          }  
                        ],
                      "feedback": {
                                    
                                  },
                          "hints": [
                              
                                  ],
                        "submit": {
                                      "text": "Submit"
                                  }
              } ,
                      "L4XLL2XFOFFDUDFKO6DJUMRJ2GA":{
                        "type": "radio",
                        "submit_counter": false,
                        "column": 2,
                        "submit_limit": 2,
                        "feedback_type": 
                                                "incorrect"
                                              ,
                        "theme":"",
                        
                               "animation": null,
                            
                        "statement": {
                            "content": [
                                {
                                    "component_name": "section",
                                    "component_id": "LJFYKRRBQZB4UZNV4VSNYQILWTA",
                                     "file_name": [ "section", "section_VKKRNIKB55PU7M3IVGJMACHSAY"]
                                }
                            ]
                            
                        },
                      
                     "options": [
                     
                         {   "id": "LBQNMHBIYPYCE5NNMKDANZ2WP4Y",
                             "option_id": 0,
                             "is_correct": true,
                             "statement": {
                                 "component_name": "section",
                                 "component_id": "LMFV66NXVTSME3D7CV635QECW3U",
                                 "file_name": [ "section", "section_VKKRNIKB55PU7M3IVGJMACHSAY"]
                              },
                              "feedback": {
                                 "component_name": "section",
                                 "component_id": "",
                                  "file_name": [ "section", "section_VKKRNIKB55PU7M3IVGJMACHSAY"]
                            }
                          } ,
                         {   "id": "LB65N2MEB2FZUFO5S5QLV63Y54E",
                             "option_id": 1,
                             "is_correct": false,
                             "statement": {
                                 "component_name": "section",
                                 "component_id": "LP7D6DQJIQXWU7EAEAPG56NS4GU",
                                 "file_name": [ "section", "section_VKKRNIKB55PU7M3IVGJMACHSAY"]
                              },
                              "feedback": {
                                 "component_name": "section",
                                 "component_id": "",
                                  "file_name": [ "section", "section_VKKRNIKB55PU7M3IVGJMACHSAY"]
                            }
                          } ,
                         {   "id": "LPQFLQSTVVQ3EVLX4MOBYL6AWXY",
                             "option_id": 2,
                             "is_correct": false,
                             "statement": {
                                 "component_name": "section",
                                 "component_id": "LLZFGNDO7KKIEHMVD7DC4INIGDQ",
                                 "file_name": [ "section", "section_VKKRNIKB55PU7M3IVGJMACHSAY"]
                              },
                              "feedback": {
                                 "component_name": "section",
                                 "component_id": "",
                                  "file_name": [ "section", "section_VKKRNIKB55PU7M3IVGJMACHSAY"]
                            }
                          } ,
                         {   "id": "L3CQVLESDP65UDCFTEQ7DROYRD4",
                             "option_id": 3,
                             "is_correct": false,
                             "statement": {
                                 "component_name": "section",
                                 "component_id": "LKIZGLLBBVLJUHFSZSDTFHFWEMU",
                                 "file_name": [ "section", "section_VKKRNIKB55PU7M3IVGJMACHSAY"]
                              },
                              "feedback": {
                                 "component_name": "section",
                                 "component_id": "",
                                  "file_name": [ "section", "section_VKKRNIKB55PU7M3IVGJMACHSAY"]
                            }
                          }  
                        ],
                      "feedback": {
                                    
                                  },
                          "hints": [
                              
                                  ],
                        "submit": {
                                      "text": "Submit"
                                  }
              } ,
                      "L3HINKXH62RZUFEPDMIA5S53ICU":{
                        "type": "radio",
                        "submit_counter": false,
                        "column": 2,
                        "submit_limit": 2,
                        "feedback_type": 
                                                "incorrect"
                                              ,
                        "theme":"",
                        
                               "animation": null,
                            
                        "statement": {
                            "content": [
                                {
                                    "component_name": "section",
                                    "component_id": "LHA7PYOP2L6VUFKMS7ZK27E6FMM",
                                     "file_name": [ "section", "section_VKKRNIKB55PU7M3IVGJMACHSAY"]
                                }
                            ]
                            
                        },
                      
                     "options": [
                     
                         {   "id": "LFRH7VS6YESPE3CVDGXBMFQZVQU",
                             "option_id": 0,
                             "is_correct": true,
                             "statement": {
                                 "component_name": "section",
                                 "component_id": "LCZJTETFWO4XEDCJFXHLDA553JQ",
                                 "file_name": [ "section", "section_VKKRNIKB55PU7M3IVGJMACHSAY"]
                              },
                              "feedback": {
                                 "component_name": "section",
                                 "component_id": "",
                                  "file_name": [ "section", "section_VKKRNIKB55PU7M3IVGJMACHSAY"]
                            }
                          } ,
                         {   "id": "LAARQ2HK3ZP3E7CT2LOM56ZRPVE",
                             "option_id": 1,
                             "is_correct": false,
                             "statement": {
                                 "component_name": "section",
                                 "component_id": "LG66QRS3HH6RETI7EDCW3LW6VP4",
                                 "file_name": [ "section", "section_VKKRNIKB55PU7M3IVGJMACHSAY"]
                              },
                              "feedback": {
                                 "component_name": "section",
                                 "component_id": "",
                                  "file_name": [ "section", "section_VKKRNIKB55PU7M3IVGJMACHSAY"]
                            }
                          } ,
                         {   "id": "LHVB4NVHD2Y5UHNUQOXFLCQTKFE",
                             "option_id": 2,
                             "is_correct": false,
                             "statement": {
                                 "component_name": "section",
                                 "component_id": "LEMTM224FS5NU5IPRFHVWI7B5N4",
                                 "file_name": [ "section", "section_VKKRNIKB55PU7M3IVGJMACHSAY"]
                              },
                              "feedback": {
                                 "component_name": "section",
                                 "component_id": "",
                                  "file_name": [ "section", "section_VKKRNIKB55PU7M3IVGJMACHSAY"]
                            }
                          } ,
                         {   "id": "LJEHWLKWIQTYUPM5BX4UVUUOGME",
                             "option_id": 3,
                             "is_correct": false,
                             "statement": {
                                 "component_name": "section",
                                 "component_id": "LD4KQMJYLNNOURGD7K34USQOP5I",
                                 "file_name": [ "section", "section_VKKRNIKB55PU7M3IVGJMACHSAY"]
                              },
                              "feedback": {
                                 "component_name": "section",
                                 "component_id": "",
                                  "file_name": [ "section", "section_VKKRNIKB55PU7M3IVGJMACHSAY"]
                            }
                          }  
                        ],
                      "feedback": {
                                    
                                  },
                          "hints": [
                              
                                  ],
                        "submit": {
                                      "text": "Submit"
                                  }
              } ,
                      "LZATJW6R3SAVUFNKNOPFXBKXH3A":{
                        "type": "radio",
                        "submit_counter": false,
                        "column": 2,
                        "submit_limit": 2,
                        "feedback_type": 
                                                "incorrect"
                                              ,
                        "theme":"",
                        
                               "animation": null,
                            
                        "statement": {
                            "content": [
                                {
                                    "component_name": "section",
                                    "component_id": "LQ5B3YKS4F6BE5PFK2WER7BZECA",
                                     "file_name": [ "section", "section_VKKRNIKB55PU7M3IVGJMACHSAY"]
                                }
                            ]
                            
                        },
                      
                     "options": [
                     
                         {   "id": "LFHRAEWCMDSZUVERUE5HJWCINHE",
                             "option_id": 0,
                             "is_correct": true,
                             "statement": {
                                 "component_name": "section",
                                 "component_id": "LY4G7TQXBG7EURIN32JVTB6ENXU",
                                 "file_name": [ "section", "section_VKKRNIKB55PU7M3IVGJMACHSAY"]
                              },
                              "feedback": {
                                 "component_name": "section",
                                 "component_id": "",
                                  "file_name": [ "section", "section_VKKRNIKB55PU7M3IVGJMACHSAY"]
                            }
                          } ,
                         {   "id": "LUCZJXN7AKBFUHNWPVCZ6UPPPPU",
                             "option_id": 1,
                             "is_correct": false,
                             "statement": {
                                 "component_name": "section",
                                 "component_id": "L6BDEOFNVY4DUXDM7WMHOOIK364",
                                 "file_name": [ "section", "section_VKKRNIKB55PU7M3IVGJMACHSAY"]
                              },
                              "feedback": {
                                 "component_name": "section",
                                 "component_id": "",
                                  "file_name": [ "section", "section_VKKRNIKB55PU7M3IVGJMACHSAY"]
                            }
                          } ,
                         {   "id": "LTHZXR6JJC7XEBASXSP7FYYZUAI",
                             "option_id": 2,
                             "is_correct": false,
                             "statement": {
                                 "component_name": "section",
                                 "component_id": "LF6T45Y6PSCEU5IZFYJ6224XS4Q",
                                 "file_name": [ "section", "section_VKKRNIKB55PU7M3IVGJMACHSAY"]
                              },
                              "feedback": {
                                 "component_name": "section",
                                 "component_id": "",
                                  "file_name": [ "section", "section_VKKRNIKB55PU7M3IVGJMACHSAY"]
                            }
                          } ,
                         {   "id": "L7YSVJPRNMUQURI56WRDXDNNNVU",
                             "option_id": 3,
                             "is_correct": false,
                             "statement": {
                                 "component_name": "section",
                                 "component_id": "LVM6EZC6WY5ZU7GSFCYCWQDJYOI",
                                 "file_name": [ "section", "section_VKKRNIKB55PU7M3IVGJMACHSAY"]
                              },
                              "feedback": {
                                 "component_name": "section",
                                 "component_id": "",
                                  "file_name": [ "section", "section_VKKRNIKB55PU7M3IVGJMACHSAY"]
                            }
                          }  
                        ],
                      "feedback": {
                                    
                                  },
                          "hints": [
                              
                                  ],
                        "submit": {
                                      "text": "Submit"
                                  }
              } ,
                      "LHVDQTPJLBVJEPBM6RYN4MKEFO4":{
                        "type": "radio",
                        "submit_counter": false,
                        "column": 2,
                        "submit_limit": 2,
                        "feedback_type": 
                                                "incorrect"
                                              ,
                        "theme":"",
                        
                               "animation": null,
                            
                        "statement": {
                            "content": [
                                {
                                    "component_name": "section",
                                    "component_id": "L5JVS5ELNG4PENMNLTYYX7QRNAA",
                                     "file_name": [ "section", "section_VKKRNIKB55PU7M3IVGJMACHSAY"]
                                }
                            ]
                            
                        },
                      
                     "options": [
                     
                         {   "id": "L3HABCYMOA5CELHITYBH2QGBEI4",
                             "option_id": 0,
                             "is_correct": true,
                             "statement": {
                                 "component_name": "section",
                                 "component_id": "LHNSNBZJUEE6E7CZWT6QTG4HSO4",
                                 "file_name": [ "section", "section_VKKRNIKB55PU7M3IVGJMACHSAY"]
                              },
                              "feedback": {
                                 "component_name": "section",
                                 "component_id": "",
                                  "file_name": [ "section", "section_VKKRNIKB55PU7M3IVGJMACHSAY"]
                            }
                          } ,
                         {   "id": "LUXEMQUA2CSLULATOK7LBNR5DS4",
                             "option_id": 1,
                             "is_correct": false,
                             "statement": {
                                 "component_name": "section",
                                 "component_id": "L2EQF5YC6FQJUFGLWMMOITQXFV4",
                                 "file_name": [ "section", "section_VKKRNIKB55PU7M3IVGJMACHSAY"]
                              },
                              "feedback": {
                                 "component_name": "section",
                                 "component_id": "",
                                  "file_name": [ "section", "section_VKKRNIKB55PU7M3IVGJMACHSAY"]
                            }
                          } ,
                         {   "id": "LNPHCIJMNY2XEPESMLOBGUPSQRM",
                             "option_id": 2,
                             "is_correct": false,
                             "statement": {
                                 "component_name": "section",
                                 "component_id": "LPKGXVAHDVEPURKM5R62XMDVBVI",
                                 "file_name": [ "section", "section_VKKRNIKB55PU7M3IVGJMACHSAY"]
                              },
                              "feedback": {
                                 "component_name": "section",
                                 "component_id": "",
                                  "file_name": [ "section", "section_VKKRNIKB55PU7M3IVGJMACHSAY"]
                            }
                          } ,
                         {   "id": "L6FILTMGBLR3UDMT4TFFAPSWOIA",
                             "option_id": 3,
                             "is_correct": false,
                             "statement": {
                                 "component_name": "section",
                                 "component_id": "LO6S37QZUXYVU7J6LGV7RUBUETU",
                                 "file_name": [ "section", "section_VKKRNIKB55PU7M3IVGJMACHSAY"]
                              },
                              "feedback": {
                                 "component_name": "section",
                                 "component_id": "",
                                  "file_name": [ "section", "section_VKKRNIKB55PU7M3IVGJMACHSAY"]
                            }
                          }  
                        ],
                      "feedback": {
                                    
                                  },
                          "hints": [
                              
                                  ],
                        "submit": {
                                      "text": "Submit"
                                  }
              } ,
                      "LIPFGZ2GOOMFULLCYJF24FXHZVI":{
                        "type": "radio",
                        "submit_counter": false,
                        "column": 2,
                        "submit_limit": 2,
                        "feedback_type": 
                                                "incorrect"
                                              ,
                        "theme":"",
                        
                               "animation": null,
                            
                        "statement": {
                            "content": [
                                {
                                    "component_name": "section",
                                    "component_id": "LBLORSOETGEJUNAFH44RS634MAQ",
                                     "file_name": [ "section", "section_VKKRNIKB55PU7M3IVGJMACHSAY"]
                                }
                            ]
                            
                        },
                      
                     "options": [
                     
                         {   "id": "LKV6WUCRUQAOEVH2AJWKLVXXN6Q",
                             "option_id": 0,
                             "is_correct": true,
                             "statement": {
                                 "component_name": "section",
                                 "component_id": "LXQQBP7EQWX5EHKOF7DFI5QUAL4",
                                 "file_name": [ "section", "section_VKKRNIKB55PU7M3IVGJMACHSAY"]
                              },
                              "feedback": {
                                 "component_name": "section",
                                 "component_id": "",
                                  "file_name": [ "section", "section_VKKRNIKB55PU7M3IVGJMACHSAY"]
                            }
                          } ,
                         {   "id": "LJC4RILYYGCUUPAFPB2JIKDBALI",
                             "option_id": 1,
                             "is_correct": false,
                             "statement": {
                                 "component_name": "section",
                                 "component_id": "L7ATAJINGQB3UZHIVZVECWSWKAI",
                                 "file_name": [ "section", "section_VKKRNIKB55PU7M3IVGJMACHSAY"]
                              },
                              "feedback": {
                                 "component_name": "section",
                                 "component_id": "",
                                  "file_name": [ "section", "section_VKKRNIKB55PU7M3IVGJMACHSAY"]
                            }
                          } ,
                         {   "id": "L22I3E222AN7UNHPL3MSYFFHC6Y",
                             "option_id": 2,
                             "is_correct": false,
                             "statement": {
                                 "component_name": "section",
                                 "component_id": "LF23NYEZONS5UHAELYKRGVAXALA",
                                 "file_name": [ "section", "section_VKKRNIKB55PU7M3IVGJMACHSAY"]
                              },
                              "feedback": {
                                 "component_name": "section",
                                 "component_id": "",
                                  "file_name": [ "section", "section_VKKRNIKB55PU7M3IVGJMACHSAY"]
                            }
                          } ,
                         {   "id": "LLSK56V33UL4UDMWGJQTLM5TNWY",
                             "option_id": 3,
                             "is_correct": false,
                             "statement": {
                                 "component_name": "section",
                                 "component_id": "L5SM6LP4WTJPELE6NL5P2WVYF7U",
                                 "file_name": [ "section", "section_VKKRNIKB55PU7M3IVGJMACHSAY"]
                              },
                              "feedback": {
                                 "component_name": "section",
                                 "component_id": "",
                                  "file_name": [ "section", "section_VKKRNIKB55PU7M3IVGJMACHSAY"]
                            }
                          }  
                        ],
                      "feedback": {
                                    
                                  },
                          "hints": [
                              
                                  ],
                        "submit": {
                                      "text": "Submit"
                                  }
              } ,
                      "L474VWPUOEQ5EXMFRI5MQZIB7RU":{
                        "type": "radio",
                        "submit_counter": false,
                        "column": 2,
                        "submit_limit": 2,
                        "feedback_type": 
                                                "incorrect"
                                              ,
                        "theme":"",
                        
                               "animation": null,
                            
                        "statement": {
                            "content": [
                                {
                                    "component_name": "section",
                                    "component_id": "LJK7NS7QXYXFU5MU5BWZRKW4EA4",
                                     "file_name": [ "section", "section_VKKRNIKB55PU7M3IVGJMACHSAY"]
                                }
                            ]
                            
                        },
                      
                     "options": [
                     
                         {   "id": "LDZQHPBNF3SHE3D6VFGNDND7V3U",
                             "option_id": 0,
                             "is_correct": true,
                             "statement": {
                                 "component_name": "section",
                                 "component_id": "LAF5WMFZBSP5U3LV7VDKLN5R6TI",
                                 "file_name": [ "section", "section_VKKRNIKB55PU7M3IVGJMACHSAY"]
                              },
                              "feedback": {
                                 "component_name": "section",
                                 "component_id": "",
                                  "file_name": [ "section", "section_VKKRNIKB55PU7M3IVGJMACHSAY"]
                            }
                          } ,
                         {   "id": "LB3OMP3OA2LHU7J6TG5MS3JXXC4",
                             "option_id": 1,
                             "is_correct": false,
                             "statement": {
                                 "component_name": "section",
                                 "component_id": "LGL3ZZRCGXFWEPIISL66Q64ZJ7Q",
                                 "file_name": [ "section", "section_VKKRNIKB55PU7M3IVGJMACHSAY"]
                              },
                              "feedback": {
                                 "component_name": "section",
                                 "component_id": "",
                                  "file_name": [ "section", "section_VKKRNIKB55PU7M3IVGJMACHSAY"]
                            }
                          } ,
                         {   "id": "L74G7IM2VFVQEDGQ4ZBXVADEOSM",
                             "option_id": 2,
                             "is_correct": false,
                             "statement": {
                                 "component_name": "section",
                                 "component_id": "LXJ6D3RRF74FE5PWBK2Y6MTVWMM",
                                 "file_name": [ "section", "section_VKKRNIKB55PU7M3IVGJMACHSAY"]
                              },
                              "feedback": {
                                 "component_name": "section",
                                 "component_id": "",
                                  "file_name": [ "section", "section_VKKRNIKB55PU7M3IVGJMACHSAY"]
                            }
                          } ,
                         {   "id": "L32VFOMITSEYUFNGZIT2K5BY7HI",
                             "option_id": 3,
                             "is_correct": false,
                             "statement": {
                                 "component_name": "section",
                                 "component_id": "LGDUMY2SYKWAU5EKKPGCFYZGAK4",
                                 "file_name": [ "section", "section_VKKRNIKB55PU7M3IVGJMACHSAY"]
                              },
                              "feedback": {
                                 "component_name": "section",
                                 "component_id": "",
                                  "file_name": [ "section", "section_VKKRNIKB55PU7M3IVGJMACHSAY"]
                            }
                          }  
                        ],
                      "feedback": {
                                    
                                  },
                          "hints": [
                              
                                  ],
                        "submit": {
                                      "text": "Submit"
                                  }
              } ,
                      "LFOXAQ35Z74UENKTQS3TS42TGGQ":{
                        "type": "radio",
                        "submit_counter": false,
                        "column": 2,
                        "submit_limit": 2,
                        "feedback_type": 
                                                "incorrect"
                                              ,
                        "theme":"",
                        
                               "animation": null,
                            
                        "statement": {
                            "content": [
                                {
                                    "component_name": "section",
                                    "component_id": "L37UJRGWEFRKEZGKTNWGOJQBFDE",
                                     "file_name": [ "section", "section_VKKRNIKB55PU7M3IVGJMACHSAY"]
                                }
                            ]
                            
                        },
                      
                     "options": [
                     
                         {   "id": "LITC5EMTVQ65EHFRXUADAHCMKBE",
                             "option_id": 0,
                             "is_correct": true,
                             "statement": {
                                 "component_name": "section",
                                 "component_id": "L2K26JYYBGSQE3I5CWPFHWYNYNQ",
                                 "file_name": [ "section", "section_VKKRNIKB55PU7M3IVGJMACHSAY"]
                              },
                              "feedback": {
                                 "component_name": "section",
                                 "component_id": "",
                                  "file_name": [ "section", "section_VKKRNIKB55PU7M3IVGJMACHSAY"]
                            }
                          } ,
                         {   "id": "LAABEOQ5QIEWEZKPS2DXYMT74AM",
                             "option_id": 1,
                             "is_correct": false,
                             "statement": {
                                 "component_name": "section",
                                 "component_id": "LRRG2OIT3HN7U5F4BQCNO22VZLM",
                                 "file_name": [ "section", "section_VKKRNIKB55PU7M3IVGJMACHSAY"]
                              },
                              "feedback": {
                                 "component_name": "section",
                                 "component_id": "",
                                  "file_name": [ "section", "section_VKKRNIKB55PU7M3IVGJMACHSAY"]
                            }
                          } ,
                         {   "id": "LFAOIXS2E35IEPPU7LHCG2VOFHQ",
                             "option_id": 2,
                             "is_correct": false,
                             "statement": {
                                 "component_name": "section",
                                 "component_id": "L3FVQJQWL66CUVN2VFEZZPAP3UA",
                                 "file_name": [ "section", "section_VKKRNIKB55PU7M3IVGJMACHSAY"]
                              },
                              "feedback": {
                                 "component_name": "section",
                                 "component_id": "",
                                  "file_name": [ "section", "section_VKKRNIKB55PU7M3IVGJMACHSAY"]
                            }
                          } ,
                         {   "id": "LJBMJA4KKZPRUHI3YPFIJUWXM4E",
                             "option_id": 3,
                             "is_correct": false,
                             "statement": {
                                 "component_name": "section",
                                 "component_id": "L2ZYJ6HQY7OGELP6LACCM6ZBMBE",
                                 "file_name": [ "section", "section_VKKRNIKB55PU7M3IVGJMACHSAY"]
                              },
                              "feedback": {
                                 "component_name": "section",
                                 "component_id": "",
                                  "file_name": [ "section", "section_VKKRNIKB55PU7M3IVGJMACHSAY"]
                            }
                          }  
                        ],
                      "feedback": {
                                    
                                  },
                          "hints": [
                              
                                  ],
                        "submit": {
                                      "text": "Submit"
                                  }
              } ,
                      "LPNT3Q2ASS6IEDEUWVIGNN7MWQY":{
                        "type": "radio",
                        "submit_counter": false,
                        "column": 2,
                        "submit_limit": 2,
                        "feedback_type": 
                                                "incorrect"
                                              ,
                        "theme":"",
                        
                               "animation": null,
                            
                        "statement": {
                            "content": [
                                {
                                    "component_name": "section",
                                    "component_id": "LKCHNE5S3HJTU7A3HIHTXBWQZ7E",
                                     "file_name": [ "section", "section_VKKRNIKB55PU7M3IVGJMACHSAY"]
                                }
                            ]
                            
                        },
                      
                     "options": [
                     
                         {   "id": "LCCEHQIMBNOWUBG3CDXUQLMFN7Q",
                             "option_id": 0,
                             "is_correct": true,
                             "statement": {
                                 "component_name": "section",
                                 "component_id": "LR22UHFMDTH6U3KJ6IO66PRXKRA",
                                 "file_name": [ "section", "section_VKKRNIKB55PU7M3IVGJMACHSAY"]
                              },
                              "feedback": {
                                 "component_name": "section",
                                 "component_id": "",
                                  "file_name": [ "section", "section_VKKRNIKB55PU7M3IVGJMACHSAY"]
                            }
                          } ,
                         {   "id": "LGDUUA5ZPZPVULNT52QZGBCI6JA",
                             "option_id": 1,
                             "is_correct": false,
                             "statement": {
                                 "component_name": "section",
                                 "component_id": "LQRJJRJXACN3EFC4R56M4CG5L6A",
                                 "file_name": [ "section", "section_VKKRNIKB55PU7M3IVGJMACHSAY"]
                              },
                              "feedback": {
                                 "component_name": "section",
                                 "component_id": "",
                                  "file_name": [ "section", "section_VKKRNIKB55PU7M3IVGJMACHSAY"]
                            }
                          } ,
                         {   "id": "LCJSOHSXE5XCUJDCAH5PFTY35GA",
                             "option_id": 2,
                             "is_correct": false,
                             "statement": {
                                 "component_name": "section",
                                 "component_id": "LSELJKKIX37EUJNA6BWZUFCP3IM",
                                 "file_name": [ "section", "section_VKKRNIKB55PU7M3IVGJMACHSAY"]
                              },
                              "feedback": {
                                 "component_name": "section",
                                 "component_id": "",
                                  "file_name": [ "section", "section_VKKRNIKB55PU7M3IVGJMACHSAY"]
                            }
                          } ,
                         {   "id": "LNXMPW5475Z5U5ITVF6ZRXM5RE4",
                             "option_id": 3,
                             "is_correct": false,
                             "statement": {
                                 "component_name": "section",
                                 "component_id": "L55KVEZVEXUJUZIMHI2QELRFRAU",
                                 "file_name": [ "section", "section_VKKRNIKB55PU7M3IVGJMACHSAY"]
                              },
                              "feedback": {
                                 "component_name": "section",
                                 "component_id": "",
                                  "file_name": [ "section", "section_VKKRNIKB55PU7M3IVGJMACHSAY"]
                            }
                          }  
                        ],
                      "feedback": {
                                    
                                  },
                          "hints": [
                              
                                  ],
                        "submit": {
                                      "text": "Submit"
                                  }
              } 

   }
}

    