    {
    "table": {
            
                "LPNCMMAVIUWLEFJP6FTBFZEIUMU":
                
                 {
                    "fullscreen": false,
                    "border": true,
"caption": "Placeholder caption here. No data available",
                    "th":  { 
                    "id":  
                               "LLLBPENMN5SIEDOYJM2QSUZI45M"
                           ,
                    "cell_height": 30, 
                    "td":[
                              
                                {
                                   "column_id": "LRUCQ6PRYU2DE3IN2VTIMO2MJU4",
                                   "cell_width": "auto",
                                  "cell_span": 1,
                                  "alignment":
                                                 null
                                                ,
                                  "vertical_align":
                                                       null
                                                      ,
                                  "content": [
                                               
                                                         {                                              
                                                           "component_name": "html",
                                                           "component_id": "LQEYXXU2SKR6EXHMVQCNBO3HOWA",
                                                           "file_name": [ "html", "html_VKKRNIKB55PU7M3IVGJMACHSAY"]
                                                          }
                                                
                                              ]                                     
                                  }
                              ,
                                {
                                   "column_id": "L5ERF5MEUVIRU7LHXQKTMN3QSOI",
                                   "cell_width": "auto",
                                  "cell_span": 1,
                                  "alignment":
                                                 null
                                                ,
                                  "vertical_align":
                                                       null
                                                      ,
                                  "content": [
                                               
                                                         {                                              
                                                           "component_name": "html",
                                                           "component_id": "LM3DGJS5ZHLREHBTQMELDAGXIZQ",
                                                           "file_name": [ "html", "html_VKKRNIKB55PU7M3IVGJMACHSAY"]
                                                          }
                                                
                                              ]                                     
                                  }
                              ,
                                {
                                   "column_id": "LG3XQB62R3OHUDB2Z6ZDUKND62M",
                                   "cell_width": "auto",
                                  "cell_span": 1,
                                  "alignment":
                                                 null
                                                ,
                                  "vertical_align":
                                                       null
                                                      ,
                                  "content": [
                                               
                                                         {                                              
                                                           "component_name": "html",
                                                           "component_id": "LEAHQJEUIDEFU5AFER74FO75YCE",
                                                           "file_name": [ "html", "html_VKKRNIKB55PU7M3IVGJMACHSAY"]
                                                          }
                                                
                                              ]                                     
                                  }
                              
                        ]
                              }
                ,
                    "tr": [
                            
                                  {
                                   "row_id": 0,
                                   "id": "LYDX3JIDNPBJURFDMYWDUSRJSAY",
                                   "cell_height": 30,
                                   "td" : [
                                           
                                              {
                                              "column_id": "LY54R5AVTENFERIXDIEW2KBRI3A",
                                              "cell_width": "auto",
                                              "cell_span": 1,
                                              "alignment":
                                                             null
                                                            ,
                                               "vertical_align":
                                                       null
                                                      ,
                                             "content": [
                                                          
                                                                           {                                              
                                                                             "component_name": "html",
                                                                             "component_id": "LLQACYOEZE3ZEFI6GY5JPMQJ4DA",
                                                                             "file_name": [ "html", "html_VKKRNIKB55PU7M3IVGJMACHSAY"]
                                                                            }
                                                                  
                                                     ]    
                                              },
                                              {
                                              "column_id": "LLSNAZF4FNHPERDJXSGG7ZMDOWA",
                                              "cell_width": "auto",
                                              "cell_span": 1,
                                              "alignment":
                                                             null
                                                            ,
                                               "vertical_align":
                                                       null
                                                      ,
                                             "content": [
                                                          
                                                                           {                                              
                                                                             "component_name": "html",
                                                                             "component_id": "LJIR6Z4FJLOKETJMYB5VYPVKVWI",
                                                                             "file_name": [ "html", "html_VKKRNIKB55PU7M3IVGJMACHSAY"]
                                                                            }
                                                                  
                                                     ]    
                                              },
                                              {
                                              "column_id": "LWLTFZ66LJO4EVPBDYLR2GOZ2GY",
                                              "cell_width": "auto",
                                              "cell_span": 1,
                                              "alignment":
                                                             null
                                                            ,
                                               "vertical_align":
                                                       null
                                                      ,
                                             "content": [
                                                          
                                                                           {                                              
                                                                             "component_name": "html",
                                                                             "component_id": "LZIVHNAAYXIBUNDZFPX2XSGPHOM",
                                                                             "file_name": [ "html", "html_VKKRNIKB55PU7M3IVGJMACHSAY"]
                                                                            }
                                                                  
                                                     ]    
                                              }
                                           ]
                                    } 
                        ,
                                  {
                                   "row_id": 1,
                                   "id": "LTC7T3IZZ22KE3JQVTDO2OIEXLY",
                                   "cell_height": 30,
                                   "td" : [
                                           
                                              {
                                              "column_id": "L22JCW5USKBSEZOXO4CHEFRMGVY",
                                              "cell_width": "auto",
                                              "cell_span": 1,
                                              "alignment":
                                                             null
                                                            ,
                                               "vertical_align":
                                                       null
                                                      ,
                                             "content": [
                                                          
                                                                           {                                              
                                                                             "component_name": "html",
                                                                             "component_id": "LV5FNM6EN7U2EBN63XQDMDJSPCA",
                                                                             "file_name": [ "html", "html_VKKRNIKB55PU7M3IVGJMACHSAY"]
                                                                            }
                                                                  
                                                     ]    
                                              },
                                              {
                                              "column_id": "LZERYJ24DY2PU7GVNPXFKG6BFX4",
                                              "cell_width": "auto",
                                              "cell_span": 1,
                                              "alignment":
                                                             null
                                                            ,
                                               "vertical_align":
                                                       null
                                                      ,
                                             "content": [
                                                          
                                                                           {                                              
                                                                             "component_name": "html",
                                                                             "component_id": "LB7FSGGRW5NKUXOCWTY7PJCCAJE",
                                                                             "file_name": [ "html", "html_VKKRNIKB55PU7M3IVGJMACHSAY"]
                                                                            }
                                                                  
                                                     ]    
                                              },
                                              {
                                              "column_id": "LPWROLZL4AADEHJWOW6XZZC63PU",
                                              "cell_width": "auto",
                                              "cell_span": 1,
                                              "alignment":
                                                             null
                                                            ,
                                               "vertical_align":
                                                       null
                                                      ,
                                             "content": [
                                                          
                                                                           {                                              
                                                                             "component_name": "html",
                                                                             "component_id": "LLNWRBHDTWR7UXFZQRIT4RL3MII",
                                                                             "file_name": [ "html", "html_VKKRNIKB55PU7M3IVGJMACHSAY"]
                                                                            }
                                                                  
                                                     ]    
                                              }
                                           ]
                                    } 
                        
                           ] 
                
                 } 
                ,
                "LK4GSBAA6GXLUPA2S5GKOAPKAXY":
                
                 {
                    "fullscreen": true,
                    "border": true,
"caption": "Placeholder caption here. No data available",
                    "th":  { 
                    "id":  
                               "L5KMGFBCGU6IUFGCQJQBHHV5FWM"
                           ,
                    "cell_height": 30, 
                    "td":[
                              
                                {
                                   "column_id": "LXVGKR2L7SITUTBKMYXREVH6TKU",
                                   "cell_width": "auto",
                                  "cell_span": 1,
                                  "alignment":
                                                 null
                                                ,
                                  "vertical_align":
                                                       null
                                                      ,
                                  "content": [
                                               
                                                         {                                              
                                                           "component_name": "html",
                                                           "component_id": "LIMB7SIZ4TDXEPFFBH7AMB5ZJO4",
                                                           "file_name": [ "html", "html_VKKRNIKB55PU7M3IVGJMACHSAY"]
                                                          }
                                                
                                              ]                                     
                                  }
                              ,
                                {
                                   "column_id": "L5KWNXJPEESFEPA5ABZUVNT5DGY",
                                   "cell_width": "auto",
                                  "cell_span": 1,
                                  "alignment":
                                                 null
                                                ,
                                  "vertical_align":
                                                       null
                                                      ,
                                  "content": [
                                               
                                                         {                                              
                                                           "component_name": "html",
                                                           "component_id": "LZEJQLMEZLDEU3KYSKWN77IVKXM",
                                                           "file_name": [ "html", "html_VKKRNIKB55PU7M3IVGJMACHSAY"]
                                                          }
                                                
                                              ]                                     
                                  }
                              ,
                                {
                                   "column_id": "L2Q2P54BJQJSUBLFC3NVRMUDXVI",
                                   "cell_width": "auto",
                                  "cell_span": 1,
                                  "alignment":
                                                 null
                                                ,
                                  "vertical_align":
                                                       null
                                                      ,
                                  "content": [
                                               
                                                         {                                              
                                                           "component_name": "html",
                                                           "component_id": "LI4BFBAS5GJPEVB5GPECCPFUCYA",
                                                           "file_name": [ "html", "html_VKKRNIKB55PU7M3IVGJMACHSAY"]
                                                          }
                                                
                                              ]                                     
                                  }
                              
                        ]
                              }
                ,
                    "tr": [
                            
                                  {
                                   "row_id": 0,
                                   "id": "L6O5VPLRWWVDE5MJC4JLEUSTS3U",
                                   "cell_height": 30,
                                   "td" : [
                                           
                                              {
                                              "column_id": "LVPRXCVVDKY7EJGKRLOL3HK7YCU",
                                              "cell_width": "auto",
                                              "cell_span": 1,
                                              "alignment":
                                                             null
                                                            ,
                                               "vertical_align":
                                                       null
                                                      ,
                                             "content": [
                                                          
                                                                           {                                              
                                                                             "component_name": "html",
                                                                             "component_id": "L2CKAJ2PU5UYENN2H5MLQF34PB4",
                                                                             "file_name": [ "html", "html_VKKRNIKB55PU7M3IVGJMACHSAY"]
                                                                            }
                                                                  
                                                     ]    
                                              },
                                              {
                                              "column_id": "L4ZRURMHJCKCERGES4YRJYXLTEI",
                                              "cell_width": "auto",
                                              "cell_span": 1,
                                              "alignment":
                                                             null
                                                            ,
                                               "vertical_align":
                                                       null
                                                      ,
                                             "content": [
                                                          
                                                                           {                                              
                                                                             "component_name": "html",
                                                                             "component_id": "LUBRIXGTDOK5UJMQQYDNZMLAARQ",
                                                                             "file_name": [ "html", "html_VKKRNIKB55PU7M3IVGJMACHSAY"]
                                                                            }
                                                                  
                                                     ]    
                                              },
                                              {
                                              "column_id": "LQCG4KOW3ZYKENHZL77GYC3GOO4",
                                              "cell_width": "auto",
                                              "cell_span": 1,
                                              "alignment":
                                                             null
                                                            ,
                                               "vertical_align":
                                                       null
                                                      ,
                                             "content": [
                                                          
                                                                           {                                              
                                                                             "component_name": "html",
                                                                             "component_id": "LDI4PXKPUHAHEXP7BGY35CLOHPQ",
                                                                             "file_name": [ "html", "html_VKKRNIKB55PU7M3IVGJMACHSAY"]
                                                                            }
                                                                  
                                                     ]    
                                              }
                                           ]
                                    } 
                        ,
                                  {
                                   "row_id": 1,
                                   "id": "LFXYA3SOK2MRUJPBIWHGZX7YDUE",
                                   "cell_height": 30,
                                   "td" : [
                                           
                                              {
                                              "column_id": "LFL4VDSS3BI7ELILWOAEOX4DPQQ",
                                              "cell_width": "auto",
                                              "cell_span": 1,
                                              "alignment":
                                                             null
                                                            ,
                                               "vertical_align":
                                                       null
                                                      ,
                                             "content": [
                                                          
                                                                           {                                              
                                                                             "component_name": "html",
                                                                             "component_id": "LKUPZZDTKR7YUNPYPDCL26UGIVU",
                                                                             "file_name": [ "html", "html_VKKRNIKB55PU7M3IVGJMACHSAY"]
                                                                            }
                                                                  
                                                     ]    
                                              },
                                              {
                                              "column_id": "L4R5SNGJ4NRIE7OUPQH2QEOEH3Q",
                                              "cell_width": "auto",
                                              "cell_span": 1,
                                              "alignment":
                                                             null
                                                            ,
                                               "vertical_align":
                                                       null
                                                      ,
                                             "content": [
                                                          
                                                                           {                                              
                                                                             "component_name": "html",
                                                                             "component_id": "LHC3NBWIDATKEJA3RGO4STXQB3E",
                                                                             "file_name": [ "html", "html_VKKRNIKB55PU7M3IVGJMACHSAY"]
                                                                            }
                                                                  
                                                     ]    
                                              },
                                              {
                                              "column_id": "LMO2YXSBZEASUPB3ESDO2L5AXAI",
                                              "cell_width": "auto",
                                              "cell_span": 1,
                                              "alignment":
                                                             null
                                                            ,
                                               "vertical_align":
                                                       null
                                                      ,
                                             "content": [
                                                          
                                                                           {                                              
                                                                             "component_name": "html",
                                                                             "component_id": "LQ3DCYJBM6ZKUPEHNCAZNTZS2IU",
                                                                             "file_name": [ "html", "html_VKKRNIKB55PU7M3IVGJMACHSAY"]
                                                                            }
                                                                  
                                                     ]    
                                              }
                                           ]
                                    } 
                        
                           ] 
                
                 } 
                ,
                "L73NZCB3VDE4ULEIF3CV4YCQ7VU":
                    
                       {
                        "fullscreen": true,
                         "border": true,
"caption": "Placeholder caption here. No data available",
                        "tr": [
                              
                                  {
                                   "id": "LHZKQQH6X6QHUFNVUOQ4XWYRIWA",
                                   "row_id": 0,
                                   "cell_height": 30, 
                                   "td" : [
                                           
                                              {
                                              "cell_width": "auto",
                                              "cell_span": 1,
                                              "alignment":
                                                             null
                                                            ,
                                              "vertical_align":
                                                       null
                                                      ,
                                              "content": [
                                                   
                                                                 {                                              
                                                                   "component_name": "html",
                                                                   "component_id": "L5TLOOOIBDVQU3EAB5ZPI7QESQY",
                                                                   "file_name": [ "html", "html_VKKRNIKB55PU7M3IVGJMACHSAY"]
                                                                  }
                                                        
                                                 ]   
                                              },
                                              {
                                              "cell_width": "auto",
                                              "cell_span": 1,
                                              "alignment":
                                                             null
                                                            ,
                                              "vertical_align":
                                                       null
                                                      ,
                                              "content": [
                                                   
                                                                 {                                              
                                                                   "component_name": "html",
                                                                   "component_id": "LQ2IR65SFSY7EFLLU5CGOOCNIXE",
                                                                   "file_name": [ "html", "html_VKKRNIKB55PU7M3IVGJMACHSAY"]
                                                                  }
                                                        
                                                 ]   
                                              },
                                              {
                                              "cell_width": "auto",
                                              "cell_span": 1,
                                              "alignment":
                                                             null
                                                            ,
                                              "vertical_align":
                                                       null
                                                      ,
                                              "content": [
                                                   
                                                                 {                                              
                                                                   "component_name": "html",
                                                                   "component_id": "L6DOFYMUOOBKEPBGNSVVNQWPNAU",
                                                                   "file_name": [ "html", "html_VKKRNIKB55PU7M3IVGJMACHSAY"]
                                                                  }
                                                        
                                                 ]   
                                              }
                                        ]
                                   },
                                  {
                                   "id": "L6ATKWJSHX22UVIAYYQRAL3S2EA",
                                   "row_id": 1,
                                   "cell_height": 30, 
                                   "td" : [
                                           
                                              {
                                              "cell_width": "auto",
                                              "cell_span": 1,
                                              "alignment":
                                                             null
                                                            ,
                                              "vertical_align":
                                                       null
                                                      ,
                                              "content": [
                                                   
                                                                 {                                              
                                                                   "component_name": "html",
                                                                   "component_id": "LIOZ2XXVUDPHEXI3GSS6WZLMW5E",
                                                                   "file_name": [ "html", "html_VKKRNIKB55PU7M3IVGJMACHSAY"]
                                                                  }
                                                        
                                                 ]   
                                              },
                                              {
                                              "cell_width": "auto",
                                              "cell_span": 1,
                                              "alignment":
                                                             null
                                                            ,
                                              "vertical_align":
                                                       null
                                                      ,
                                              "content": [
                                                   
                                                                 {                                              
                                                                   "component_name": "html",
                                                                   "component_id": "LGK3H3F7OOSPE3HOSK4GVA22BDE",
                                                                   "file_name": [ "html", "html_VKKRNIKB55PU7M3IVGJMACHSAY"]
                                                                  }
                                                        
                                                 ]   
                                              },
                                              {
                                              "cell_width": "auto",
                                              "cell_span": 1,
                                              "alignment":
                                                             null
                                                            ,
                                              "vertical_align":
                                                       null
                                                      ,
                                              "content": [
                                                   
                                                                 {                                              
                                                                   "component_name": "html",
                                                                   "component_id": "L5WSTOKPTTQCEZMYTHOPHFTSDUM",
                                                                   "file_name": [ "html", "html_VKKRNIKB55PU7M3IVGJMACHSAY"]
                                                                  }
                                                        
                                                 ]   
                                              }
                                        ]
                                   },
                                  {
                                   "id": "LH4XXS5Z47Z5ULHYOLDZFZ2PSBM",
                                   "row_id": 2,
                                   "cell_height": 30, 
                                   "td" : [
                                           
                                              {
                                              "cell_width": "auto",
                                              "cell_span": 1,
                                              "alignment":
                                                             null
                                                            ,
                                              "vertical_align":
                                                       null
                                                      ,
                                              "content": [
                                                   
                                                                 {                                              
                                                                   "component_name": "html",
                                                                   "component_id": "LDYRSX4M4FEZEDA6UNRAN62UI7M",
                                                                   "file_name": [ "html", "html_VKKRNIKB55PU7M3IVGJMACHSAY"]
                                                                  }
                                                        
                                                 ]   
                                              },
                                              {
                                              "cell_width": "auto",
                                              "cell_span": 1,
                                              "alignment":
                                                             null
                                                            ,
                                              "vertical_align":
                                                       null
                                                      ,
                                              "content": [
                                                   
                                                                 {                                              
                                                                   "component_name": "html",
                                                                   "component_id": "L7POCBQFJ4OMUPJSFKK3ASXKDIY",
                                                                   "file_name": [ "html", "html_VKKRNIKB55PU7M3IVGJMACHSAY"]
                                                                  }
                                                        
                                                 ]   
                                              },
                                              {
                                              "cell_width": "auto",
                                              "cell_span": 1,
                                              "alignment":
                                                             null
                                                            ,
                                              "vertical_align":
                                                       null
                                                      ,
                                              "content": [
                                                   
                                                                 {                                              
                                                                   "component_name": "html",
                                                                   "component_id": "LG3SIGSZIHOQUHB6X26X3NRDFO4",
                                                                   "file_name": [ "html", "html_VKKRNIKB55PU7M3IVGJMACHSAY"]
                                                                  }
                                                        
                                                 ]   
                                              }
                                        ]
                                   }
                           ] 
                 } 
                ,
                "LTBS7AWWSESBUXFXA67E7SG5PSM":
                
                 {
                    "fullscreen": true,
                    "border": false,
                    "th":  { 
                    "id":  
                               "L4N4EKF7JUZ3E5CYVD7EZZGGQV4"
                           ,
                    "cell_height": 30, 
                    "td":[
                              
                                {
                                   "column_id": "LAGYS7S4FZS6UNMN224MOX2UBBE",
                                   "cell_width": "auto",
                                  "cell_span": 1,
                                  "alignment":
                                                 null
                                                ,
                                  "vertical_align":
                                                       null
                                                      ,
                                  "content": [
                                               
                                                         {                                              
                                                           "component_name": "html",
                                                           "component_id": "LXPLS6JBQMLRULLMG6D7HB3UBPA",
                                                           "file_name": [ "html", "html_VKKRNIKB55PU7M3IVGJMACHSAY"]
                                                          }
                                                
                                              ]                                     
                                  }
                              ,
                                {
                                   "column_id": "LAOF72NPY6MKEZJGOYIHGILSZHE",
                                   "cell_width": "auto",
                                  "cell_span": 1,
                                  "alignment":
                                                 null
                                                ,
                                  "vertical_align":
                                                       null
                                                      ,
                                  "content": [
                                               
                                                         {                                              
                                                           "component_name": "html",
                                                           "component_id": "LGK2NNZGVDOYENJGARQOAJABKUQ",
                                                           "file_name": [ "html", "html_VKKRNIKB55PU7M3IVGJMACHSAY"]
                                                          }
                                                
                                              ]                                     
                                  }
                              ,
                                {
                                   "column_id": "LOSTMA5XDAT2U3PPW24IQTESXBA",
                                   "cell_width": "auto",
                                  "cell_span": 1,
                                  "alignment":
                                                 null
                                                ,
                                  "vertical_align":
                                                       null
                                                      ,
                                  "content": [
                                               
                                                         {                                              
                                                           "component_name": "html",
                                                           "component_id": "LCY25NFHGVRFUZHL76JOCNSKTHQ",
                                                           "file_name": [ "html", "html_VKKRNIKB55PU7M3IVGJMACHSAY"]
                                                          }
                                                
                                              ]                                     
                                  }
                              
                        ]
                              }
                ,
                    "tr": [
                            
                                  {
                                   "row_id": 0,
                                   "id": "LI4EIOL77WEBUTHPI2RG2JWMSRU",
                                   "cell_height": 30,
                                   "td" : [
                                           
                                              {
                                              "column_id": "LCWOLG35MV42EPPNYXM4KA6QMKU",
                                              "cell_width": "auto",
                                              "cell_span": 1,
                                              "alignment":
                                                             null
                                                            ,
                                               "vertical_align":
                                                       null
                                                      ,
                                             "content": [
                                                          
                                                                           {                                              
                                                                             "component_name": "html",
                                                                             "component_id": "LIVLTXZFITONE3OYK2OAKWRH4AE",
                                                                             "file_name": [ "html", "html_VKKRNIKB55PU7M3IVGJMACHSAY"]
                                                                            }
                                                                  
                                                     ]    
                                              },
                                              {
                                              "column_id": "LRSMASUWIDMWEDIOW6Z4ZQMXDSE",
                                              "cell_width": "auto",
                                              "cell_span": 1,
                                              "alignment":
                                                             null
                                                            ,
                                               "vertical_align":
                                                       null
                                                      ,
                                             "content": [
                                                          
                                                                           {                                              
                                                                             "component_name": "html",
                                                                             "component_id": "LPPEOC7JOVEOU3MCBLSRKPFXA7Q",
                                                                             "file_name": [ "html", "html_VKKRNIKB55PU7M3IVGJMACHSAY"]
                                                                            }
                                                                  
                                                     ]    
                                              },
                                              {
                                              "column_id": "LRCSX3EIWGCSUFC2KUG4BBXQEO4",
                                              "cell_width": "auto",
                                              "cell_span": 1,
                                              "alignment":
                                                             null
                                                            ,
                                               "vertical_align":
                                                       null
                                                      ,
                                             "content": [
                                                          
                                                                           {                                              
                                                                             "component_name": "html",
                                                                             "component_id": "LKD672WKBD25UXLIZIXPD6VWSLI",
                                                                             "file_name": [ "html", "html_VKKRNIKB55PU7M3IVGJMACHSAY"]
                                                                            }
                                                                  
                                                     ]    
                                              }
                                           ]
                                    } 
                        ,
                                  {
                                   "row_id": 1,
                                   "id": "LWS6QIKP7N53URMC657LKPJBEUU",
                                   "cell_height": 30,
                                   "td" : [
                                           
                                              {
                                              "column_id": "LBKWNWATDTCPE5L6YGBA7WQLD7Q",
                                              "cell_width": "auto",
                                              "cell_span": 1,
                                              "alignment":
                                                             null
                                                            ,
                                               "vertical_align":
                                                       null
                                                      ,
                                             "content": [
                                                          
                                                                           {                                              
                                                                             "component_name": "html",
                                                                             "component_id": "L7UXL5H4CCIZELN3VPCVDNTNUKY",
                                                                             "file_name": [ "html", "html_VKKRNIKB55PU7M3IVGJMACHSAY"]
                                                                            }
                                                                  
                                                     ]    
                                              },
                                              {
                                              "column_id": "LFUPM7W2TOEJEPFAKPLQSXJV45M",
                                              "cell_width": "auto",
                                              "cell_span": 1,
                                              "alignment":
                                                             null
                                                            ,
                                               "vertical_align":
                                                       null
                                                      ,
                                             "content": [
                                                          
                                                                           {                                              
                                                                             "component_name": "html",
                                                                             "component_id": "L57EHJYAOZM7EHNVIDOSMTKHGOE",
                                                                             "file_name": [ "html", "html_VKKRNIKB55PU7M3IVGJMACHSAY"]
                                                                            }
                                                                  
                                                     ]    
                                              },
                                              {
                                              "column_id": "LN7PHOUJWEJBUXGX6YVWU55Q5IU",
                                              "cell_width": "auto",
                                              "cell_span": 1,
                                              "alignment":
                                                             null
                                                            ,
                                               "vertical_align":
                                                       null
                                                      ,
                                             "content": [
                                                          
                                                                           {                                              
                                                                             "component_name": "html",
                                                                             "component_id": "LNNHJTQ667KDUDLZWAAETK63LEA",
                                                                             "file_name": [ "html", "html_VKKRNIKB55PU7M3IVGJMACHSAY"]
                                                                            }
                                                                  
                                                     ]    
                                              }
                                           ]
                                    } 
                        
                           ] 
                
                 } 
                       
               }
        }
    