
    {
    "tooltip": {
             

                "LUPOIYOJ75ZBUHJJ4LHODALPJFI":
                 {
                  "position": "top",
                  "data": [
                        {
                            "component_name": "section",
                            "component_id": "LTT6EVWNFVSOEHGB2KDMDTSWEAA",
                            "file_name": [ "section", "section_VKKRNIKB55PU7M3IVGJMACHSAY"]
                        }
                        ] 
                  }
              
        }
     }

    