
    {
    "tools": {
             
                "L44K5O2JLRFHU3LAY5X3WQDVITM":
                 {
                   "icon": "act",
                    "content": [
                        
                        {
                          "component_name": "section",
                          "component_id": "LKMM5LRUKHUXE7IXF6RMCXYOEGA",
                          "file_name": [ "section", "section_VKKRNIKB55PU7M3IVGJMACHSAY"]
                        }
                    ],
                    "title": 
                                     " "
                                
                  },
                "LGOGCCUJCJMDUZJ5DZGGBZESEJI":
                 {
                   "icon": "analyze",
                    "content": [
                        
                        {
                          "component_name": "section",
                          "component_id": "LU2W3M3ZQWRVUZMK65KDFGZD7CI",
                          "file_name": [ "section", "section_VKKRNIKB55PU7M3IVGJMACHSAY"]
                        }
                    ],
                    "title": 
                                     " "
                                
                  },
                "LPOYTWQBI5CTEFKPRACB3ULVOPM":
                 {
                   "icon": "apply",
                    "content": [
                        
                        {
                          "component_name": "section",
                          "component_id": "L7CU7UZTQH47ELNIOTDWJPLWASA",
                          "file_name": [ "section", "section_VKKRNIKB55PU7M3IVGJMACHSAY"]
                        }
                    ],
                    "title": 
                                     " "
                                
                  },
                "LJLVGXQKXWKPEVA7NGBTEFZQ7RE":
                 {
                   "icon": "cause-effect",
                    "content": [
                        
                        {
                          "component_name": "section",
                          "component_id": "LSKXBSPFT6SUEXKMBI5XFDVPTWM",
                          "file_name": [ "section", "section_VKKRNIKB55PU7M3IVGJMACHSAY"]
                        }
                    ],
                    "title": 
                                     " "
                                
                  }
        }
     }

    