
    {
    "game": {
             
                "LZ5T4R4YX6CZEFLBE6PO2UWHZCM":
                 {
                  "type": "spin_wheel",
                  "scoring_type":"proportional",

                  
                   "levels": [
                   
                    {
                     "id":"LMDRHISLUJOVUFIVFY7KSMAKSXQ",
                    "level_id": 0,
                    "level_name": "Easy",
                    "scoring_system": {
                        "max_score": 10,
                        "partial_score": 8,
                        "partial_score_2": 5
                             },
                    "items": [
                    
                        {
                            "item_id": 0,
                            "item_type": "question",
                            "item_icon": "",
                            
                                "data": {
                                        "component_name": "question",
                                        "component_id": "LP77CN5PY3NKEVG4Y4N6IIOL7KQ",
                                        "file_name": [ "question", "question_7H42UVS3MALULLR23NS63FN25Q"]
                                    }
                                     
                        } ,
                        {
                            "item_id": 1,
                            "item_type": "question",
                            "item_icon": "",
                            
                                "data": {
                                        "component_name": "question",
                                        "component_id": "LAFMAEPMI6V6EHPIZ7ANREXDAAY",
                                        "file_name": [ "question", "question_7H42UVS3MALULLR23NS63FN25Q"]
                                    }
                                     
                        } ,
                        {
                            "item_id": 2,
                            "item_type": "question",
                            "item_icon": "",
                            
                                "data": {
                                        "component_name": "question",
                                        "component_id": "LNG2FGP4DDJOURMHN5ZIU5FR5FM",
                                        "file_name": [ "question", "question_7H42UVS3MALULLR23NS63FN25Q"]
                                    }
                                     
                        } 
                            ]
                     } ,
                    {
                     "id":"LWZTS6V7EO56EHALDXS23JC72FI",
                    "level_id": 1,
                    "level_name": "Medium",
                    "scoring_system": {
                        "max_score": 10,
                        "partial_score": 8,
                        "partial_score_2": 5
                             },
                    "items": [
                    
                        {
                            "item_id": 0,
                            "item_type": "question",
                            "item_icon": "",
                            
                                "data": {
                                        "component_name": "question",
                                        "component_id": "LQN4GRRNH36YUXIIRTPEJ3SYGXQ",
                                        "file_name": [ "question", "question_7H42UVS3MALULLR23NS63FN25Q"]
                                    }
                                     
                        } ,
                        {
                            "item_id": 1,
                            "item_type": "question",
                            "item_icon": "",
                            
                                "data": {
                                        "component_name": "question",
                                        "component_id": "LYRPASGVUYVVUVHEX2TPXWNMC4Q",
                                        "file_name": [ "question", "question_7H42UVS3MALULLR23NS63FN25Q"]
                                    }
                                     
                        } ,
                        {
                            "item_id": 2,
                            "item_type": "question",
                            "item_icon": "",
                            
                                "data": {
                                        "component_name": "question",
                                        "component_id": "L47BJZNBZZP2ENLHLHRJR64M2ZA",
                                        "file_name": [ "question", "question_7H42UVS3MALULLR23NS63FN25Q"]
                                    }
                                     
                        } 
                            ]
                     } ,
                    {
                     "id":"LEAA2FOS3DLDETB6PY3CO7WSSCU",
                    "level_id": 2,
                    "level_name": "Hard",
                    "scoring_system": {
                        "max_score": 10,
                        "partial_score": 8,
                        "partial_score_2": 5
                             },
                    "items": [
                    
                        {
                            "item_id": 0,
                            "item_type": "question",
                            "item_icon": "",
                            
                                "data": {
                                        "component_name": "question",
                                        "component_id": "LFVE4QK6L35FERGFCR62MMR3W4U",
                                        "file_name": [ "question", "question_7H42UVS3MALULLR23NS63FN25Q"]
                                    }
                                     
                        } ,
                        {
                            "item_id": 1,
                            "item_type": "question",
                            "item_icon": "",
                            
                                "data": {
                                        "component_name": "question",
                                        "component_id": "LZWEQYV5BCDNUTBWZKNTUHYNVAA",
                                        "file_name": [ "question", "question_7H42UVS3MALULLR23NS63FN25Q"]
                                    }
                                     
                        } ,
                        {
                            "item_id": 2,
                            "item_type": "question",
                            "item_icon": "",
                            
                                "data": {
                                        "component_name": "question",
                                        "component_id": "L6SQ2HSHPLOHUHGWB6EGBEIPDHM",
                                        "file_name": [ "question", "question_7H42UVS3MALULLR23NS63FN25Q"]
                                    }
                                     
                        } 
                            ]
                     } 
              ]
                 
                  }
                ,
                "LP5W5MXMJBRVE5GHEVZSC5YPTBQ":
                 {
                  "type": "planet",
                  "scoring_type":"proportional",

                  
                   "levels": [
                   
                    {
                     "id":"LNHNYZVLU4T5UTCBI4AYQAO6CRU",
                    "level_id": 0,
                    "level_name": "Easy",
                    "scoring_system": {
                        "max_score": 10,
                        "partial_score": 8,
                        "partial_score_2": 5
                             },
                    "items": [
                    
                        {
                            "item_id": 0,
                            "item_type": "question",
                            "item_icon": "",
                            
                                "data": {
                                        "component_name": "question",
                                        "component_id": "LCP5YAIVIFY5ELAZWWXFSZPPYSM",
                                        "file_name": [ "question", "question_7H42UVS3MALULLR23NS63FN25Q"]
                                    }
                                     
                        } ,
                        {
                            "item_id": 1,
                            "item_type": "question",
                            "item_icon": "",
                            
                                "data": {
                                        "component_name": "question",
                                        "component_id": "LEQ6LHI54P6UEHDAX3SQ7HOXZI4",
                                        "file_name": [ "question", "question_7H42UVS3MALULLR23NS63FN25Q"]
                                    }
                                     
                        } ,
                        {
                            "item_id": 2,
                            "item_type": "question",
                            "item_icon": "",
                            
                                "data": {
                                        "component_name": "question",
                                        "component_id": "LV32QDQRMAVLUXPK6CJAY75PAXQ",
                                        "file_name": [ "question", "question_7H42UVS3MALULLR23NS63FN25Q"]
                                    }
                                     
                        } 
                            ]
                     } ,
                    {
                     "id":"LTS2SGZYINPZU3NQMJ6XJEDSVAI",
                    "level_id": 1,
                    "level_name": "Medium",
                    "scoring_system": {
                        "max_score": 10,
                        "partial_score": 8,
                        "partial_score_2": 5
                             },
                    "items": [
                    
                        {
                            "item_id": 0,
                            "item_type": "question",
                            "item_icon": "",
                            
                                "data": {
                                        "component_name": "question",
                                        "component_id": "LUWEPKA4PPYAELA5SUOJUJ3ISQM",
                                        "file_name": [ "question", "question_7H42UVS3MALULLR23NS63FN25Q"]
                                    }
                                     
                        } ,
                        {
                            "item_id": 1,
                            "item_type": "question",
                            "item_icon": "",
                            
                                "data": {
                                        "component_name": "question",
                                        "component_id": "LMVNG3ZLXFCWELDBDSUWIZTW6ZE",
                                        "file_name": [ "question", "question_7H42UVS3MALULLR23NS63FN25Q"]
                                    }
                                     
                        } ,
                        {
                            "item_id": 2,
                            "item_type": "question",
                            "item_icon": "",
                            
                                "data": {
                                        "component_name": "question",
                                        "component_id": "LFIVP7E5KM5UUXHZUXVNNY4RBUQ",
                                        "file_name": [ "question", "question_7H42UVS3MALULLR23NS63FN25Q"]
                                    }
                                     
                        } 
                            ]
                     } ,
                    {
                     "id":"LIHUX5Z24VQGUXJIUY6IWCBBIFM",
                    "level_id": 2,
                    "level_name": "Hard",
                    "scoring_system": {
                        "max_score": 10,
                        "partial_score": 8,
                        "partial_score_2": 5
                             },
                    "items": [
                    
                        {
                            "item_id": 0,
                            "item_type": "question",
                            "item_icon": "",
                            
                                "data": {
                                        "component_name": "question",
                                        "component_id": "LGHXCREQ7E3MEBPFDWT2QL5PCD4",
                                        "file_name": [ "question", "question_7H42UVS3MALULLR23NS63FN25Q"]
                                    }
                                     
                        } ,
                        {
                            "item_id": 1,
                            "item_type": "question",
                            "item_icon": "",
                            
                                "data": {
                                        "component_name": "question",
                                        "component_id": "LPQBM63JAITIUVM3NAE4GLCDTCY",
                                        "file_name": [ "question", "question_7H42UVS3MALULLR23NS63FN25Q"]
                                    }
                                     
                        } ,
                        {
                            "item_id": 2,
                            "item_type": "question",
                            "item_icon": "",
                            
                                "data": {
                                        "component_name": "question",
                                        "component_id": "LDFYWRSVQBR5UDN3EEVNA3SQESI",
                                        "file_name": [ "question", "question_7H42UVS3MALULLR23NS63FN25Q"]
                                    }
                                     
                        } 
                            ]
                     } 
              ]
                 
                  }
                ,
                "LC33O2BROR47E3MJU622ADZOSFY":
                 {
                  "type": "popping_matter",
                  "scoring_type":"proportional",

                  
                   "levels": [
                   
                    {
                     "id":"L5UCMI4IVN6MUDPZF4T5SLUTWHY",
                    "level_id": 0,
                    "level_name": "Easy",
                    "scoring_system": {
                        "max_score": 10,
                        "partial_score": 8,
                        "partial_score_2": 5
                             },
                    "items": [
                    
                        {
                            "item_id": 0,
                            "item_type": "information",
                            "item_icon": "",
                            
                                 "data": {
                                        "component_name": "section",
                                        "component_id": "L6LCGKGEBQEMUNP4TLR365B665M",
                                        "file_name": [ "section", "section_7H42UVS3MALULLR23NS63FN25Q"]
                                    }  
                                    
                        } ,
                        {
                            "item_id": 1,
                            "item_type": "question",
                            "item_icon": "",
                            
                                "data": {
                                        "component_name": "question",
                                        "component_id": "LI2EGXBAUL65EVGXCNKL35ADMYI",
                                        "file_name": [ "question", "question_7H42UVS3MALULLR23NS63FN25Q"]
                                    }
                                     
                        } ,
                        {
                            "item_id": 2,
                            "item_type": "question",
                            "item_icon": "",
                            
                                "data": {
                                        "component_name": "question",
                                        "component_id": "L5GGG2XR2CVDE3ILNAKGDN33VJE",
                                        "file_name": [ "question", "question_7H42UVS3MALULLR23NS63FN25Q"]
                                    }
                                     
                        } ,
                        {
                            "item_id": 3,
                            "item_type": "question",
                            "item_icon": "",
                            
                                "data": {
                                        "component_name": "question",
                                        "component_id": "LNI6ISMQEEB6UPIIJVBB6AHO35E",
                                        "file_name": [ "question", "question_7H42UVS3MALULLR23NS63FN25Q"]
                                    }
                                     
                        } ,
                        {
                            "item_id": 4,
                            "item_type": "distractor",
                            "item_icon": "",
                            
                                 "data":{}
                                    
                        } 
                            ]
                     } ,
                    {
                     "id":"L7BRIYQAJNYHEZB5TMEDUEDSSYY",
                    "level_id": 1,
                    "level_name": "Medium",
                    "scoring_system": {
                        "max_score": 10,
                        "partial_score": 8,
                        "partial_score_2": 5
                             },
                    "items": [
                    
                        {
                            "item_id": 0,
                            "item_type": "question",
                            "item_icon": "",
                            
                                "data": {
                                        "component_name": "question",
                                        "component_id": "L2RIMEMX24FGE7IV7IS4VS3EVPI",
                                        "file_name": [ "question", "question_7H42UVS3MALULLR23NS63FN25Q"]
                                    }
                                     
                        } ,
                        {
                            "item_id": 1,
                            "item_type": "question",
                            "item_icon": "",
                            
                                "data": {
                                        "component_name": "question",
                                        "component_id": "LTSJFEYPIK7MEDJIVSVTEQO77FE",
                                        "file_name": [ "question", "question_7H42UVS3MALULLR23NS63FN25Q"]
                                    }
                                     
                        } ,
                        {
                            "item_id": 2,
                            "item_type": "question",
                            "item_icon": "",
                            
                                "data": {
                                        "component_name": "question",
                                        "component_id": "LV6MHBJG4YYNU5J6G3L3W6ELNUQ",
                                        "file_name": [ "question", "question_7H42UVS3MALULLR23NS63FN25Q"]
                                    }
                                     
                        } 
                            ]
                     } ,
                    {
                     "id":"LQRW7MVC7XT2EJATD3S2IYHCGG4",
                    "level_id": 2,
                    "level_name": "Hard",
                    "scoring_system": {
                        "max_score": 10,
                        "partial_score": 8,
                        "partial_score_2": 5
                             },
                    "items": [
                    
                        {
                            "item_id": 0,
                            "item_type": "question",
                            "item_icon": "",
                            
                                "data": {
                                        "component_name": "question",
                                        "component_id": "L2C2M6FWU2BOE5LUZIRGZGG63CM",
                                        "file_name": [ "question", "question_7H42UVS3MALULLR23NS63FN25Q"]
                                    }
                                     
                        } ,
                        {
                            "item_id": 1,
                            "item_type": "question",
                            "item_icon": "",
                            
                                "data": {
                                        "component_name": "question",
                                        "component_id": "LKKCEK47DELKEDM4K3XQGSJ6XGQ",
                                        "file_name": [ "question", "question_7H42UVS3MALULLR23NS63FN25Q"]
                                    }
                                     
                        } ,
                        {
                            "item_id": 2,
                            "item_type": "question",
                            "item_icon": "",
                            
                                "data": {
                                        "component_name": "question",
                                        "component_id": "LELNABVHXHUREJJIOE64LUKKTLM",
                                        "file_name": [ "question", "question_7H42UVS3MALULLR23NS63FN25Q"]
                                    }
                                     
                        } 
                            ]
                     } 
              ]
                 
                  }
                ,
                "LNNB3PJD7TSPU5NLSV4ZBIDTG6U":
                 {
                  "type": "balloon",
                  "scoring_type":"proportional",

                  
                   "levels": [
                   
                    {
                     "id":"LRSC2AK4PN4MUJK5B4RPAAPSUNU",
                    "level_id": 0,
                    "level_name": "Easy",
                    "scoring_system": {
                        "max_score": 10,
                        "partial_score": 8,
                        "partial_score_2": 5
                             },
                    "items": [
                    
                        {
                            "item_id": 0,
                            "item_type": "question",
                            "item_icon": "",
                            
                                "data": {
                                        "component_name": "question",
                                        "component_id": "L3MPIPKVYY5VUPG35CJ3XGUSCTU",
                                        "file_name": [ "question", "question_7H42UVS3MALULLR23NS63FN25Q"]
                                    }
                                     
                        } ,
                        {
                            "item_id": 1,
                            "item_type": "question",
                            "item_icon": "",
                            
                                "data": {
                                        "component_name": "question",
                                        "component_id": "LWRCRLGF2ZCVEPF73TN5UOSP63E",
                                        "file_name": [ "question", "question_7H42UVS3MALULLR23NS63FN25Q"]
                                    }
                                     
                        } ,
                        {
                            "item_id": 2,
                            "item_type": "question",
                            "item_icon": "",
                            
                                "data": {
                                        "component_name": "question",
                                        "component_id": "LRVJB2JFKLHDENIZIQZ73IGEINU",
                                        "file_name": [ "question", "question_7H42UVS3MALULLR23NS63FN25Q"]
                                    }
                                     
                        } 
                            ]
                     } ,
                    {
                     "id":"LZD6AF2KGMPBUJJLRD64VKEWDQI",
                    "level_id": 1,
                    "level_name": "Medium",
                    "scoring_system": {
                        "max_score": 10,
                        "partial_score": 8,
                        "partial_score_2": 5
                             },
                    "items": [
                    
                        {
                            "item_id": 0,
                            "item_type": "question",
                            "item_icon": "",
                            
                                "data": {
                                        "component_name": "question",
                                        "component_id": "LOO44DLXCMJ6E5JCR3VIYFDA3RI",
                                        "file_name": [ "question", "question_7H42UVS3MALULLR23NS63FN25Q"]
                                    }
                                     
                        } ,
                        {
                            "item_id": 1,
                            "item_type": "question",
                            "item_icon": "",
                            
                                "data": {
                                        "component_name": "question",
                                        "component_id": "LJF7UYOBMRLMEXJN2TPH4JRQHLA",
                                        "file_name": [ "question", "question_7H42UVS3MALULLR23NS63FN25Q"]
                                    }
                                     
                        } ,
                        {
                            "item_id": 2,
                            "item_type": "question",
                            "item_icon": "",
                            
                                "data": {
                                        "component_name": "question",
                                        "component_id": "LOUTQSEXKAA2U7IBRWYIYVOJA6M",
                                        "file_name": [ "question", "question_7H42UVS3MALULLR23NS63FN25Q"]
                                    }
                                     
                        } 
                            ]
                     } ,
                    {
                     "id":"LYXWOM76DGH7U5FSQ24WJRLVZR4",
                    "level_id": 2,
                    "level_name": "Hard",
                    "scoring_system": {
                        "max_score": 10,
                        "partial_score": 8,
                        "partial_score_2": 5
                             },
                    "items": [
                    
                        {
                            "item_id": 0,
                            "item_type": "question",
                            "item_icon": "",
                            
                                "data": {
                                        "component_name": "question",
                                        "component_id": "LZRCANSTL4BRERMKIVYJ4HQFUJE",
                                        "file_name": [ "question", "question_7H42UVS3MALULLR23NS63FN25Q"]
                                    }
                                     
                        } ,
                        {
                            "item_id": 1,
                            "item_type": "question",
                            "item_icon": "",
                            
                                "data": {
                                        "component_name": "question",
                                        "component_id": "LFYPNIYBBC6LU5OBQ6PE7GYTIMM",
                                        "file_name": [ "question", "question_7H42UVS3MALULLR23NS63FN25Q"]
                                    }
                                     
                        } ,
                        {
                            "item_id": 2,
                            "item_type": "question",
                            "item_icon": "",
                            
                                "data": {
                                        "component_name": "question",
                                        "component_id": "LKR7HIBQZ52RU5JG3T2FAAK4S7Y",
                                        "file_name": [ "question", "question_7H42UVS3MALULLR23NS63FN25Q"]
                                    }
                                     
                        } 
                            ]
                     } 
              ]
                 
                  }
                ,
                "LNZIWKWHWI2VULNLTBZMTC2YPHQ":
                 {
                  "type": "basketball",
                  "scoring_type":"proportional",

                  
                   "levels": [
                   
                    {
                     "id":"LI57FY7X7C7KEPASGZZMRI3UGUQ",
                    "level_id": 0,
                    "level_name": "Easy",
                    "scoring_system": {
                        "max_score": 10,
                        "partial_score": 8,
                        "partial_score_2": 5
                             },
                    "items": [
                    
                        {
                            "item_id": 0,
                            "item_type": "question",
                            "item_icon": "",
                            
                                "data": {
                                        "component_name": "question",
                                        "component_id": "LADX6VMSKXPYEPEVXFHVMNQRC5Y",
                                        "file_name": [ "question", "question_7H42UVS3MALULLR23NS63FN25Q"]
                                    }
                                     
                        } ,
                        {
                            "item_id": 1,
                            "item_type": "question",
                            "item_icon": "",
                            
                                "data": {
                                        "component_name": "question",
                                        "component_id": "L4CAMSL4ZBZHELLC77ZHNPGT3DM",
                                        "file_name": [ "question", "question_7H42UVS3MALULLR23NS63FN25Q"]
                                    }
                                     
                        } ,
                        {
                            "item_id": 2,
                            "item_type": "question",
                            "item_icon": "",
                            
                                "data": {
                                        "component_name": "question",
                                        "component_id": "LYAUQWHFXU7WUXHWDLJJVPH4C3U",
                                        "file_name": [ "question", "question_7H42UVS3MALULLR23NS63FN25Q"]
                                    }
                                     
                        } 
                            ]
                     } ,
                    {
                     "id":"LPESZY2ND3I6UXLCIUEUXSWK2F4",
                    "level_id": 1,
                    "level_name": "Medium",
                    "scoring_system": {
                        "max_score": 10,
                        "partial_score": 8,
                        "partial_score_2": 5
                             },
                    "items": [
                    
                        {
                            "item_id": 0,
                            "item_type": "question",
                            "item_icon": "",
                            
                                "data": {
                                        "component_name": "question",
                                        "component_id": "LINYKFBOEHLQEPIZZNZAYCABQWE",
                                        "file_name": [ "question", "question_7H42UVS3MALULLR23NS63FN25Q"]
                                    }
                                     
                        } ,
                        {
                            "item_id": 1,
                            "item_type": "question",
                            "item_icon": "",
                            
                                "data": {
                                        "component_name": "question",
                                        "component_id": "LZTI2JINOQAAUTATT6DKKXBPAPM",
                                        "file_name": [ "question", "question_7H42UVS3MALULLR23NS63FN25Q"]
                                    }
                                     
                        } ,
                        {
                            "item_id": 2,
                            "item_type": "question",
                            "item_icon": "",
                            
                                "data": {
                                        "component_name": "question",
                                        "component_id": "LBGKLX6I2IWEEZGSIDFC52IWFFI",
                                        "file_name": [ "question", "question_7H42UVS3MALULLR23NS63FN25Q"]
                                    }
                                     
                        } 
                            ]
                     } ,
                    {
                     "id":"LRBP4X7W624DEJPDG3KJ4JRGRCM",
                    "level_id": 2,
                    "level_name": "Hard",
                    "scoring_system": {
                        "max_score": 10,
                        "partial_score": 8,
                        "partial_score_2": 5
                             },
                    "items": [
                    
                        {
                            "item_id": 0,
                            "item_type": "question",
                            "item_icon": "",
                            
                                "data": {
                                        "component_name": "question",
                                        "component_id": "LRT7KIMTFMKWUZM6GLBSBPH4VKU",
                                        "file_name": [ "question", "question_7H42UVS3MALULLR23NS63FN25Q"]
                                    }
                                     
                        } ,
                        {
                            "item_id": 1,
                            "item_type": "question",
                            "item_icon": "",
                            
                                "data": {
                                        "component_name": "question",
                                        "component_id": "L4M24AYH3ZSEELE3HANLPLAUKAI",
                                        "file_name": [ "question", "question_7H42UVS3MALULLR23NS63FN25Q"]
                                    }
                                     
                        } ,
                        {
                            "item_id": 2,
                            "item_type": "question",
                            "item_icon": "",
                            
                                "data": {
                                        "component_name": "question",
                                        "component_id": "LKCZC3PQKGS4URM27ITCKRJQIJE",
                                        "file_name": [ "question", "question_7H42UVS3MALULLR23NS63FN25Q"]
                                    }
                                     
                        } 
                            ]
                     } 
              ]
                 
                  }
                
    }
 }

    