
      {
      "html": {
                  
                
                      "LZZZ5GWBPXKGELCDDS562TJ5LU4": {
                            "data": {
                                "content": "Question statement goes here...",
                                "classes": "html-content-text"
                            }
                             
                        }
                      ,
                
                      "LRWNBRFG4RYXUTFOE7NLQ7OYCDE": {
                            "data": {
                                "content": "Correct",
                                "classes": "html-content-text"
                            }
                             
                        }
                      ,
                
                      "LQIVSZT3CESQEDFD7XEQBWUCGUA": {
                            "data": {
                                "content": "Incorrect",
                                "classes": "html-content-text"
                            }
                             
                        }
                      ,
                
                      "LUJ67ADT4VCAEPB2E43KCZYHMME": {
                            "data": {
                                "content": "Incorrect",
                                "classes": "html-content-text"
                            }
                             
                        }
                      ,
                
                      "LVUIPY65ERIKEJJHEWYUXPPCDOA": {
                            "data": {
                                "content": "Incorrect",
                                "classes": "html-content-text"
                            }
                             
                        }
                      ,
                
                      "L6PRD5NGVIJFUHIGLX4VHXXH5VI": {
                            "data": {
                                "content": "Question statement goes here...",
                                "classes": "html-content-text"
                            }
                             
                        }
                      ,
                
                      "LHMAM2OVOZIREFNTWNRBWYZIEY4": {
                            "data": {
                                "content": "Correct",
                                "classes": "html-content-text"
                            }
                             
                        }
                      ,
                
                      "L5LNQYHTJLRJUFHJRMMKVWIQAOA": {
                            "data": {
                                "content": "Incorrect",
                                "classes": "html-content-text"
                            }
                             
                        }
                      ,
                
                      "LJZQJBSGXGALEVINXWYX25U2BPE": {
                            "data": {
                                "content": "Incorrect",
                                "classes": "html-content-text"
                            }
                             
                        }
                      ,
                
                      "LYNFP4J3UW4KE5AS7TWE2WTVQ3I": {
                            "data": {
                                "content": "Correct",
                                "classes": "html-content-text"
                            }
                             
                        }
                      ,
                
                      "LU5WLTCYQCAVEXC73HL76U3NCCY": {
                            "data": {
                                "content": "Question statement goes here...",
                                "classes": "html-content-text"
                            }
                             
                        }
                      ,
                
                      "L5GJETZMQPOAU5JTVBJNWE64XLM": {
                            "data": {
                                "content": "The quick brow fox [dropdown id={1}] over the lazy dog.",
                                "classes": "html-content-text"
                            }
                             
                        }
                      ,
                
                      "L4PUEGBK4VQLE7D5YW7OUKYUF2A": {
                            "data": {
                                "content": "Jumps",
                                "classes": "html-content-text"
                            }
                             
                        }
                      ,
                
                      "LLZ7CJYFMFZOURGXJRDSILRQ2AE": {
                            "data": {
                                "content": "Jump",
                                "classes": "html-content-text"
                            }
                             
                        }
                      ,
                
                      "LS5EG3GT4AZUUVJT3QANZVCVZJA": {
                            "data": {
                                "content": "Question statement goes here...",
                                "classes": "html-content-text"
                            }
                             
                        }
                      ,
                
                      "L6N7TCA33XS5EPGEXJLZEZTCDKE": {
                            "data": {
                                "content": "Correct",
                                "classes": "html-content-text"
                            }
                             
                        }
                      ,
                
                      "LKRWJ7JUAAG3E5G2URL3MQ3XE7E": {
                            "data": {
                                "content": "Incorrect",
                                "classes": "html-content-text"
                            }
                             
                        }
                      ,
                
                      "LNQMVHIGKQHPERNL2UORB5ACFIU": {
                            "data": {
                                "content": "Incorrect",
                                "classes": "html-content-text"
                            }
                             
                        }
                      ,
                
                      "LGAJ2ZY6JAMDENDX6CSSVJ5OZNI": {
                            "data": {
                                "content": "Incorrect",
                                "classes": "html-content-text"
                            }
                             
                        }
                      ,
                
                      "LOZXU3Q5OHDQEXCYJ4XIXQ6XWKI": {
                            "data": {
                                "content": "Question statement goes here...",
                                "classes": "html-content-text"
                            }
                             
                        }
                      ,
                
                      "LYN66NMC6BESEPKP3WJ6IQZZCOM": {
                            "data": {
                                "content": "Correct",
                                "classes": "html-content-text"
                            }
                             
                        }
                      ,
                
                      "LLID7AEX7XCKEFDCQJBRZJ66QHY": {
                            "data": {
                                "content": "Incorrect",
                                "classes": "html-content-text"
                            }
                             
                        }
                      ,
                
                      "LY552NQA67KKUTBU63OJDUIGUEE": {
                            "data": {
                                "content": "Incorrect",
                                "classes": "html-content-text"
                            }
                             
                        }
                      ,
                
                      "LIVHXZAOVELTUZGB666NF52WNUE": {
                            "data": {
                                "content": "Correct",
                                "classes": "html-content-text"
                            }
                             
                        }
                      ,
                
                      "LBWMNKTWGXSLULDRC6IFJG6XALI": {
                            "data": {
                                "content": "Question statement goes here...",
                                "classes": "html-content-text"
                            }
                             
                        }
                      ,
                
                      "LRWVWGHWLEW5UXOD6Q4OO3CL4PM": {
                            "data": {
                                "content": "The quick brow fox [dropdown id={1}] over the lazy dog.",
                                "classes": "html-content-text"
                            }
                             
                        }
                      ,
                
                      "LEWLVZAV5JFLEHOKI4YW7JV6GPY": {
                            "data": {
                                "content": "Jumps",
                                "classes": "html-content-text"
                            }
                             
                        }
                      ,
                
                      "LVQ7RVIBUHCUURJPH464YYHLVHM": {
                            "data": {
                                "content": "Jump",
                                "classes": "html-content-text"
                            }
                             
                        }
                      ,
                
                      "L6NCH2IJD7C4ELPZFBGBLFMKAAU": {
                            "data": {
                                "content": "Question statement goes here...",
                                "classes": "html-content-text"
                            }
                             
                        }
                      ,
                
                      "L6IHPFJQ32ZKEPJO3PO7D5QXVTY": {
                            "data": {
                                "content": "Correct",
                                "classes": "html-content-text"
                            }
                             
                        }
                      ,
                
                      "LT2V2JMALMBAUNOJRUKBFGGYT4A": {
                            "data": {
                                "content": "Incorrect",
                                "classes": "html-content-text"
                            }
                             
                        }
                      ,
                
                      "LV2HF7PCXQXKUVGDNBYFBJB22LU": {
                            "data": {
                                "content": "Incorrect",
                                "classes": "html-content-text"
                            }
                             
                        }
                      ,
                
                      "LP6BR5HILJDWE5EEUBJZON4DMDI": {
                            "data": {
                                "content": "Incorrect",
                                "classes": "html-content-text"
                            }
                             
                        }
                      ,
                
                      "LYPCLCYVDMKOEVLXSZSJF7EH2BY": {
                            "data": {
                                "content": "Question statement goes here...",
                                "classes": "html-content-text"
                            }
                             
                        }
                      ,
                
                      "LOJMJBV2XGL7URHPNKFSRM3FUDI": {
                            "data": {
                                "content": "Correct",
                                "classes": "html-content-text"
                            }
                             
                        }
                      ,
                
                      "LKGJGV25TXMOUNOJ67CX37ASQWU": {
                            "data": {
                                "content": "Incorrect",
                                "classes": "html-content-text"
                            }
                             
                        }
                      ,
                
                      "LU5XTAZSCXKSUZOIFNGHF7U72HA": {
                            "data": {
                                "content": "Incorrect",
                                "classes": "html-content-text"
                            }
                             
                        }
                      ,
                
                      "LPF5WABK6NSIU7DJW7LE22DC6UA": {
                            "data": {
                                "content": "Correct",
                                "classes": "html-content-text"
                            }
                             
                        }
                      ,
                
                      "LHSRQ76JWWSDELA2ITCHE4K5L4E": {
                            "data": {
                                "content": "Question statement goes here...",
                                "classes": "html-content-text"
                            }
                             
                        }
                      ,
                
                      "LT7GDYPIUTGRE3GFQNIGHWVKAHE": {
                            "data": {
                                "content": "The quick brow fox [dropdown id={1}] over the lazy dog.",
                                "classes": "html-content-text"
                            }
                             
                        }
                      ,
                
                      "LITHTLU434CJUVIRK7QHYROQDPM": {
                            "data": {
                                "content": "Jumps",
                                "classes": "html-content-text"
                            }
                             
                        }
                      ,
                
                      "LOA65XTKM36YERB45BLCYE2XIEU": {
                            "data": {
                                "content": "Jump",
                                "classes": "html-content-text"
                            }
                             
                        }
                      ,
                
                      "L6ASSB4EWRZ4U3DG3OTM4PRKDZI": {
                            "data": {
                                "content": "Question statement goes here...",
                                "classes": "html-content-text"
                            }
                             
                        }
                      ,
                
                      "L42EOSAZKFTPEZDKV7JCZBABHHY": {
                            "data": {
                                "content": "Correct",
                                "classes": "html-content-text"
                            }
                             
                        }
                      ,
                
                      "LJEBPSNK3OUAETJHJFTWR2TQFWM": {
                            "data": {
                                "content": "Incorrect",
                                "classes": "html-content-text"
                            }
                             
                        }
                      ,
                
                      "L5FJXAOK65M3EHNN5DE5DD4HCUU": {
                            "data": {
                                "content": "Incorrect",
                                "classes": "html-content-text"
                            }
                             
                        }
                      ,
                
                      "L2EOOZDOQ5ABUHCEV3OXQVEPNZI": {
                            "data": {
                                "content": "Incorrect",
                                "classes": "html-content-text"
                            }
                             
                        }
                      ,
                
                      "L5I5OCE5C4QXURD6R4OR22DOP3E": {
                            "data": {
                                "content": "Question statement goes here...",
                                "classes": "html-content-text"
                            }
                             
                        }
                      ,
                
                      "LRCJLICDHR5RENNSQCY5NB5VSNQ": {
                            "data": {
                                "content": "Correct",
                                "classes": "html-content-text"
                            }
                             
                        }
                      ,
                
                      "LDZBMI2SO6HIUVDNEDKUZMF77HA": {
                            "data": {
                                "content": "Incorrect",
                                "classes": "html-content-text"
                            }
                             
                        }
                      ,
                
                      "L2D5255WBXJVEXNGXNBFYQTSNNQ": {
                            "data": {
                                "content": "Incorrect",
                                "classes": "html-content-text"
                            }
                             
                        }
                      ,
                
                      "LUGSXQIQT3T5EVBQMDVNWGDV4HA": {
                            "data": {
                                "content": "Correct",
                                "classes": "html-content-text"
                            }
                             
                        }
                      ,
                
                      "LRPWO5PJYV5LU3GNG6FUTBRTUYI": {
                            "data": {
                                "content": "Question statement goes here...",
                                "classes": "html-content-text"
                            }
                             
                        }
                      ,
                
                      "LPLXJGHKQMBXUZEFOSQVWUG7NDE": {
                            "data": {
                                "content": "The quick brow fox [dropdown id={1}] over the lazy dog.",
                                "classes": "html-content-text"
                            }
                             
                        }
                      ,
                
                      "LKZAMCEP35KFE5KSER3BFDJSGRY": {
                            "data": {
                                "content": "Jumps",
                                "classes": "html-content-text"
                            }
                             
                        }
                      ,
                
                      "LH3PUXTCYIOVE5FCETN6EVC6TTI": {
                            "data": {
                                "content": "Jump",
                                "classes": "html-content-text"
                            }
                             
                        }
                      ,
                
                      "LG5GHT7O7B6DETLKBQRCE3WW27Y": {
                            "data": {
                                "content": "Question statement goes here...",
                                "classes": "html-content-text"
                            }
                             
                        }
                      ,
                
                      "LBF5MQ2DIEI4UPN6NB2AFHTSJIM": {
                            "data": {
                                "content": "Correct",
                                "classes": "html-content-text"
                            }
                             
                        }
                      ,
                
                      "LYG6FRPGOVY7UHHG2OYW5E6GGWY": {
                            "data": {
                                "content": "Incorrect",
                                "classes": "html-content-text"
                            }
                             
                        }
                      ,
                
                      "LEFKAXNOZORAUXFC4YFWIXF74UA": {
                            "data": {
                                "content": "Incorrect",
                                "classes": "html-content-text"
                            }
                             
                        }
                      ,
                
                      "LL64PRXYFL2OELKBHDVZOPAQN5E": {
                            "data": {
                                "content": "Incorrect",
                                "classes": "html-content-text"
                            }
                             
                        }
                      ,
                
                      "LU35EVCA3O2KUFE66O6ALJNHAUQ": {
                            "data": {
                                "content": "Question statement goes here...",
                                "classes": "html-content-text"
                            }
                             
                        }
                      ,
                
                      "LW73C4YXFQUVEXPPR4UEYHC6CGI": {
                            "data": {
                                "content": "Correct",
                                "classes": "html-content-text"
                            }
                             
                        }
                      ,
                
                      "LXZ4XKV2WNNAELCY4VRM3L2F7KQ": {
                            "data": {
                                "content": "Incorrect",
                                "classes": "html-content-text"
                            }
                             
                        }
                      ,
                
                      "LTQ7SYOQZQ7QERL3Z5C5UCUSEBE": {
                            "data": {
                                "content": "Incorrect",
                                "classes": "html-content-text"
                            }
                             
                        }
                      ,
                
                      "LF4NILXYQCCUEBLPSVPAQVWGUNE": {
                            "data": {
                                "content": "Correct",
                                "classes": "html-content-text"
                            }
                             
                        }
                      ,
                
                      "LPLPJBPXQ2RLU5CSPMEOUVZHPBE": {
                            "data": {
                                "content": "Question statement goes here...",
                                "classes": "html-content-text"
                            }
                             
                        }
                      ,
                
                      "LJVAT7RTJT26UBFREQ3ISKYCYJM": {
                            "data": {
                                "content": "The quick brow fox [dropdown id={1}] over the lazy dog.",
                                "classes": "html-content-text"
                            }
                             
                        }
                      ,
                
                      "L5VORENTOHT4EHAQ5MK55WMRE3U": {
                            "data": {
                                "content": "Jumps",
                                "classes": "html-content-text"
                            }
                             
                        }
                      ,
                
                      "L2JAZIOPMRRPUVCGEHQ5MSI35LY": {
                            "data": {
                                "content": "Jump",
                                "classes": "html-content-text"
                            }
                             
                        }
                      ,
                
                      "LB5AMDCQJYNVUHG2ADLL2IYVNPU": {
                            "data": {
                                "content": "Question statement goes here...",
                                "classes": "html-content-text"
                            }
                             
                        }
                      ,
                
                      "LII5DJSNGDZSU7PYP6CCDGKP52U": {
                            "data": {
                                "content": "Correct",
                                "classes": "html-content-text"
                            }
                             
                        }
                      ,
                
                      "L5UANKCD3OPBE5HONNMS5NNUAFU": {
                            "data": {
                                "content": "Incorrect",
                                "classes": "html-content-text"
                            }
                             
                        }
                      ,
                
                      "LHEDP3JESYPMEDHGGW7P3YB3GRE": {
                            "data": {
                                "content": "Incorrect",
                                "classes": "html-content-text"
                            }
                             
                        }
                      ,
                
                      "LERKGBAVKITZUDL4TSFLFUJSG5Q": {
                            "data": {
                                "content": "Incorrect",
                                "classes": "html-content-text"
                            }
                             
                        }
                      ,
                
                      "LNYMGBC3ET5WEFNN6R2RD5BLNVE": {
                            "data": {
                                "content": "Question statement goes here...",
                                "classes": "html-content-text"
                            }
                             
                        }
                      ,
                
                      "LL44IY7JRQW6UTDTNJ6TIWWSLGA": {
                            "data": {
                                "content": "Correct",
                                "classes": "html-content-text"
                            }
                             
                        }
                      ,
                
                      "LRUOL3B2TKBHELNFWUNXYVTNYME": {
                            "data": {
                                "content": "Incorrect",
                                "classes": "html-content-text"
                            }
                             
                        }
                      ,
                
                      "LK4SMRAX3DBWUZCCEZR62H5NLTE": {
                            "data": {
                                "content": "Incorrect",
                                "classes": "html-content-text"
                            }
                             
                        }
                      ,
                
                      "L5CRK2OLMAXHUJCS6CREVK5WOYE": {
                            "data": {
                                "content": "Correct",
                                "classes": "html-content-text"
                            }
                             
                        }
                      ,
                
                      "LNOVBFKJTJZHUNAHE3VBPK6P5WI": {
                            "data": {
                                "content": "Question statement goes here...",
                                "classes": "html-content-text"
                            }
                             
                        }
                      ,
                
                      "L7V7QI3JD5MSEZG2RB4DHPPBD64": {
                            "data": {
                                "content": "The quick brow fox [dropdown id={1}] over the lazy dog.",
                                "classes": "html-content-text"
                            }
                             
                        }
                      ,
                
                      "LAP36PF47YLMELHEK5FGOMIYC5A": {
                            "data": {
                                "content": "Jumps",
                                "classes": "html-content-text"
                            }
                             
                        }
                      ,
                
                      "LCX4BF7B3OPCEHPUXNKCXBA5OTM": {
                            "data": {
                                "content": "Jump",
                                "classes": "html-content-text"
                            }
                             
                        }
                      ,
                
                      "LY6CIMHPOGDHUVLP4KCL7TZJPLM": {
                            "data": {
                                "content": "Information test goes here...",
                                "classes": "html-content-text"
                            }
                             
                        }
                      ,
                
                      "LSCVGZAOADJ2EZINMEUM7MWZFVM": {
                            "data": {
                                "content": "Question statement goes here...",
                                "classes": "html-content-text"
                            }
                             
                        }
                      ,
                
                      "LGMMS7XC6P72UBPITUR23ZCVB44": {
                            "data": {
                                "content": "Correct",
                                "classes": "html-content-text"
                            }
                             
                        }
                      ,
                
                      "L7QLOLUCZKX3EDDDY7NJ3NBIE3Y": {
                            "data": {
                                "content": "Incorrect",
                                "classes": "html-content-text"
                            }
                             
                        }
                      ,
                
                      "LSAUYJWQ6SDMERHK2D2TCBO63GQ": {
                            "data": {
                                "content": "Incorrect",
                                "classes": "html-content-text"
                            }
                             
                        }
                      ,
                
                      "L5EWYHWUTL4LURFI4AR5GYUO36M": {
                            "data": {
                                "content": "Incorrect",
                                "classes": "html-content-text"
                            }
                             
                        }
                      ,
                
                      "L5ZT7LSGJXRDUVEWF3W4H52SPSM": {
                            "data": {
                                "content": "Question statement goes here...",
                                "classes": "html-content-text"
                            }
                             
                        }
                      ,
                
                      "LTQVJRI5MWJ6UVPEKBTGIRR5BDY": {
                            "data": {
                                "content": "Correct",
                                "classes": "html-content-text"
                            }
                             
                        }
                      ,
                
                      "LEQAEYJBVLW3UDHH6HPTZJXVUFI": {
                            "data": {
                                "content": "Incorrect",
                                "classes": "html-content-text"
                            }
                             
                        }
                      ,
                
                      "LI6Y2WMYOMKLETOZQXMYW76RS4Y": {
                            "data": {
                                "content": "Incorrect",
                                "classes": "html-content-text"
                            }
                             
                        }
                      ,
                
                      "L3K5WHISCRZAUNHSUMAW3HR3N2E": {
                            "data": {
                                "content": "Correct",
                                "classes": "html-content-text"
                            }
                             
                        }
                      ,
                
                      "LNIB26BCFRDUEPPHYHW4ELFMBWM": {
                            "data": {
                                "content": "Question statement goes here...",
                                "classes": "html-content-text"
                            }
                             
                        }
                      ,
                
                      "LKGYOPNWWSAIUXOYFHQMRJUY2QY": {
                            "data": {
                                "content": "The quick brow fox [dropdown id={1}] over the lazy dog.",
                                "classes": "html-content-text"
                            }
                             
                        }
                      ,
                
                      "L256RVK67LTQUNCNQDA2PFQXKLY": {
                            "data": {
                                "content": "Jumps",
                                "classes": "html-content-text"
                            }
                             
                        }
                      ,
                
                      "LFW4KI6L3UKNUPOBEQTHIDWXXJM": {
                            "data": {
                                "content": "Jump",
                                "classes": "html-content-text"
                            }
                             
                        }
                      ,
                
                      "L3BE433DGOERETE6TWH76KWM2VE": {
                            "data": {
                                "content": "Question statement goes here...",
                                "classes": "html-content-text"
                            }
                             
                        }
                      ,
                
                      "LF47ZHU4WN3SE5D3765C63TMG44": {
                            "data": {
                                "content": "Correct",
                                "classes": "html-content-text"
                            }
                             
                        }
                      ,
                
                      "LFIHU4ENVSUREVB3L2K2XXONLN4": {
                            "data": {
                                "content": "Incorrect",
                                "classes": "html-content-text"
                            }
                             
                        }
                      ,
                
                      "LW5CDHOT2GAHE5NBT3XX62EKEG4": {
                            "data": {
                                "content": "Incorrect",
                                "classes": "html-content-text"
                            }
                             
                        }
                      ,
                
                      "LSA5C46MNNCVENDXEDYWJH4SWWI": {
                            "data": {
                                "content": "Incorrect",
                                "classes": "html-content-text"
                            }
                             
                        }
                      ,
                
                      "LH36MB4FYZHXUXPFT4MFAKITIRY": {
                            "data": {
                                "content": "Question statement goes here...",
                                "classes": "html-content-text"
                            }
                             
                        }
                      ,
                
                      "LOLHDKO4D2WEEVCCMMB7RVS7NTQ": {
                            "data": {
                                "content": "Correct",
                                "classes": "html-content-text"
                            }
                             
                        }
                      ,
                
                      "LLW7GDQU6CO7URCAKWMYEQ4JBDQ": {
                            "data": {
                                "content": "Incorrect",
                                "classes": "html-content-text"
                            }
                             
                        }
                      ,
                
                      "LID5C2AKQQZHUDI3ZWBL47RTUEM": {
                            "data": {
                                "content": "Incorrect",
                                "classes": "html-content-text"
                            }
                             
                        }
                      ,
                
                      "LWAME54WXV6UULNMFT2STTBAXLE": {
                            "data": {
                                "content": "Correct",
                                "classes": "html-content-text"
                            }
                             
                        }
                      ,
                
                      "LT2ONCMQJH7OUDBXK3HBKPG4QLU": {
                            "data": {
                                "content": "Question statement goes here...",
                                "classes": "html-content-text"
                            }
                             
                        }
                      ,
                
                      "LMXYZMRCK5JHUXP3HLCKSSP4CJI": {
                            "data": {
                                "content": "The quick brow fox [dropdown id={1}] over the lazy dog.",
                                "classes": "html-content-text"
                            }
                             
                        }
                      ,
                
                      "LIA3T3RDBE3YU3DO4LWCNBGS5FQ": {
                            "data": {
                                "content": "Jumps",
                                "classes": "html-content-text"
                            }
                             
                        }
                      ,
                
                      "LPU572J3PLDDUPLMDH67FYSGTZM": {
                            "data": {
                                "content": "Jump",
                                "classes": "html-content-text"
                            }
                             
                        }
                      ,
                
                      "LXQT4JOQFEJUE5LBEODLAAFMU5Y": {
                            "data": {
                                "content": "Question statement goes here...",
                                "classes": "html-content-text"
                            }
                             
                        }
                      ,
                
                      "LPDI6DUMKIV7UTHFTS3YZ75R4IQ": {
                            "data": {
                                "content": "Correct",
                                "classes": "html-content-text"
                            }
                             
                        }
                      ,
                
                      "L2L4USYWVY2SUTPR2WUJVXOK75I": {
                            "data": {
                                "content": "Incorrect",
                                "classes": "html-content-text"
                            }
                             
                        }
                      ,
                
                      "LRUHC4PFISXDE5NUFAV2RWA7STQ": {
                            "data": {
                                "content": "Incorrect",
                                "classes": "html-content-text"
                            }
                             
                        }
                      ,
                
                      "L55NK4R7VL6TUFCTD46EON3JY3I": {
                            "data": {
                                "content": "Incorrect",
                                "classes": "html-content-text"
                            }
                             
                        }
                      ,
                
                      "LN5OAXYRRN6FEFIJ7DZ5YJBSMFI": {
                            "data": {
                                "content": "Question statement goes here...",
                                "classes": "html-content-text"
                            }
                             
                        }
                      ,
                
                      "LVMM6C5DYQXTUBBFB3GJMON3BCU": {
                            "data": {
                                "content": "Correct",
                                "classes": "html-content-text"
                            }
                             
                        }
                      ,
                
                      "L3JTKCSBAA4UU5ABQL4FMGXQINY": {
                            "data": {
                                "content": "Incorrect",
                                "classes": "html-content-text"
                            }
                             
                        }
                      ,
                
                      "LFEOLGZGXQEBUTET44SY23PAU3U": {
                            "data": {
                                "content": "Incorrect",
                                "classes": "html-content-text"
                            }
                             
                        }
                      ,
                
                      "L4RWCVFL2PENEDDLL4PNCZCIXQY": {
                            "data": {
                                "content": "Correct",
                                "classes": "html-content-text"
                            }
                             
                        }
                      ,
                
                      "L7QMG47WC66SEDFLDJVTGGE3DW4": {
                            "data": {
                                "content": "Question statement goes here...",
                                "classes": "html-content-text"
                            }
                             
                        }
                      ,
                
                      "LCXE5FU6GGACU5ID5HZVGVGUG7U": {
                            "data": {
                                "content": "The quick brow fox [dropdown id={1}] over the lazy dog.",
                                "classes": "html-content-text"
                            }
                             
                        }
                      ,
                
                      "LKFAIGEMYTRJUPBP7IIZCHDLAX4": {
                            "data": {
                                "content": "Jumps",
                                "classes": "html-content-text"
                            }
                             
                        }
                      ,
                
                      "LIBPJUBTQ4LHUFB45ILNQ3EGLW4": {
                            "data": {
                                "content": "Jump",
                                "classes": "html-content-text"
                            }
                             
                        }
                      ,
                
                      "LL6HT6G3EEWTU5DTDI6H6NCP4EE": {
                            "data": {
                                "content": "Question statement goes here...",
                                "classes": "html-content-text"
                            }
                             
                        }
                      ,
                
                      "LATV2KFUMUTOURKYEOEYOGCSI2E": {
                            "data": {
                                "content": "Correct",
                                "classes": "html-content-text"
                            }
                             
                        }
                      ,
                
                      "LCIBUTR7AZTXE7C6WCPJ5EB3CPA": {
                            "data": {
                                "content": "Incorrect",
                                "classes": "html-content-text"
                            }
                             
                        }
                      ,
                
                      "LPR6LRBTTFRTEBB6ZQHVXKF76TA": {
                            "data": {
                                "content": "Incorrect",
                                "classes": "html-content-text"
                            }
                             
                        }
                      ,
                
                      "LXICCR3Q5724ETHKSEQQS4S7QWM": {
                            "data": {
                                "content": "Incorrect",
                                "classes": "html-content-text"
                            }
                             
                        }
                      ,
                
                      "LSLX75BQHNNIE5O6AB2GMLBWMJA": {
                            "data": {
                                "content": "Question statement goes here...",
                                "classes": "html-content-text"
                            }
                             
                        }
                      ,
                
                      "LUNTB5CQLKUYEBMZ4A7YOHSVV4E": {
                            "data": {
                                "content": "Correct",
                                "classes": "html-content-text"
                            }
                             
                        }
                      ,
                
                      "L7EU7Z7SFOCBEDBLIBP6VHMWN6A": {
                            "data": {
                                "content": "Incorrect",
                                "classes": "html-content-text"
                            }
                             
                        }
                      ,
                
                      "L4IBWNKV43IQENJJBRXDW4VIQKI": {
                            "data": {
                                "content": "Incorrect",
                                "classes": "html-content-text"
                            }
                             
                        }
                      ,
                
                      "L5L24Y7DQFIHUBJKIDA2P4QCUKU": {
                            "data": {
                                "content": "Correct",
                                "classes": "html-content-text"
                            }
                             
                        }
                      ,
                
                      "LVYKROXMVF3LUZO3D3NRTZUVQXA": {
                            "data": {
                                "content": "Question statement goes here...",
                                "classes": "html-content-text"
                            }
                             
                        }
                      ,
                
                      "L477RYGI2Q2NEVBCCR7AZWG4UR4": {
                            "data": {
                                "content": "The quick brow fox [dropdown id={1}] over the lazy dog.",
                                "classes": "html-content-text"
                            }
                             
                        }
                      ,
                
                      "LAF5A623XQLBE5C7UDUTMS73IXQ": {
                            "data": {
                                "content": "Jumps",
                                "classes": "html-content-text"
                            }
                             
                        }
                      ,
                
                      "LO75BA2EKFOKE3DKPGTIGKBS6ZA": {
                            "data": {
                                "content": "Jump",
                                "classes": "html-content-text"
                            }
                             
                        }
                      ,
                
                      "LP3ZMYYCOLSCUDHEIKJRSX27CXU": {
                            "data": {
                                "content": "Question statement goes here...",
                                "classes": "html-content-text"
                            }
                             
                        }
                      ,
                
                      "LKXZD5IUZWGSUHBSNJSF7GJOYQE": {
                            "data": {
                                "content": "Correct",
                                "classes": "html-content-text"
                            }
                             
                        }
                      ,
                
                      "LUCJAYIX2QMRELEKABSF63K3CFA": {
                            "data": {
                                "content": "Incorrect",
                                "classes": "html-content-text"
                            }
                             
                        }
                      ,
                
                      "LYAYP5MP3PD5E3HDLJEOGLAMTLI": {
                            "data": {
                                "content": "Incorrect",
                                "classes": "html-content-text"
                            }
                             
                        }
                      ,
                
                      "LJ55D7VUQJ5SURFOZZ4O2DEISYY": {
                            "data": {
                                "content": "Incorrect",
                                "classes": "html-content-text"
                            }
                             
                        }
                      ,
                
                      "L3MRPSL3GWE2ELPJ777W7STCSK4": {
                            "data": {
                                "content": "Question statement goes here...",
                                "classes": "html-content-text"
                            }
                             
                        }
                      ,
                
                      "L77BNPJANWKOEHPUN3BEQ2XTWZI": {
                            "data": {
                                "content": "Correct",
                                "classes": "html-content-text"
                            }
                             
                        }
                      ,
                
                      "LGT56AO5KJLPUJONTFB3TWTC7TQ": {
                            "data": {
                                "content": "Incorrect",
                                "classes": "html-content-text"
                            }
                             
                        }
                      ,
                
                      "LLMVSZTGGDD7EREMNM6OSCMTCHE": {
                            "data": {
                                "content": "Incorrect",
                                "classes": "html-content-text"
                            }
                             
                        }
                      ,
                
                      "LBKDLD4KQ3QNEHFWLPV3W5ZR7H4": {
                            "data": {
                                "content": "Correct",
                                "classes": "html-content-text"
                            }
                             
                        }
                      ,
                
                      "LQDWIBGFAPV3ERLVDUU5KY63EPU": {
                            "data": {
                                "content": "Question statement goes here...",
                                "classes": "html-content-text"
                            }
                             
                        }
                      ,
                
                      "LFKFE6NUSLWSURAKPZ52L33OKXI": {
                            "data": {
                                "content": "The quick brow fox [dropdown id={1}] over the lazy dog.",
                                "classes": "html-content-text"
                            }
                             
                        }
                      ,
                
                      "LT4MA4C3WGTVUNFBKQAWED35VX4": {
                            "data": {
                                "content": "Jumps",
                                "classes": "html-content-text"
                            }
                             
                        }
                      ,
                
                      "LUJGUD2MP2MXE3JTUNX3CQNTR5A": {
                            "data": {
                                "content": "Jump",
                                "classes": "html-content-text"
                            }
                             
                        }
                      ,
                
                      "LSK2KVNOHVVOUTDUFSTJH64R2PY": {
                            "data": {
                                "content": "Question statement goes here...",
                                "classes": "html-content-text"
                            }
                             
                        }
                      ,
                
                      "LCPVG4PWXXEKEPL3QQOEZJVTTS4": {
                            "data": {
                                "content": "Correct",
                                "classes": "html-content-text"
                            }
                             
                        }
                      ,
                
                      "LFVKGUQY4765ELLKANR2FHAGXME": {
                            "data": {
                                "content": "Incorrect",
                                "classes": "html-content-text"
                            }
                             
                        }
                      ,
                
                      "LT5UULOI37LUUDHSQQIPCXIZINA": {
                            "data": {
                                "content": "Incorrect",
                                "classes": "html-content-text"
                            }
                             
                        }
                      ,
                
                      "LV442COK3A4REVAHANSOTPALWW4": {
                            "data": {
                                "content": "Incorrect",
                                "classes": "html-content-text"
                            }
                             
                        }
                      ,
                
                      "LIFDR4JLBBUWENA6I6PC4ZD54MU": {
                            "data": {
                                "content": "Question statement goes here...",
                                "classes": "html-content-text"
                            }
                             
                        }
                      ,
                
                      "LTPFMEOGYWRVEPMQRG55ZXO5RHQ": {
                            "data": {
                                "content": "Correct",
                                "classes": "html-content-text"
                            }
                             
                        }
                      ,
                
                      "LOAQEG2UZ4N6EDIQOIZSO4HDQHM": {
                            "data": {
                                "content": "Incorrect",
                                "classes": "html-content-text"
                            }
                             
                        }
                      ,
                
                      "LB3BSUIBTTIHULMKX3AASSSWNKA": {
                            "data": {
                                "content": "Incorrect",
                                "classes": "html-content-text"
                            }
                             
                        }
                      ,
                
                      "LG4CDLKZQLS2UNI7KTT6LBRJUK4": {
                            "data": {
                                "content": "Correct",
                                "classes": "html-content-text"
                            }
                             
                        }
                      ,
                
                      "LVGV5DPGY4TJE3BMNFCYSJMF6AY": {
                            "data": {
                                "content": "Question statement goes here...",
                                "classes": "html-content-text"
                            }
                             
                        }
                      ,
                
                      "LCMXZ6F36DGUUDKCDWHZCF5Y3WQ": {
                            "data": {
                                "content": "The quick brow fox [dropdown id={1}] over the lazy dog.",
                                "classes": "html-content-text"
                            }
                             
                        }
                      ,
                
                      "L5RKQEDPAPFNUFGN7Y4PW3SG3KM": {
                            "data": {
                                "content": "Jumps",
                                "classes": "html-content-text"
                            }
                             
                        }
                      ,
                
                      "L4LS2MXCFB5TUDP7EYBNXTUAXUE": {
                            "data": {
                                "content": "Jump",
                                "classes": "html-content-text"
                            }
                             
                        }
                      ,
                
                      "LBKA6IQTVAGRU7DBRXFXIFTLE7E": {
                            "data": {
                                "content": "Question statement goes here...",
                                "classes": "html-content-text"
                            }
                             
                        }
                      ,
                
                      "LRJLY7DQ47J4EBEE5I3WKTEGMBE": {
                            "data": {
                                "content": "Correct",
                                "classes": "html-content-text"
                            }
                             
                        }
                      ,
                
                      "LJY5XEDENHGMUFNZVQAHTZOHHWE": {
                            "data": {
                                "content": "Incorrect",
                                "classes": "html-content-text"
                            }
                             
                        }
                      ,
                
                      "LXWEMS2EC5RYERO57YQFPCYSD4A": {
                            "data": {
                                "content": "Incorrect",
                                "classes": "html-content-text"
                            }
                             
                        }
                      ,
                
                      "LCOFZ6GWGEGTEJPNUJWQCGFJGVQ": {
                            "data": {
                                "content": "Incorrect",
                                "classes": "html-content-text"
                            }
                             
                        }
                      ,
                
                      "LA7DMSTJXX4XURBJOKBQR23HVKA": {
                            "data": {
                                "content": "Question statement goes here...",
                                "classes": "html-content-text"
                            }
                             
                        }
                      ,
                
                      "L3TRGPA5Y5CUEBKP7ROEFDSASMQ": {
                            "data": {
                                "content": "Correct",
                                "classes": "html-content-text"
                            }
                             
                        }
                      ,
                
                      "L265EJOXDFPOUVAUL5BCLLB35MY": {
                            "data": {
                                "content": "Incorrect",
                                "classes": "html-content-text"
                            }
                             
                        }
                      ,
                
                      "LDVNPFDVPLDQENBEX3GTJJRDRHM": {
                            "data": {
                                "content": "Incorrect",
                                "classes": "html-content-text"
                            }
                             
                        }
                      ,
                
                      "LLKEV5YPIWEFERK3FN4IFNNHMUY": {
                            "data": {
                                "content": "Correct",
                                "classes": "html-content-text"
                            }
                             
                        }
                      ,
                
                      "LAFMOITMP2GBEJJYXWSYZ4JSJZQ": {
                            "data": {
                                "content": "Question statement goes here...",
                                "classes": "html-content-text"
                            }
                             
                        }
                      ,
                
                      "LBVGVFFQPGGEUREDKIBGHRYHNVY": {
                            "data": {
                                "content": "The quick brow fox [dropdown id={1}] over the lazy dog.",
                                "classes": "html-content-text"
                            }
                             
                        }
                      ,
                
                      "LWCKVJUVW6IJENGGM7PDBYWNZ6M": {
                            "data": {
                                "content": "Jumps",
                                "classes": "html-content-text"
                            }
                             
                        }
                      ,
                
                      "LIHUMG4ZX666ELKVQOV5D7NFTZM": {
                            "data": {
                                "content": "Jump",
                                "classes": "html-content-text"
                            }
                             
                        }
                      ,
                
                      "LAN2WFPJ3GG6URD2AWYK7IOBWEY": {
                            "data": {
                                "content": "Question statement goes here...",
                                "classes": "html-content-text"
                            }
                             
                        }
                      ,
                
                      "LYEXDTULG2PJE7K6WPPFUTMNTMM": {
                            "data": {
                                "content": "Correct",
                                "classes": "html-content-text"
                            }
                             
                        }
                      ,
                
                      "LLQ3FFVZIIIBUDKZIS645ONGCII": {
                            "data": {
                                "content": "Incorrect",
                                "classes": "html-content-text"
                            }
                             
                        }
                      ,
                
                      "L7QDYQVEQPHYEPIYXMPCVHOABGE": {
                            "data": {
                                "content": "Incorrect",
                                "classes": "html-content-text"
                            }
                             
                        }
                      ,
                
                      "L5L2RQSXYAWWUXCFWHBPKBIRC3Y": {
                            "data": {
                                "content": "Incorrect",
                                "classes": "html-content-text"
                            }
                             
                        }
                      ,
                
                      "LEZJ2QHHCTNLEHP7EJTK26ENYLM": {
                            "data": {
                                "content": "Question statement goes here...",
                                "classes": "html-content-text"
                            }
                             
                        }
                      ,
                
                      "LATBR6AMB7IHUHKPRPERVZMLFM4": {
                            "data": {
                                "content": "Correct",
                                "classes": "html-content-text"
                            }
                             
                        }
                      ,
                
                      "LTSHYOJ2TXU2UFKMF6ZGGNWL5DU": {
                            "data": {
                                "content": "Incorrect",
                                "classes": "html-content-text"
                            }
                             
                        }
                      ,
                
                      "LWB5MPCF67W3EZDHXLE6ZCH3RRA": {
                            "data": {
                                "content": "Incorrect",
                                "classes": "html-content-text"
                            }
                             
                        }
                      ,
                
                      "LKPGSPCOSNN4EZLCDPIK44ESFFM": {
                            "data": {
                                "content": "Correct",
                                "classes": "html-content-text"
                            }
                             
                        }
                      ,
                
                      "L36T6VTYQYQEUXP6WK2IZ34Y7FI": {
                            "data": {
                                "content": "Question statement goes here...",
                                "classes": "html-content-text"
                            }
                             
                        }
                      ,
                
                      "L7HWLOWPKAUOE7IFUMVF2R7YDQA": {
                            "data": {
                                "content": "The quick brow fox [dropdown id={1}] over the lazy dog.",
                                "classes": "html-content-text"
                            }
                             
                        }
                      ,
                
                      "LPV3QSJCHLPRUJKEIUH4L7ZUXIE": {
                            "data": {
                                "content": "Jumps",
                                "classes": "html-content-text"
                            }
                             
                        }
                      ,
                
                      "L25ZKVOGTCH2UFEST2Z6WIX5NPY": {
                            "data": {
                                "content": "Jump",
                                "classes": "html-content-text"
                            }
                             
                        }
                      ,
                
                      "LKEWLCC7BWVGUBPOHCLUPQAFKDE": {
                            "data": {
                                "content": "Question statement goes here...",
                                "classes": "html-content-text"
                            }
                             
                        }
                      ,
                
                      "LS2I2XMCIT64UPIWS43PDKB2COU": {
                            "data": {
                                "content": "Correct",
                                "classes": "html-content-text"
                            }
                             
                        }
                      ,
                
                      "LYHFNFM2IFHWUZBRDAHLPGY43DM": {
                            "data": {
                                "content": "Incorrect",
                                "classes": "html-content-text"
                            }
                             
                        }
                      ,
                
                      "LUQLWAPVC3HVUXB6IKK2L23XXW4": {
                            "data": {
                                "content": "Incorrect",
                                "classes": "html-content-text"
                            }
                             
                        }
                      ,
                
                      "LSIL4BNNPMP6EVNVHDXNI4SBQNA": {
                            "data": {
                                "content": "Incorrect",
                                "classes": "html-content-text"
                            }
                             
                        }
                      ,
                
                      "L6H3IGLMS22REVCBEW7VEN44DZQ": {
                            "data": {
                                "content": "Question statement goes here...",
                                "classes": "html-content-text"
                            }
                             
                        }
                      ,
                
                      "LYJ5JJKGC5BVEBBZVC7L427ULIQ": {
                            "data": {
                                "content": "Correct",
                                "classes": "html-content-text"
                            }
                             
                        }
                      ,
                
                      "L7U6IOW7UYJ5UVFLVF6UFDCVCRY": {
                            "data": {
                                "content": "Incorrect",
                                "classes": "html-content-text"
                            }
                             
                        }
                      ,
                
                      "LBMSVLPGPECMETAXN2LVVME66J4": {
                            "data": {
                                "content": "Incorrect",
                                "classes": "html-content-text"
                            }
                             
                        }
                      ,
                
                      "LEDA5PB4QZ24URCLICZBIU2UIFE": {
                            "data": {
                                "content": "Correct",
                                "classes": "html-content-text"
                            }
                             
                        }
                      ,
                
                      "L57MF6JBIC2AUBNTIWV6OB5EEZM": {
                            "data": {
                                "content": "Question statement goes here...",
                                "classes": "html-content-text"
                            }
                             
                        }
                      ,
                
                      "LJUMCJ5RLWMHEZC7BIQ4VB7JGUU": {
                            "data": {
                                "content": "The quick brow fox [dropdown id={1}] over the lazy dog.",
                                "classes": "html-content-text"
                            }
                             
                        }
                      ,
                
                      "LMCVP5VGBTB3E3KJPUOKW4LDYQY": {
                            "data": {
                                "content": "Jumps",
                                "classes": "html-content-text"
                            }
                             
                        }
                      ,
                
                      "LS35J2MOLN2HETFMKASKYQ3V7SM": {
                            "data": {
                                "content": "Jump",
                                "classes": "html-content-text"
                            }
                             
                        }
                      
         }
      }

    