
                         {
                         "page":
                             {
                                 "page_id": 0,
                                 "page_title": "Template 7",
                                 "page_direction": "ltr",
                                 "subject_color": "#00abdc",
                                 "subject_name":"",
                                
                                 "content": [
                                    
                                     {
                                         "component_name": "section",
                                         "component_id": "LDOJC3XZSO7RERAQTDV6CYUZ5OA",
                                         "file_name": [ "section", "section_7H42UVS3MALULLR23NS63FN25Q"]
                                     }
                                 ]
                            }
                          }
                          
    